-- MySQL dump 10.13  Distrib 8.0.27, for Linux (x86_64)
--
-- Host: localhost    Database: bls
-- ------------------------------------------------------
-- Server version	8.0.27

/*!40101 SET @OLD_CHARACTER_SET_CLIENT=@@CHARACTER_SET_CLIENT */;
/*!40101 SET @OLD_CHARACTER_SET_RESULTS=@@CHARACTER_SET_RESULTS */;
/*!40101 SET @OLD_COLLATION_CONNECTION=@@COLLATION_CONNECTION */;
/*!50503 SET NAMES utf8mb4 */;
/*!40103 SET @OLD_TIME_ZONE=@@TIME_ZONE */;
/*!40103 SET TIME_ZONE='+00:00' */;
/*!40014 SET @OLD_UNIQUE_CHECKS=@@UNIQUE_CHECKS, UNIQUE_CHECKS=0 */;
/*!40014 SET @OLD_FOREIGN_KEY_CHECKS=@@FOREIGN_KEY_CHECKS, FOREIGN_KEY_CHECKS=0 */;
/*!40101 SET @OLD_SQL_MODE=@@SQL_MODE, SQL_MODE='NO_AUTO_VALUE_ON_ZERO' */;
/*!40111 SET @OLD_SQL_NOTES=@@SQL_NOTES, SQL_NOTES=0 */;

--
-- Table structure for table `biz_finance_record`
--

DROP TABLE IF EXISTS `biz_finance_record`;
/*!40101 SET @saved_cs_client     = @@character_set_client */;
/*!50503 SET character_set_client = utf8mb4 */;
CREATE TABLE `biz_finance_record` (
  `finance_id` varchar(32) NOT NULL COMMENT '财务记录ID',
  `tenant_id` varchar(32) NOT NULL COMMENT '租户ID',
  `record_no` varchar(64) NOT NULL COMMENT '财务单号',
  `record_type` varchar(30) NOT NULL COMMENT '类型：income收入 expense支出',
  `business_type` varchar(50) DEFAULT NULL COMMENT '业务类型',
  `related_no` varchar(64) DEFAULT NULL COMMENT '关联单号',
  `counterparty` varchar(120) DEFAULT NULL COMMENT '往来单位',
  `amount` decimal(14,2) NOT NULL COMMENT '金额',
  `tax_amount` decimal(14,2) DEFAULT '0.00' COMMENT '税额',
  `record_date` date NOT NULL COMMENT '记账日期',
  `payment_method` varchar(50) DEFAULT NULL COMMENT '收付款方式',
  `audit_status` varchar(30) DEFAULT 'pending' COMMENT '审核状态',
  `handler` varchar(50) DEFAULT NULL COMMENT '经办人',
  `remark` varchar(255) DEFAULT NULL,
  `created_by` varchar(32) DEFAULT NULL,
  `created_at` datetime DEFAULT CURRENT_TIMESTAMP,
  `updated_at` datetime DEFAULT CURRENT_TIMESTAMP ON UPDATE CURRENT_TIMESTAMP,
  `deleted` tinyint DEFAULT '0',
  PRIMARY KEY (`finance_id`),
  UNIQUE KEY `uk_finance_tenant_no` (`tenant_id`,`record_no`),
  KEY `idx_finance_tenant_type` (`tenant_id`,`record_type`),
  KEY `idx_finance_tenant_date` (`tenant_id`,`record_date`),
  KEY `idx_finance_counterparty` (`tenant_id`,`counterparty`)
) ENGINE=InnoDB DEFAULT CHARSET=utf8mb4 COLLATE=utf8mb4_0900_ai_ci COMMENT='财务管理表';
/*!40101 SET character_set_client = @saved_cs_client */;

--
-- Dumping data for table `biz_finance_record`
--

LOCK TABLES `biz_finance_record` WRITE;
/*!40000 ALTER TABLE `biz_finance_record` DISABLE KEYS */;
INSERT INTO `biz_finance_record` VALUES ('FIN0001','328373289850376192','FIN20260501001','income','销售收款','SO20260501001','苏州恒远智能装备有限公司',76800.00,8846.02,'2026-05-02','银行转账','approved','宋佳','订单首付款50%','U0001','2026-06-17 07:50:41','2026-06-25 03:23:13',0),('FIN0002','000000328373289850376192','FIN20260503002','expense','原材料采购','PO20260503001','深圳华芯电子有限公司',42600.00,4902.65,'2026-05-03','银行转账','approved','许静','采购MCU与通讯芯片','U0002','2026-06-17 07:50:41','2026-06-25 03:23:14',0),('FIN0003','000000328373289850376192','FIN20260505003','expense','外协加工','OUT20260505001','昆山精密机械加工厂',18500.00,2128.32,'2026-05-05','银行转账','approved','宋佳','铝合金外壳CNC加工费','U0002','2026-06-17 07:50:41','2026-06-25 03:23:15',0),('FIN0004','328373289850376192','FIN20260506004','income','销售收款','SO20260506004','上海联川机电工程有限公司',70800.00,8145.13,'2026-05-06','银行转账','approved','许静','订单全款到账','U0003','2026-06-17 07:50:41','2026-06-25 03:23:18',0),('FIN0005','328373289850376192','FIN20260508005','expense','设备维护','MT20260508001','苏州博瑞设备服务有限公司',9600.00,1104.42,'2026-05-08','银行转账','approved','宋佳','SMT贴片机年度保养','U0003','2026-06-17 07:50:41','2026-06-25 03:23:18',0),('FIN0006','328373289850376192','FIN20260510006','expense','辅料采购','PO20260510002','无锡佳成包装材料有限公司',7800.00,897.35,'2026-05-10','银行转账','approved','许静','出口纸箱与防静电袋采购','U0004','2026-06-17 07:50:41','2026-06-25 03:23:18',0),('FIN0007','328373289850376192','FIN20260512007','income','销售收款','SO20260512007','南京智控系统集成有限公司',46400.00,5338.05,'2026-05-12','银行转账','approved','宋佳','订单预付款50%','U0004','2026-06-17 07:50:41','2026-06-25 03:23:18',0),('FIN0008','328373289850376192','FIN20260514008','income','销售收款','SO20260514008','常州华科机器人有限公司',81900.00,9426.55,'2026-05-14','银行承兑','approved','许静','边缘计算盒项目款','U0005','2026-06-17 07:50:41','2026-06-25 03:23:18',0),('FIN0009','328373289850376192','FIN20260516009','expense','物流费用','LG20260516001','顺丰供应链管理有限公司',5300.00,610.62,'2026-05-16','银行转账','approved','宋佳','华东区域成品发运费用','U0005','2026-06-17 07:50:41','2026-06-25 03:23:18',0),('FIN0010','328373289850376192','FIN20260518010','income','销售收款','SO20260518010','绍兴远景纺织机械有限公司',100800.00,11603.54,'2026-05-18','银行转账','approved','许静','订单全款到账','U0006','2026-06-17 07:50:41','2026-06-25 03:23:18',0),('FIN0011','328373289850376192','FIN20260520011','expense','工资发放','PAY20260520001','生产一部员工薪资',186000.00,0.00,'2026-05-20','银行代发','approved','宋佳','5月生产部门工资','U0006','2026-06-17 07:50:41','2026-06-25 03:23:18',0),('FIN0012','328373289850376192','FIN20260522012','expense','厂房租金','RENT20260522001','苏州工业园区资产管理有限公司',52000.00,0.00,'2026-05-22','银行转账','approved','许静','5月厂房租金','U0007','2026-06-17 07:50:41','2026-06-25 03:23:18',0),('FIN0013','328373289850376192','FIN20260524013','expense','水电能源','ENE20260524001','国网苏州供电公司',36800.00,4233.63,'2026-05-24','银行转账','approved','宋佳','5月车间电费','U0007','2026-06-17 07:50:41','2026-06-25 03:23:19',0),('FIN0014','328373289850376192','FIN20260526014','income','销售收款','SO20260526014','武汉盛达工业技术有限公司',38740.00,4459.47,'2026-05-26','银行转账','approved','许静','视觉相机项目预付款','U0008','2026-06-17 07:50:41','2026-06-25 03:23:19',0),('FIN0015','328373289850376192','FIN20260528015','income','销售收款','SO20260528015','郑州中原装备制造有限公司',71640.00,8243.72,'2026-05-28','银行转账','approved','宋佳','订单全款到账','U0008','2026-06-17 07:50:41','2026-06-25 03:23:19',0),('FIN0016','328373289850376192','FIN20260530016','expense','研发支出','RD20260530001','上海智芯软件技术有限公司',28000.00,3221.24,'2026-05-30','银行转账','pending','许静','边缘计算固件开发服务费','U0009','2026-06-17 07:50:41','2026-06-25 03:23:19',0),('FIN0017','328373289850376192','FIN20260601017','income','销售收款','SO20260601017','深圳云控科技有限公司',44220.00,5089.03,'2026-06-01','银行转账','approved','宋佳','战略客户预付款30%','U0009','2026-06-17 07:50:41','2026-06-25 03:23:19',0),('FIN0018','328373289850376192','FIN20260603018','expense','检测认证','QC20260603001','上海赛宝检测技术有限公司',15200.00,1749.56,'2026-06-03','银行转账','approved','许静','工业相机EMC测试费用','U0010','2026-06-17 07:50:41','2026-06-25 03:23:19',0),('FIN0019','328373289850376192','FIN20260605019','income','销售收款','SO20260605019','佛山精联陶瓷设备有限公司',79000.00,9097.35,'2026-06-05','银行转账','approved','宋佳','新产品试点订单首款','U0010','2026-06-17 07:50:41','2026-06-25 03:23:19',0),('FIN0020','328373289850376192','FIN20260607020','expense','办公费用','OFF20260607001','京东企业购',8600.00,990.27,'2026-06-07','企业网银','approved','许静','办公电脑与耗材采购','U0010','2026-06-17 07:50:41','2026-06-25 03:23:19',0);
/*!40000 ALTER TABLE `biz_finance_record` ENABLE KEYS */;
UNLOCK TABLES;

--
-- Table structure for table `biz_inventory`
--

DROP TABLE IF EXISTS `biz_inventory`;
/*!40101 SET @saved_cs_client     = @@character_set_client */;
/*!50503 SET character_set_client = utf8mb4 */;
CREATE TABLE `biz_inventory` (
  `inventory_id` varchar(32) NOT NULL COMMENT '库存ID',
  `tenant_id` varchar(32) NOT NULL COMMENT '租户ID',
  `warehouse_code` varchar(64) NOT NULL COMMENT '仓库编码',
  `warehouse_name` varchar(100) NOT NULL COMMENT '仓库名称',
  `location_code` varchar(64) DEFAULT NULL COMMENT '库位编码',
  `product_code` varchar(64) NOT NULL COMMENT '产品编码',
  `product_name` varchar(120) NOT NULL COMMENT '产品名称',
  `batch_no` varchar(64) DEFAULT NULL COMMENT '批次号',
  `available_qty` int DEFAULT '0' COMMENT '可用库存',
  `locked_qty` int DEFAULT '0' COMMENT '锁定库存',
  `in_transit_qty` int DEFAULT '0' COMMENT '在途库存',
  `safety_stock` int DEFAULT '0' COMMENT '安全库存',
  `inventory_status` varchar(30) DEFAULT 'normal' COMMENT '库存状态：normal正常 low_stock低库存 overstock积压',
  `last_inbound_date` date DEFAULT NULL COMMENT '最近入库日期',
  `last_outbound_date` date DEFAULT NULL COMMENT '最近出库日期',
  `remark` varchar(255) DEFAULT NULL,
  `created_by` varchar(32) DEFAULT NULL,
  `created_at` datetime DEFAULT CURRENT_TIMESTAMP,
  `updated_at` datetime DEFAULT CURRENT_TIMESTAMP ON UPDATE CURRENT_TIMESTAMP,
  `deleted` tinyint DEFAULT '0',
  PRIMARY KEY (`inventory_id`),
  KEY `idx_inventory_tenant_product` (`tenant_id`,`product_code`),
  KEY `idx_inventory_warehouse` (`tenant_id`,`warehouse_code`),
  KEY `idx_inventory_status` (`tenant_id`,`inventory_status`)
) ENGINE=InnoDB DEFAULT CHARSET=utf8mb4 COLLATE=utf8mb4_0900_ai_ci COMMENT='库存管理表';
/*!40101 SET character_set_client = @saved_cs_client */;

--
-- Dumping data for table `biz_inventory`
--

LOCK TABLES `biz_inventory` WRITE;
/*!40000 ALTER TABLE `biz_inventory` DISABLE KEYS */;
INSERT INTO `biz_inventory` VALUES ('INV0001','328373289850376192','WH-FG-01','成品仓一库','A01-01','PRD-GW-1001','工业物联网网关','B20260501',420,80,120,300,'normal','2026-06-01','2026-06-08','常规库存充足','U0001','2026-06-17 07:50:41','2026-06-25 03:23:23',0),('INV0002','328373289850376192','WH-FG-01','成品仓一库','A01-02','PRD-GW-1002','工业物联网网关 Pro','B20260503',168,70,60,200,'low_stock','2026-06-02','2026-06-07','5G版本库存偏紧','U0001','2026-06-17 07:50:41','2026-06-25 03:23:23',0),('INV0003','328373289850376192','WH-FG-01','成品仓一库','A02-01','PRD-PLC-2100','小型PLC控制器','B20260505',286,60,100,250,'normal','2026-06-03','2026-06-09','计划补货中','U0002','2026-06-17 07:50:41','2026-06-25 03:23:23',0),('INV0004','328373289850376192','WH-FG-01','成品仓一库','A02-02','PRD-PLC-2200','高性能PLC控制器','B20260507',132,48,80,180,'low_stock','2026-06-04','2026-06-10','订单占用较多','U0002','2026-06-17 07:50:41','2026-06-25 03:23:23',0),('INV0005','328373289850376192','WH-FG-02','成品仓二库','B01-01','PRD-SEN-3101','温湿度采集传感器','B20260509',1180,220,300,800,'normal','2026-06-05','2026-06-09','传感器批量库存稳定','U0003','2026-06-17 07:50:41','2026-06-25 03:23:23',0),('INV0006','328373289850376192','WH-FG-02','成品仓二库','B01-02','PRD-SEN-3201','振动监测传感器','B20260511',460,180,240,500,'low_stock','2026-06-06','2026-06-10','近期售后增购较多','U0003','2026-06-17 07:50:41','2026-06-25 03:23:23',0),('INV0007','328373289850376192','WH-FG-02','成品仓二库','B02-01','PRD-PWR-4101','24V工业电源模块','B20260513',820,160,200,600,'normal','2026-06-03','2026-06-07','标准电源库存充足','U0004','2026-06-17 07:50:41','2026-06-25 03:23:23',0),('INV0008','328373289850376192','WH-FG-02','成品仓二库','B02-02','PRD-PWR-4201','48V工业电源模块','B20260515',390,110,150,450,'low_stock','2026-06-05','2026-06-08','项目急单消耗较快','U0004','2026-06-17 07:50:41','2026-06-25 03:23:24',0),('INV0009','328373289850376192','WH-FG-03','成品仓三库','C01-01','PRD-HMI-5101','7寸工业触摸屏','B20260517',205,45,60,180,'normal','2026-06-02','2026-06-06','常规库存','U0005','2026-06-17 07:50:41','2026-06-25 03:23:24',0),('INV0010','328373289850376192','WH-FG-03','成品仓三库','C01-02','PRD-HMI-5201','10寸工业触摸屏','B20260519',96,36,50,120,'low_stock','2026-06-04','2026-06-09','大屏型号需补货','U0005','2026-06-17 07:50:41','2026-06-25 03:23:24',0),('INV0011','328373289850376192','WH-FG-03','成品仓三库','C02-01','PRD-BOX-6101','边缘计算盒','B20260521',88,42,60,100,'low_stock','2026-06-05','2026-06-10','战略客户订单占用','U0006','2026-06-17 07:50:41','2026-06-25 03:23:24',0),('INV0012','328373289850376192','WH-FG-03','成品仓三库','C02-02','PRD-BOX-6201','高性能边缘计算盒','B20260523',52,30,40,80,'low_stock','2026-06-06','2026-06-11','高性能版本库存紧张','U0006','2026-06-17 07:50:41','2026-06-25 03:23:24',0),('INV0013','328373289850376192','WH-CAB-01','控制柜仓','D01-01','PRD-CAB-7101','标准控制柜','B20260525',76,18,20,60,'normal','2026-06-01','2026-06-05','柜体库存正常','U0007','2026-06-17 07:50:41','2026-06-25 03:23:24',0),('INV0014','328373289850376192','WH-CAB-01','控制柜仓','D01-02','PRD-CAB-7201','防尘控制柜','B20260527',42,15,18,50,'low_stock','2026-06-03','2026-06-07','防尘柜订单待排产','U0007','2026-06-17 07:50:41','2026-06-25 03:23:24',0),('INV0015','328373289850376192','WH-FG-04','成品仓四库','E01-01','PRD-MOD-8101','IO扩展模块','B20260529',620,180,220,500,'normal','2026-06-05','2026-06-12','常用扩展模块库存正常','U0008','2026-06-17 07:50:41','2026-06-25 03:23:24',0),('INV0016','328373289850376192','WH-FG-04','成品仓四库','E01-02','PRD-MOD-8201','模拟量采集模块','B20260601',330,120,160,360,'low_stock','2026-06-06','2026-06-12','模拟量模块需追加生产','U0008','2026-06-17 07:50:41','2026-06-25 03:23:24',0),('INV0017','328373289850376192','WH-VIS-01','视觉产品仓','F01-01','PRD-CAM-9101','工业视觉相机','B20260603',84,26,30,90,'low_stock','2026-06-07','2026-06-12','配套订单增加','U0009','2026-06-17 07:50:41','2026-06-25 03:23:24',0),('INV0018','328373289850376192','WH-VIS-01','视觉产品仓','F01-02','PRD-CAM-9201','高速工业视觉相机','B20260605',48,18,25,60,'low_stock','2026-06-08','2026-06-13','高速相机安全库存不足','U0009','2026-06-17 07:50:41','2026-06-25 03:23:24',0),('INV0019','328373289850376192','WH-TRIAL-01','试产成品仓','T01-01','PRD-NEW-9901','智能能耗采集终端','B20260607',160,50,80,100,'normal','2026-06-09','2026-06-13','试点订单备货中','U0010','2026-06-17 07:50:41','2026-06-25 03:23:25',0),('INV0020','328373289850376192','WH-TRIAL-01','试产成品仓','T01-02','PRD-NEW-9902','无线状态监测终端','B20260609',110,40,70,120,'low_stock','2026-06-10','2026-06-13','试产批次库存偏低','U0010','2026-06-17 07:50:41','2026-06-25 03:23:25',0);
/*!40000 ALTER TABLE `biz_inventory` ENABLE KEYS */;
UNLOCK TABLES;

--
-- Table structure for table `biz_order`
--

DROP TABLE IF EXISTS `biz_order`;
/*!40101 SET @saved_cs_client     = @@character_set_client */;
/*!50503 SET character_set_client = utf8mb4 */;
CREATE TABLE `biz_order` (
  `order_id` varchar(32) NOT NULL COMMENT '订单ID',
  `tenant_id` varchar(32) NOT NULL COMMENT '租户ID',
  `order_no` varchar(64) NOT NULL COMMENT '订单编号',
  `customer_name` varchar(120) NOT NULL COMMENT '客户名称',
  `customer_contact` varchar(50) DEFAULT NULL COMMENT '客户联系人',
  `customer_phone` varchar(30) DEFAULT NULL COMMENT '联系电话',
  `order_source` varchar(50) DEFAULT NULL COMMENT '订单来源',
  `order_date` date NOT NULL COMMENT '下单日期',
  `delivery_date` date DEFAULT NULL COMMENT '预计交付日期',
  `product_code` varchar(64) DEFAULT NULL COMMENT '产品编码',
  `product_name` varchar(120) DEFAULT NULL COMMENT '产品名称',
  `order_quantity` int DEFAULT '0' COMMENT '订购数量',
  `unit_price` decimal(12,2) DEFAULT '0.00' COMMENT '单价',
  `total_amount` decimal(14,2) DEFAULT '0.00' COMMENT '订单金额',
  `order_status` varchar(30) DEFAULT 'pending' COMMENT '状态：pending待确认 production生产中 delivered已交付 cancelled已取消',
  `payment_status` varchar(30) DEFAULT 'unpaid' COMMENT '付款状态：unpaid未付款 partial部分付款 paid已付款',
  `sales_owner` varchar(50) DEFAULT NULL COMMENT '销售负责人',
  `remark` varchar(255) DEFAULT NULL,
  `created_by` varchar(32) DEFAULT NULL,
  `created_at` datetime DEFAULT CURRENT_TIMESTAMP,
  `updated_at` datetime DEFAULT CURRENT_TIMESTAMP ON UPDATE CURRENT_TIMESTAMP,
  `deleted` tinyint DEFAULT '0',
  PRIMARY KEY (`order_id`),
  UNIQUE KEY `uk_order_tenant_no` (`tenant_id`,`order_no`),
  KEY `idx_order_tenant_status` (`tenant_id`,`order_status`),
  KEY `idx_order_customer` (`tenant_id`,`customer_name`),
  KEY `idx_order_product` (`tenant_id`,`product_code`)
) ENGINE=InnoDB DEFAULT CHARSET=utf8mb4 COLLATE=utf8mb4_0900_ai_ci COMMENT='订单管理表';
/*!40101 SET character_set_client = @saved_cs_client */;

--
-- Dumping data for table `biz_order`
--

LOCK TABLES `biz_order` WRITE;
/*!40000 ALTER TABLE `biz_order` DISABLE KEYS */;
INSERT INTO `biz_order` VALUES ('ORD0001','328373289850376192','SO20260501001','苏州恒远智能装备有限公司','钱经理','138****5621','老客户复购','2026-05-01','2026-05-18','PRD-GW-1001','工业物联网网关',120,1280.00,153600.00,'production','partial','林晓峰','客户要求分两批发货','U0001','2026-06-17 07:50:41','2026-06-25 03:23:27',0),('ORD0002','328373289850376192','SO20260503002','杭州科立自动化科技有限公司','沈工','139****7712','官网询盘','2026-05-03','2026-05-22','PRD-PLC-2200','高性能PLC控制器',80,1460.00,116800.00,'production','unpaid','陈嘉伟','需配合客户现场调试时间','U0001','2026-06-17 07:50:41','2026-06-25 03:23:27',0),('ORD0003','328373289850376192','SO20260505003','宁波东海精密制造有限公司','周总','137****9045','渠道转介绍','2026-05-05','2026-05-25','PRD-HMI-5101','7寸工业触摸屏',60,1360.00,81600.00,'pending','unpaid','王诗雨','合同流程审批中','U0002','2026-06-17 07:50:41','2026-06-25 03:23:27',0),('ORD0004','328373289850376192','SO20260506004','上海联川机电工程有限公司','赵经理','136****3348','展会线索','2026-05-06','2026-05-27','PRD-PWR-4101','24V工业电源模块',300,236.00,70800.00,'production','paid','林晓峰','已收全款，优先排产','U0002','2026-06-17 07:50:41','2026-06-25 03:23:27',0),('ORD0005','328373289850376192','SO20260508005','嘉兴锐拓包装机械有限公司','马工','135****8810','老客户复购','2026-05-08','2026-05-30','PRD-SEN-3101','温湿度采集传感器',500,168.00,84000.00,'production','partial','陈嘉伟','用于客户新建车间环境监测','U0003','2026-06-17 07:50:41','2026-06-25 03:23:27',0),('ORD0006','328373289850376192','SO20260510006','无锡新能电气股份有限公司','刘经理','138****0198','招投标项目','2026-05-10','2026-06-05','PRD-CAB-7101','标准控制柜',28,3280.00,91840.00,'pending','unpaid','王诗雨','等待技术协议确认','U0003','2026-06-17 07:50:41','2026-06-25 03:23:27',0),('ORD0007','328373289850376192','SO20260512007','南京智控系统集成有限公司','严工','139****6420','渠道订单','2026-05-12','2026-06-01','PRD-MOD-8201','模拟量采集模块',160,580.00,92800.00,'production','partial','林晓峰','需随货提供测试报告','U0004','2026-06-17 07:50:41','2026-06-25 03:23:27',0),('ORD0008','328373289850376192','SO20260514008','常州华科机器人有限公司','高经理','137****1156','战略客户','2026-05-14','2026-06-08','PRD-BOX-6201','高性能边缘计算盒',35,4680.00,163800.00,'production','partial','陈嘉伟','客户用于视觉检测工位','U0004','2026-06-17 07:50:41','2026-06-25 03:23:27',0),('ORD0009','328373289850376192','SO20260516009','合肥云工工业互联网有限公司','宋经理','136****2280','官网询盘','2026-05-16','2026-06-10','PRD-GW-1002','工业物联网网关 Pro',70,1980.00,138600.00,'pending','unpaid','王诗雨','需确认5G模块版本','U0005','2026-06-17 07:50:41','2026-06-25 03:23:28',0),('ORD0010','328373289850376192','SO20260518010','绍兴远景纺织机械有限公司','俞工','135****4309','售后增购','2026-05-18','2026-06-06','PRD-SEN-3201','振动监测传感器',240,420.00,100800.00,'production','paid','林晓峰','设备状态监测项目补货','U0005','2026-06-17 07:50:41','2026-06-25 03:23:28',0),('ORD0011','328373289850376192','SO20260520011','青岛瑞辰智能制造有限公司','郑经理','138****7642','代理商订单','2026-05-20','2026-06-15','PRD-HMI-5201','10寸工业触摸屏',42,2180.00,91560.00,'pending','unpaid','陈嘉伟','代理商要求统一包装','U0006','2026-06-17 07:50:41','2026-06-25 03:23:28',0),('ORD0012','328373289850376192','SO20260522012','天津博远自动化设备有限公司','韩工','139****5567','老客户复购','2026-05-22','2026-06-18','PRD-PLC-2100','小型PLC控制器',120,860.00,103200.00,'production','partial','王诗雨','客户要求固件版本锁定','U0006','2026-06-17 07:50:41','2026-06-25 03:23:28',0),('ORD0013','328373289850376192','SO20260524013','重庆川仪智能装备有限公司','何经理','137****6921','项目订单','2026-05-24','2026-06-22','PRD-CAB-7201','防尘控制柜',18,4360.00,78480.00,'pending','unpaid','林晓峰','需确认柜体开孔图','U0007','2026-06-17 07:50:41','2026-06-25 03:23:28',0),('ORD0014','328373289850376192','SO20260526014','武汉盛达工业技术有限公司','郭经理','136****9002','展会线索','2026-05-26','2026-06-20','PRD-CAM-9101','工业视觉相机',26,2980.00,77480.00,'production','partial','陈嘉伟','与边缘计算盒配套交付','U0007','2026-06-17 07:50:41','2026-06-25 03:23:28',0),('ORD0015','328373289850376192','SO20260528015','郑州中原装备制造有限公司','杜工','135****2189','渠道订单','2026-05-28','2026-06-25','PRD-PWR-4201','48V工业电源模块',180,398.00,71640.00,'production','paid','王诗雨','项目现场急需备货','U0008','2026-06-17 07:50:41','2026-06-25 03:23:28',0),('ORD0016','328373289850376192','SO20260530016','东莞宏泰电子科技有限公司','梁经理','138****3457','老客户复购','2026-05-30','2026-06-28','PRD-MOD-8101','IO扩展模块',260,318.00,82680.00,'production','partial','林晓峰','分批交付，首批100个','U0008','2026-06-17 07:50:41','2026-06-25 03:23:28',0),('ORD0017','328373289850376192','SO20260601017','深圳云控科技有限公司','罗总','139****1023','战略客户','2026-06-01','2026-07-01','PRD-BOX-6101','边缘计算盒',55,2680.00,147400.00,'pending','unpaid','陈嘉伟','需要定制镜像系统','U0009','2026-06-17 07:50:41','2026-06-25 03:23:28',0),('ORD0018','328373289850376192','SO20260603018','厦门海沧机电有限公司','黄工','137****7830','官网询盘','2026-06-03','2026-06-30','PRD-CAM-9201','高速工业视觉相机',16,5260.00,84160.00,'pending','unpaid','王诗雨','客户等待样机测试结果','U0009','2026-06-17 07:50:41','2026-06-25 03:23:28',0),('ORD0019','328373289850376192','SO20260605019','佛山精联陶瓷设备有限公司','潘经理','136****4590','售后增购','2026-06-05','2026-07-03','PRD-NEW-9901','智能能耗采集终端',100,1580.00,158000.00,'production','partial','林晓峰','新产品试点订单','U0010','2026-06-17 07:50:41','2026-06-25 03:23:28',0),('ORD0020','328373289850376192','SO20260607020','成都川西自动化工程有限公司','谢工','135****6788','招投标项目','2026-06-07','2026-07-08','PRD-NEW-9902','无线状态监测终端',90,1260.00,113400.00,'pending','unpaid','陈嘉伟','等待客户技术评审','U0010','2026-06-17 07:50:41','2026-06-25 03:23:28',0);
/*!40000 ALTER TABLE `biz_order` ENABLE KEYS */;
UNLOCK TABLES;

--
-- Table structure for table `biz_product`
--

DROP TABLE IF EXISTS `biz_product`;
/*!40101 SET @saved_cs_client     = @@character_set_client */;
/*!50503 SET character_set_client = utf8mb4 */;
CREATE TABLE `biz_product` (
  `product_id` varchar(32) NOT NULL COMMENT '产品ID',
  `tenant_id` varchar(32) NOT NULL COMMENT '租户ID',
  `product_code` varchar(64) NOT NULL COMMENT '产品编码',
  `product_name` varchar(120) NOT NULL COMMENT '产品名称',
  `product_model` varchar(100) DEFAULT NULL COMMENT '规格型号',
  `category_name` varchar(80) DEFAULT NULL COMMENT '产品分类',
  `unit` varchar(20) DEFAULT '台' COMMENT '单位',
  `standard_price` decimal(12,2) DEFAULT '0.00' COMMENT '标准售价',
  `cost_price` decimal(12,2) DEFAULT '0.00' COMMENT '成本价',
  `safety_stock` int DEFAULT '0' COMMENT '安全库存',
  `product_status` varchar(20) DEFAULT 'active' COMMENT '状态：active启用 inactive停用 trial试产',
  `remark` varchar(255) DEFAULT NULL,
  `created_by` varchar(32) DEFAULT NULL,
  `created_at` datetime DEFAULT CURRENT_TIMESTAMP,
  `updated_at` datetime DEFAULT CURRENT_TIMESTAMP ON UPDATE CURRENT_TIMESTAMP,
  `deleted` tinyint DEFAULT '0',
  PRIMARY KEY (`product_id`),
  UNIQUE KEY `uk_product_tenant_code` (`tenant_id`,`product_code`),
  KEY `idx_product_tenant_category` (`tenant_id`,`category_name`),
  KEY `idx_product_tenant_status` (`tenant_id`,`product_status`)
) ENGINE=InnoDB DEFAULT CHARSET=utf8mb4 COLLATE=utf8mb4_0900_ai_ci COMMENT='产品管理表';
/*!40101 SET character_set_client = @saved_cs_client */;

--
-- Dumping data for table `biz_product`
--

LOCK TABLES `biz_product` WRITE;
/*!40000 ALTER TABLE `biz_product` DISABLE KEYS */;
INSERT INTO `biz_product` VALUES ('PRD0001','328373289850376192','PRD-GW-1001','工业物联网网关','GW-1001-4G','工业网关','台',1280.00,760.00,300,'active','支持4G联网和Modbus协议','U0001','2026-06-17 07:50:41','2026-06-25 03:23:31',0),('PRD0002','328373289850376192','PRD-GW-1002','工业物联网网关 Pro','GW-1002-5G','工业网关','台',1980.00,1160.00,200,'active','支持5G、以太网和边缘计算','U0001','2026-06-17 07:50:41','2026-06-25 03:23:31',0),('PRD0003','328373289850376192','PRD-PLC-2100','小型PLC控制器','PLC-2100-16DI','控制器','台',860.00,510.00,250,'active','适用于中小型自动化设备','U0002','2026-06-17 07:50:41','2026-06-25 03:23:31',0),('PRD0004','328373289850376192','PRD-PLC-2200','高性能PLC控制器','PLC-2200-32DI','控制器','台',1460.00,890.00,180,'active','支持高速脉冲与扩展IO','U0002','2026-06-17 07:50:41','2026-06-25 03:23:31',0),('PRD0005','328373289850376192','PRD-SEN-3101','温湿度采集传感器','SEN-3101-RS485','传感器','只',168.00,82.00,800,'active','车间环境监测常用型号','U0003','2026-06-17 07:50:41','2026-06-25 03:23:31',0),('PRD0006','328373289850376192','PRD-SEN-3201','振动监测传感器','SEN-3201-MEMS','传感器','只',420.00,238.00,500,'active','用于设备预测性维护','U0003','2026-06-17 07:50:41','2026-06-25 03:23:31',0),('PRD0007','328373289850376192','PRD-PWR-4101','24V工业电源模块','PWR-4101-120W','电源模块','个',236.00,132.00,600,'active','标准导轨安装电源','U0004','2026-06-17 07:50:41','2026-06-25 03:23:31',0),('PRD0008','328373289850376192','PRD-PWR-4201','48V工业电源模块','PWR-4201-240W','电源模块','个',398.00,225.00,450,'active','适用于大功率控制柜','U0004','2026-06-17 07:50:41','2026-06-25 03:23:31',0),('PRD0009','328373289850376192','PRD-HMI-5101','7寸工业触摸屏','HMI-5101-7IN','人机界面','台',1360.00,820.00,180,'active','常规触控屏型号','U0005','2026-06-17 07:50:41','2026-06-25 03:23:31',0),('PRD0010','328373289850376192','PRD-HMI-5201','10寸工业触摸屏','HMI-5201-10IN','人机界面','台',2180.00,1320.00,120,'active','支持高清显示与远程维护','U0005','2026-06-17 07:50:41','2026-06-25 03:23:31',0),('PRD0011','328373289850376192','PRD-BOX-6101','边缘计算盒','BOX-6101-J1900','边缘计算设备','台',2680.00,1620.00,100,'active','适用于产线边缘采集与分析','U0006','2026-06-17 07:50:41','2026-06-25 03:23:31',0),('PRD0012','328373289850376192','PRD-BOX-6201','高性能边缘计算盒','BOX-6201-I5','边缘计算设备','台',4680.00,2860.00,80,'active','支持视觉检测与AI推理','U0006','2026-06-17 07:50:41','2026-06-25 03:23:32',0),('PRD0013','328373289850376192','PRD-CAB-7101','标准控制柜','CAB-7101-800MM','控制柜','套',3280.00,2100.00,60,'active','常规设备配套控制柜','U0007','2026-06-17 07:50:41','2026-06-25 03:23:32',0),('PRD0014','328373289850376192','PRD-CAB-7201','防尘控制柜','CAB-7201-IP54','控制柜','套',4360.00,2860.00,50,'active','适用于粉尘较多环境','U0007','2026-06-17 07:50:41','2026-06-25 03:23:32',0),('PRD0015','328373289850376192','PRD-MOD-8101','IO扩展模块','MOD-8101-16DO','扩展模块','个',318.00,176.00,500,'active','用于PLC扩展输出点位','U0008','2026-06-17 07:50:41','2026-06-25 03:23:32',0),('PRD0016','328373289850376192','PRD-MOD-8201','模拟量采集模块','MOD-8201-8AI','扩展模块','个',580.00,335.00,360,'active','支持电流电压模拟量采集','U0008','2026-06-17 07:50:41','2026-06-25 03:23:32',0),('PRD0017','328373289850376192','PRD-CAM-9101','工业视觉相机','CAM-9101-2MP','视觉检测','台',2980.00,1860.00,90,'active','适用于二维码识别与缺陷检测','U0009','2026-06-17 07:50:41','2026-06-25 03:23:32',0),('PRD0018','328373289850376192','PRD-CAM-9201','高速工业视觉相机','CAM-9201-5MP','视觉检测','台',5260.00,3280.00,60,'active','适用于高速产线检测','U0009','2026-06-17 07:50:41','2026-06-25 03:23:32',0),('PRD0019','328373289850376192','PRD-NEW-9901','智能能耗采集终端','NEW-9901-TRIAL','能耗终端','台',1580.00,980.00,100,'trial','新产品试产阶段','U0010','2026-06-17 07:50:41','2026-06-25 03:23:32',0),('PRD0020','328373289850376192','PRD-NEW-9902','无线状态监测终端','NEW-9902-TRIAL','状态监测终端','台',1260.00,780.00,120,'trial','无线版本小批量验证中','U0010','2026-06-17 07:50:41','2026-06-25 03:23:32',0);
/*!40000 ALTER TABLE `biz_product` ENABLE KEYS */;
UNLOCK TABLES;

--
-- Table structure for table `biz_production_line`
--

DROP TABLE IF EXISTS `biz_production_line`;
/*!40101 SET @saved_cs_client     = @@character_set_client */;
/*!50503 SET character_set_client = utf8mb4 */;
CREATE TABLE `biz_production_line` (
  `line_id` varchar(32) NOT NULL COMMENT '流水线ID',
  `tenant_id` varchar(32) NOT NULL COMMENT '租户ID',
  `line_code` varchar(64) NOT NULL COMMENT '流水线编码',
  `line_name` varchar(100) NOT NULL COMMENT '流水线名称',
  `workshop_name` varchar(100) NOT NULL COMMENT '所属车间',
  `line_type` varchar(50) DEFAULT NULL COMMENT '产线类型',
  `main_product` varchar(100) DEFAULT NULL COMMENT '主要生产产品',
  `line_manager` varchar(50) DEFAULT NULL COMMENT '产线负责人',
  `shift_type` varchar(50) DEFAULT NULL COMMENT '班次类型',
  `daily_capacity` int DEFAULT '0' COMMENT '设计日产能',
  `current_capacity` int DEFAULT '0' COMMENT '当前日产量',
  `equipment_count` int DEFAULT '0' COMMENT '设备数量',
  `worker_count` int DEFAULT '0' COMMENT '作业人数',
  `yield_rate` decimal(5,2) DEFAULT '0.00' COMMENT '良品率',
  `utilization_rate` decimal(5,2) DEFAULT '0.00' COMMENT '稼动率',
  `status` varchar(20) DEFAULT 'running' COMMENT '状态：running运行中 maintenance维护中 stopped停线 idle空闲',
  `remark` varchar(255) DEFAULT NULL COMMENT '备注',
  `created_by` varchar(32) DEFAULT NULL,
  `created_at` datetime DEFAULT CURRENT_TIMESTAMP,
  `updated_at` datetime DEFAULT CURRENT_TIMESTAMP ON UPDATE CURRENT_TIMESTAMP,
  `deleted` tinyint DEFAULT '0',
  PRIMARY KEY (`line_id`),
  UNIQUE KEY `uk_line_tenant_code` (`tenant_id`,`line_code`),
  KEY `idx_line_tenant_status` (`tenant_id`,`status`),
  KEY `idx_line_workshop` (`tenant_id`,`workshop_name`)
) ENGINE=InnoDB DEFAULT CHARSET=utf8mb4 COLLATE=utf8mb4_0900_ai_ci COMMENT='生产流水线管理表';
/*!40101 SET character_set_client = @saved_cs_client */;

--
-- Dumping data for table `biz_production_line`
--

LOCK TABLES `biz_production_line` WRITE;
/*!40000 ALTER TABLE `biz_production_line` DISABLE KEYS */;
INSERT INTO `biz_production_line` VALUES ('PL0001','328373289850376192','LINE-SMT-01','SMT贴片一线','电子装配一车间','SMT贴片线','智能控制主板','王建国','两班倒',12000,10860,18,26,98.72,91.35,'running','主要承接控制板批量贴装任务','U0001','2026-06-17 07:50:40','2026-06-25 03:23:34',0),('PL0002','328373289850376192','LINE-SMT-02','SMT贴片二线','电子装配一车间','SMT贴片线','传感器采集板','李志强','两班倒',10000,9230,16,24,98.41,88.60,'running','近期订单稳定，夜班产能略有波动','U0001','2026-06-17 07:50:40','2026-06-25 03:23:34',0),('PL0003','328373289850376192','LINE-DIP-01','DIP插件一线','电子装配二车间','插件焊接线','电源控制模块','赵海峰','两班倒',6500,5980,12,32,97.85,86.42,'running','插件岗位人员已满编','U0002','2026-06-17 07:50:40','2026-06-25 03:23:34',0),('PL0004','328373289850376192','LINE-DIP-02','DIP插件二线','电子装配二车间','插件焊接线','通讯扩展模块','陈晓东','白班',5200,4360,10,25,97.12,80.26,'running','部分工位需补充治具','U0002','2026-06-17 07:50:40','2026-06-25 03:23:35',0),('PL0005','328373289850376192','LINE-ASSY-01','整机装配一线','总装一车间','整机装配线','工业数据采集终端','刘春明','两班倒',1800,1650,22,45,99.10,92.18,'running','核心交付产线，优先保障物料','U0003','2026-06-17 07:50:40','2026-06-25 03:23:35',0),('PL0006','328373289850376192','LINE-ASSY-02','整机装配二线','总装一车间','整机装配线','智能网关设备','孙立军','两班倒',1600,1425,20,41,98.96,89.54,'running','本周切换新工艺版本','U0003','2026-06-17 07:50:40','2026-06-25 03:23:35',0),('PL0007','328373289850376192','LINE-TEST-01','功能测试一线','测试中心','功能测试线','工业网关成品测试','周永亮','两班倒',2200,2045,28,30,99.42,93.70,'running','自动测试工装运行正常','U0004','2026-06-17 07:50:40','2026-06-25 03:23:35',0),('PL0008','328373289850376192','LINE-TEST-02','老化测试二线','测试中心','老化测试线','传感器老化测试','马建平','三班倒',3500,3180,36,18,99.05,87.92,'running','高温老化箱已完成点检','U0004','2026-06-17 07:50:40','2026-06-25 03:23:35',0),('PL0009','328373289850376192','LINE-PACK-01','包装一线','包装车间','包装线','标准成品包装','杨磊','白班',3000,2860,8,22,99.60,94.20,'running','包装耗材库存充足','U0005','2026-06-17 07:50:40','2026-06-25 03:23:35',0),('PL0010','328373289850376192','LINE-PACK-02','包装二线','包装车间','包装线','出口订单包装','胡凯','白班',2400,1980,7,20,99.30,81.44,'running','出口标签需人工复核','U0005','2026-06-17 07:50:40','2026-06-25 03:23:35',0),('PL0011','328373289850376192','LINE-CNC-01','CNC精加工一线','机加工车间','CNC加工线','铝合金外壳','蒋国华','两班倒',4200,3860,15,19,96.85,88.75,'running','刀具寿命需加强跟踪','U0006','2026-06-17 07:50:40','2026-06-25 03:23:35',0),('PL0012','328373289850376192','LINE-CNC-02','CNC精加工二线','机加工车间','CNC加工线','散热器结构件','许文斌','两班倒',3800,3260,14,17,96.20,79.60,'maintenance','主轴保养中，预计今晚恢复','U0006','2026-06-17 07:50:40','2026-06-25 03:23:35',0),('PL0013','328373289850376192','LINE-INJ-01','注塑一线','注塑车间','注塑线','ABS塑胶外壳','黄志远','三班倒',9000,8420,10,16,97.50,90.80,'running','模温机运行稳定','U0007','2026-06-17 07:50:40','2026-06-25 03:23:35',0),('PL0014','328373289850376192','LINE-INJ-02','注塑二线','注塑车间','注塑线','阻燃端子外壳','郭明','三班倒',7800,6950,9,15,96.90,84.35,'running','夜班换模频率较高','U0007','2026-06-17 07:50:40','2026-06-25 03:23:35',0),('PL0015','328373289850376192','LINE-SPRAY-01','喷涂一线','表面处理车间','喷涂线','金属外壳喷涂','曹旭','白班',3600,2980,11,21,95.60,76.40,'maintenance','喷房过滤棉更换中','U0008','2026-06-17 07:50:40','2026-06-25 03:23:35',0),('PL0016','328373289850376192','LINE-LASER-01','激光打标一线','包装车间','标识打码线','产品铭牌打标','魏强','白班',5200,4870,6,10,99.80,93.50,'running','二维码识别率稳定','U0008','2026-06-17 07:50:40','2026-06-25 03:23:36',0),('PL0017','328373289850376192','LINE-QC-01','来料检验线','品质中心','质检线','电子元器件检验','沈丽','白班',15000,13600,12,28,98.20,85.10,'running','重点检验芯片与连接器','U0009','2026-06-17 07:50:40','2026-06-25 03:23:36',0),('PL0018','328373289850376192','LINE-QC-02','成品抽检线','品质中心','质检线','成品可靠性抽检','邹洁','白班',2600,2310,9,16,99.15,88.00,'running','本月客诉批次加严抽检','U0009','2026-06-17 07:50:40','2026-06-25 03:23:36',0),('PL0019','328373289850376192','LINE-REPAIR-01','返修分析线','维修中心','返修线','异常品分析维修','方涛','白班',600,430,8,12,92.40,68.30,'idle','等待上一批异常品复判','U0010','2026-06-17 07:50:40','2026-06-25 03:23:36',0),('PL0020','328373289850376192','LINE-AUTO-01','自动化装配试验线','智能制造试验区','自动化试产线','新款边缘计算盒','韩启明','白班',900,520,24,8,96.30,58.40,'running','新产品小批量试产阶段','U0010','2026-06-17 07:50:40','2026-06-25 03:23:36',0);
/*!40000 ALTER TABLE `biz_production_line` ENABLE KEYS */;
UNLOCK TABLES;

--
-- Table structure for table `biz_sales_record`
--

DROP TABLE IF EXISTS `biz_sales_record`;
/*!40101 SET @saved_cs_client     = @@character_set_client */;
/*!50503 SET character_set_client = utf8mb4 */;
CREATE TABLE `biz_sales_record` (
  `sales_id` varchar(32) NOT NULL COMMENT '销售记录ID',
  `tenant_id` varchar(32) NOT NULL COMMENT '租户ID',
  `sales_no` varchar(64) NOT NULL COMMENT '销售单号',
  `order_no` varchar(64) DEFAULT NULL COMMENT '关联订单号',
  `customer_name` varchar(120) NOT NULL COMMENT '客户名称',
  `product_code` varchar(64) NOT NULL COMMENT '产品编码',
  `product_name` varchar(120) NOT NULL COMMENT '产品名称',
  `sales_quantity` int NOT NULL COMMENT '销售数量',
  `unit_price` decimal(12,2) NOT NULL COMMENT '销售单价',
  `sales_amount` decimal(14,2) NOT NULL COMMENT '销售金额',
  `sales_date` date NOT NULL COMMENT '销售日期',
  `sales_region` varchar(50) DEFAULT NULL COMMENT '销售区域',
  `sales_channel` varchar(50) DEFAULT NULL COMMENT '销售渠道',
  `sales_owner` varchar(50) DEFAULT NULL COMMENT '销售负责人',
  `delivery_status` varchar(30) DEFAULT 'pending' COMMENT '发货状态',
  `invoice_status` varchar(30) DEFAULT 'not_invoiced' COMMENT '开票状态',
  `remark` varchar(255) DEFAULT NULL,
  `created_by` varchar(32) DEFAULT NULL,
  `created_at` datetime DEFAULT CURRENT_TIMESTAMP,
  `updated_at` datetime DEFAULT CURRENT_TIMESTAMP ON UPDATE CURRENT_TIMESTAMP,
  `deleted` tinyint DEFAULT '0',
  PRIMARY KEY (`sales_id`),
  UNIQUE KEY `uk_sales_tenant_no` (`tenant_id`,`sales_no`),
  KEY `idx_sales_tenant_date` (`tenant_id`,`sales_date`),
  KEY `idx_sales_customer` (`tenant_id`,`customer_name`),
  KEY `idx_sales_product` (`tenant_id`,`product_code`)
) ENGINE=InnoDB DEFAULT CHARSET=utf8mb4 COLLATE=utf8mb4_0900_ai_ci COMMENT='销售管理表';
/*!40101 SET character_set_client = @saved_cs_client */;

--
-- Dumping data for table `biz_sales_record`
--

LOCK TABLES `biz_sales_record` WRITE;
/*!40000 ALTER TABLE `biz_sales_record` DISABLE KEYS */;
INSERT INTO `biz_sales_record` VALUES ('SAL0001','328373289850376192','SAL20260502001','SO20260501001','苏州恒远智能装备有限公司','PRD-GW-1001','工业物联网网关',60,1280.00,76800.00,'2026-05-02','华东','老客户复购','林晓峰','partial','partial','首批60台已发货','U0001','2026-06-17 07:50:41','2026-06-25 03:23:38',0),('SAL0002','328373289850376192','SAL20260506002','SO20260506004','上海联川机电工程有限公司','PRD-PWR-4101','24V工业电源模块',300,236.00,70800.00,'2026-05-06','华东','展会线索','林晓峰','shipped','invoiced','已完成发货与开票','U0001','2026-06-17 07:50:41','2026-06-25 03:23:38',0),('SAL0003','328373289850376192','SAL20260508003','SO20260508005','嘉兴锐拓包装机械有限公司','PRD-SEN-3101','温湿度采集传感器',250,168.00,42000.00,'2026-05-08','华东','老客户复购','陈嘉伟','partial','not_invoiced','首批传感器已出库','U0002','2026-06-17 07:50:41','2026-06-25 03:23:39',0),('SAL0004','328373289850376192','SAL20260512004','SO20260512007','南京智控系统集成有限公司','PRD-MOD-8201','模拟量采集模块',80,580.00,46400.00,'2026-05-12','华东','渠道订单','王诗雨','partial','partial','随货提供检测报告','U0002','2026-06-17 07:50:41','2026-06-25 03:23:39',0),('SAL0005','328373289850376192','SAL20260514005','SO20260514008','常州华科机器人有限公司','PRD-BOX-6201','高性能边缘计算盒',18,4680.00,84240.00,'2026-05-14','华东','战略客户','陈嘉伟','partial','partial','客户分两批安装','U0003','2026-06-17 07:50:41','2026-06-25 03:23:39',0),('SAL0006','328373289850376192','SAL20260518006','SO20260518010','绍兴远景纺织机械有限公司','PRD-SEN-3201','振动监测传感器',240,420.00,100800.00,'2026-05-18','华东','售后增购','林晓峰','shipped','invoiced','全量交付完成','U0003','2026-06-17 07:50:41','2026-06-25 03:23:39',0),('SAL0007','328373289850376192','SAL20260522007','SO20260522012','天津博远自动化设备有限公司','PRD-PLC-2100','小型PLC控制器',60,860.00,51600.00,'2026-05-22','华北','老客户复购','王诗雨','partial','not_invoiced','首批60台发货','U0004','2026-06-17 07:50:41','2026-06-25 03:23:39',0),('SAL0008','328373289850376192','SAL20260526008','SO20260526014','武汉盛达工业技术有限公司','PRD-CAM-9101','工业视觉相机',13,2980.00,38740.00,'2026-05-26','华中','展会线索','陈嘉伟','pending','not_invoiced','等待配套镜头到货','U0004','2026-06-17 07:50:41','2026-06-25 03:23:39',0),('SAL0009','328373289850376192','SAL20260528009','SO20260528015','郑州中原装备制造有限公司','PRD-PWR-4201','48V工业电源模块',180,398.00,71640.00,'2026-05-28','华中','渠道订单','王诗雨','shipped','invoiced','项目急单已优先发货','U0005','2026-06-17 07:50:41','2026-06-25 03:23:39',0),('SAL0010','328373289850376192','SAL20260530010','SO20260530016','东莞宏泰电子科技有限公司','PRD-MOD-8101','IO扩展模块',100,318.00,31800.00,'2026-05-30','华南','老客户复购','林晓峰','partial','not_invoiced','首批100个已发货','U0005','2026-06-17 07:50:41','2026-06-25 03:23:39',0),('SAL0011','328373289850376192','SAL20260601011','SO20260601017','深圳云控科技有限公司','PRD-BOX-6101','边缘计算盒',16,2680.00,42880.00,'2026-06-01','华南','战略客户','陈嘉伟','pending','not_invoiced','等待客户确认系统镜像','U0006','2026-06-17 07:50:41','2026-06-25 03:23:39',0),('SAL0012','328373289850376192','SAL20260605012','SO20260605019','佛山精联陶瓷设备有限公司','PRD-NEW-9901','智能能耗采集终端',50,1580.00,79000.00,'2026-06-05','华南','售后增购','林晓峰','partial','partial','试点订单首批交付','U0006','2026-06-17 07:50:41','2026-06-25 03:23:39',0),('SAL0013','328373289850376192','SAL20260606013',NULL,'苏州明诚自动化有限公司','PRD-HMI-5101','7寸工业触摸屏',20,1360.00,27200.00,'2026-06-06','华东','现货销售','王诗雨','shipped','not_invoiced','客户临时补货','U0007','2026-06-17 07:50:41','2026-06-25 03:23:39',0),('SAL0014','328373289850376192','SAL20260607014',NULL,'上海聚能设备工程有限公司','PRD-PWR-4101','24V工业电源模块',120,236.00,28320.00,'2026-06-07','华东','现货销售','林晓峰','shipped','invoiced','常规备件销售','U0007','2026-06-17 07:50:41','2026-06-25 03:23:39',0),('SAL0015','328373289850376192','SAL20260608015',NULL,'南京恒科智能装备有限公司','PRD-GW-1001','工业物联网网关',25,1280.00,32000.00,'2026-06-08','华东','代理商订单','陈嘉伟','pending','not_invoiced','等待仓库拣货','U0008','2026-06-17 07:50:41','2026-06-25 03:23:40',0),('SAL0016','328373289850376192','SAL20260609016',NULL,'杭州森川环保设备有限公司','PRD-SEN-3101','温湿度采集传感器',180,168.00,30240.00,'2026-06-09','华东','官网询盘','王诗雨','shipped','not_invoiced','用于环保设备温湿度监控','U0008','2026-06-17 07:50:41','2026-06-25 03:23:40',0),('SAL0017','328373289850376192','SAL20260610017',NULL,'青岛奥普智能科技有限公司','PRD-PLC-2200','高性能PLC控制器',18,1460.00,26280.00,'2026-06-10','华北','渠道订单','林晓峰','pending','not_invoiced','客户要求下周统一发货','U0009','2026-06-17 07:50:41','2026-06-25 03:23:40',0),('SAL0018','328373289850376192','SAL20260611018',NULL,'重庆新航工业技术有限公司','PRD-CAB-7101','标准控制柜',6,3280.00,19680.00,'2026-06-11','西南','项目订单','陈嘉伟','pending','not_invoiced','柜体包装需加固','U0009','2026-06-17 07:50:41','2026-06-25 03:23:40',0),('SAL0019','328373289850376192','SAL20260612019',NULL,'成都华创自动化有限公司','PRD-MOD-8201','模拟量采集模块',45,580.00,26100.00,'2026-06-12','西南','老客户复购','王诗雨','shipped','partial','客户账期开票','U0010','2026-06-17 07:50:41','2026-06-25 03:23:40',0),('SAL0020','328373289850376192','SAL20260613020',NULL,'厦门精研电子有限公司','PRD-CAM-9201','高速工业视觉相机',5,5260.00,26300.00,'2026-06-13','华南','官网询盘','林晓峰','pending','not_invoiced','等待技术确认镜头接口','U0010','2026-06-17 07:50:41','2026-06-25 03:23:40',0);
/*!40000 ALTER TABLE `biz_sales_record` ENABLE KEYS */;
UNLOCK TABLES;

--
-- Table structure for table `qx_download_center`
--

DROP TABLE IF EXISTS `qx_download_center`;
/*!40101 SET @saved_cs_client     = @@character_set_client */;
/*!50503 SET character_set_client = utf8mb4 */;
CREATE TABLE `qx_download_center` (
  `id` bigint NOT NULL COMMENT '主键ID',
  `tenant_id` varchar(32) NOT NULL COMMENT '租户ID',
  `file_name` varchar(255) NOT NULL COMMENT '文件名',
  `file_format` varchar(20) NOT NULL COMMENT '文件格式：pdf/docx/xlsx',
  `file_size` bigint NOT NULL DEFAULT '0' COMMENT '文件大小，单位字节',
  `file_url` varchar(500) NOT NULL COMMENT '文件地址',
  `upload_time` datetime NOT NULL DEFAULT CURRENT_TIMESTAMP COMMENT '上传时间',
  `is_deleted` tinyint NOT NULL DEFAULT '0' COMMENT '是否删除：0否 1是',
  `created_at` datetime NOT NULL DEFAULT CURRENT_TIMESTAMP COMMENT '创建时间',
  `updated_at` datetime NOT NULL DEFAULT CURRENT_TIMESTAMP ON UPDATE CURRENT_TIMESTAMP COMMENT '更新时间',
  PRIMARY KEY (`id`),
  KEY `idx_tenant_deleted_time` (`tenant_id`,`is_deleted`,`upload_time`),
  KEY `idx_tenant_format` (`tenant_id`,`file_format`)
) ENGINE=InnoDB DEFAULT CHARSET=utf8mb4 COLLATE=utf8mb4_0900_ai_ci COMMENT='下载中心文件表';
/*!40101 SET character_set_client = @saved_cs_client */;

--
-- Dumping data for table `qx_download_center`
--

LOCK TABLES `qx_download_center` WRITE;
/*!40000 ALTER TABLE `qx_download_center` DISABLE KEYS */;
INSERT INTO `qx_download_center` VALUES (1782357150980,'000000','OneDrive 入门.pdf','pdf',1247350,'https://s3.minion.xlcig.cn/public-assets/download-center/1782357142210_OneDrive_入门.pdf','2026-06-25 03:12:30',0,'2026-06-25 03:12:32','2026-06-25 03:12:32'),(1782357167135,'000000','Document.docx','docx',881540,'https://s3.minion.xlcig.cn/public-assets/download-center/1782357162853_Document.docx','2026-06-25 03:12:47',0,'2026-06-25 03:12:48','2026-06-25 03:12:48'),(1782357219909,'000000','system-user-template.xlsx','xlsx',6637,'https://s3.minion.xlcig.cn/public-assets/download-center/1782357217177_system-user-template.xlsx','2026-06-25 03:13:39',0,'2026-06-25 03:13:41','2026-06-25 03:13:41');
/*!40000 ALTER TABLE `qx_download_center` ENABLE KEYS */;
UNLOCK TABLES;

--
-- Table structure for table `qx_meeting`
--

DROP TABLE IF EXISTS `qx_meeting`;
/*!40101 SET @saved_cs_client     = @@character_set_client */;
/*!50503 SET character_set_client = utf8mb4 */;
CREATE TABLE `qx_meeting` (
  `id` bigint NOT NULL COMMENT '主键ID',
  `tenant_id` varchar(32) NOT NULL COMMENT '租户ID',
  `meeting_name` varchar(255) NOT NULL COMMENT '会议名称',
  `location_address` varchar(500) DEFAULT NULL COMMENT '会场地址',
  `meeting_time` datetime DEFAULT NULL COMMENT '日期时间',
  `subtitle` varchar(255) DEFAULT NULL COMMENT '会议副标题',
  `cover_image` varchar(500) DEFAULT NULL COMMENT '会议封面图',
  `content` longtext COMMENT '详情介绍（富文本）',
  `guests_json` json DEFAULT NULL COMMENT '嘉宾列表JSON',
  `agenda_json` json DEFAULT NULL COMMENT '议程安排JSON',
  `status` tinyint NOT NULL DEFAULT '0' COMMENT '状态：0未发布 1已发布',
  `is_deleted` tinyint NOT NULL DEFAULT '0' COMMENT '是否删除：0否 1是',
  `created_at` datetime NOT NULL DEFAULT CURRENT_TIMESTAMP COMMENT '创建时间',
  `updated_at` datetime NOT NULL DEFAULT CURRENT_TIMESTAMP ON UPDATE CURRENT_TIMESTAMP COMMENT '更新时间',
  PRIMARY KEY (`id`),
  KEY `idx_tenant_deleted_time` (`tenant_id`,`is_deleted`,`meeting_time`),
  KEY `idx_tenant_status` (`tenant_id`,`status`)
) ENGINE=InnoDB DEFAULT CHARSET=utf8mb4 COLLATE=utf8mb4_0900_ai_ci COMMENT='会议表';
/*!40101 SET character_set_client = @saved_cs_client */;

--
-- Dumping data for table `qx_meeting`
--

LOCK TABLES `qx_meeting` WRITE;
/*!40000 ALTER TABLE `qx_meeting` DISABLE KEYS */;
INSERT INTO `qx_meeting` VALUES (1782290735566,'000000','1',NULL,NULL,NULL,NULL,'<p><br></p>','[{\"name\": \"11\"}]','[{\"time\": \"Tue, 23 Jun 2026 23:07:00 GMT - Wed, 24 Jun 2026 06:07:00 GMT\", \"title\": \"11\"}]',0,1,'2026-06-24 08:45:35','2026-06-24 08:45:56'),(1782290998854,'000000','第二届气象经济博览会新闻发布会','合肥滨湖国际会展中心 · 综合会议厅','2026-06-24 16:00:00','聚焦气象科技赋能经济发展新机遇','https://images.unsplash.com/photo-1511578314322-379afb476865?q=80&w=1600&auto=format&fit=crop','<p>&lt;h2&gt;第二届气象经济博览会新闻发布会圆满召开&lt;/h2&gt;<br> &lt;p&gt;近日，第二届气象经济博览会新闻发布会在合肥滨湖国际会展中心圆满召开。本次发布会围绕&lt;strong&gt;气象科技、产业融合、数字经济、绿色发展&lt;/strong&gt;等核心方向，全面介绍了本届博览会的筹备进展、展区规划、会议活动及重点亮点。&lt;/p&gt;<br><br> &lt;p&gt;发布会现场，主办方介绍，本届博览会将以“气象赋能经济，科技引领未来”为主题，重点展示气象服务在农业生产、交通运输、能源管理、城市治理、金融保险、生态保护等领域的创新应用成果。&lt;/p&gt;<br><br> &lt;blockquote&gt;<br> 本届博览会将进一步推动气象科技成果转化，促进气象服务与实体经济深度融合。<br> &lt;/blockquote&gt;<br><br> &lt;h3&gt;大会亮点&lt;/h3&gt;<br> &lt;ul&gt;<br> &lt;li&gt;汇聚气象、经济、科技、产业等多领域专家学者；&lt;/li&gt;<br> &lt;li&gt;集中展示气象装备、数据服务、智慧预警、行业解决方案；&lt;/li&gt;<br> &lt;li&gt;设置专题论坛、成果发布、项目对接、展商推介等活动；&lt;/li&gt;<br> &lt;li&gt;推动气象服务在城市运行、产业发展和民生保障中的应用。&lt;/li&gt;<br> &lt;/ul&gt;<br><br> &lt;h3&gt;展会规模&lt;/h3&gt;<br> &lt;p&gt;本届博览会预计展览面积超过 &lt;strong&gt;40,000 平方米&lt;/strong&gt;，吸引 &lt;strong&gt;300+ 家参展企业&lt;/strong&gt;、&lt;strong&gt;50+ 场专题会议&lt;/strong&gt;及 &lt;strong&gt;10,000+ 名专业观众&lt;/strong&gt;参与。&lt;/p&gt;<br><br> &lt;p&gt;现场还公布了大会总体日程、嘉宾阵容、展区设置及参展服务安排。多家媒体记者围绕气象经济发展趋势、产业合作机会、展会筹备情况等内容进行了提问。&lt;/p&gt;<br><br> &lt;p&gt;随着新闻发布会的圆满召开，第二届气象经济博览会正式进入全面推进阶段。大会将持续搭建气象科技成果展示、产业资源对接、行业交流合作的重要平台，为气象经济高质量发展注入新动能。&lt;/p&gt;</p>','[{\"name\": \"王明\", \"title\": \"中国气象服务协会副会长\", \"avatar\": \"https://images.unsplash.com/photo-1560250097-0b93528c311a?q=80&w=400&auto=format&fit=crop\"}, {\"name\": \"李建华\", \"title\": \"国家气象中心专家委员会委员\", \"avatar\": \"https://images.unsplash.com/photo-1556157382-97eda2d62296?q=80&w=400&auto=format&fit=crop\"}, {\"name\": \"周雨晴\", \"title\": \"气象经济产业研究院研究员\", \"avatar\": \"https://images.unsplash.com/photo-1573496359142-b8d87734a5a2?q=80&w=400&auto=format&fit=crop\"}]','[{\"time\": \"16:00-16:10\", \"title\": \"参会媒体及嘉宾入场签到，领取会议资料\"}, {\"time\": \"16:10-16:30\", \"title\": \"介绍发布会背景、出席嘉宾及整体流程\"}, {\"time\": \"16:30-16:50\", \"title\": \"介绍第二届气象经济博览会主题、规模、展区规划及重点活动\"}, {\"time\": \"16:50-17:30\", \"title\": \"领导嘉宾、参会代表及媒体进行集体合影。\"}]',0,0,'2026-06-24 08:49:59','2026-06-24 08:59:07'),(1782291161297,'000000','测试','测试','2026-06-25 00:00:00','测试',NULL,'<p><br></p>','[{\"name\": \"王明\"}]','[{\"time\": \"07:00-09:00\", \"title\": \"测试\"}]',1,0,'2026-06-24 08:52:41','2026-06-24 08:55:21'),(1782291183585,'000000','测试2','测试2','2026-06-26 00:00:00',NULL,NULL,'<p><br></p>','[{\"name\": \"测试\"}]','[{\"time\": \"00:00-07:00\", \"title\": \"测试\"}]',1,0,'2026-06-24 08:53:03','2026-06-24 08:55:16');
/*!40000 ALTER TABLE `qx_meeting` ENABLE KEYS */;
UNLOCK TABLES;

--
-- Table structure for table `qx_news_article`
--

DROP TABLE IF EXISTS `qx_news_article`;
/*!40101 SET @saved_cs_client     = @@character_set_client */;
/*!50503 SET character_set_client = utf8mb4 */;
CREATE TABLE `qx_news_article` (
  `id` bigint NOT NULL AUTO_INCREMENT COMMENT '主键ID',
  `tenant_id` varchar(255) DEFAULT NULL COMMENT '租户id',
  `title` varchar(255) NOT NULL COMMENT '标题',
  `subtitle` varchar(500) DEFAULT NULL COMMENT '副标题',
  `cover_image` varchar(500) DEFAULT NULL COMMENT '首图地址',
  `publish_date` datetime DEFAULT NULL COMMENT '发布日期',
  `content` longtext COMMENT '内容（HTML富文本）',
  `created_at` datetime NOT NULL DEFAULT CURRENT_TIMESTAMP COMMENT '创建时间',
  `updated_at` datetime NOT NULL DEFAULT CURRENT_TIMESTAMP ON UPDATE CURRENT_TIMESTAMP COMMENT '更新时间',
  `is_deleted` tinyint NOT NULL DEFAULT '0' COMMENT '逻辑删除，0-否 1-是',
  PRIMARY KEY (`id`),
  KEY `idx_publish_date` (`publish_date`),
  KEY `idx_is_deleted` (`is_deleted`)
) ENGINE=InnoDB AUTO_INCREMENT=1782282184126 DEFAULT CHARSET=utf8mb4 COLLATE=utf8mb4_0900_ai_ci COMMENT='新闻资讯表';
/*!40101 SET character_set_client = @saved_cs_client */;

--
-- Dumping data for table `qx_news_article`
--

LOCK TABLES `qx_news_article` WRITE;
/*!40000 ALTER TABLE `qx_news_article` DISABLE KEYS */;
INSERT INTO `qx_news_article` VALUES (1782282114114,'000000','第二届气象经济博览会新闻发布会圆满召开','聚焦气象科技创新，助力气象经济高质量发展','https://picsum.photos/800/450?random=101','2026-06-24 00:00:00','<p><strong>5月16日，</strong><u><strong>第二届气象经济博览会新闻发布会在合肥举行</strong></u><strong>。会议围绕展会主题、展区规划、参展服务、同期活动等内容进行了重点介绍。本届博览会将汇聚气象科技、智慧城市、应急管理、低空经济、</strong><span style=\"background-color: rgb(231, 95, 51);\"><strong>农业气象等多个领域的企业与机构</strong></span><strong>，</strong><span style=\"color: rgb(0, 0, 0); font-family: 仿宋;\"><strong>集中展示气象经济发展的最新成果</strong></span><strong>。</strong><img src=\"https://s3.minion.xlcig.cn/public-assets/news/1782286035615_icon-512x512.png\" alt=\"icon-512x512.png\" data-href=\"https://s3.minion.xlcig.cn/public-assets/news/1782286035615_icon-512x512.png\" style=\"\"/></p>','2026-06-24 06:21:54','2026-06-24 07:46:20',0),(1782282141043,'000000','中国气象服务协会关于举办第二届气象经济博览会的通知','展会将于2025年7月18日至20日在合肥滨湖国际会展中心举办','https://picsum.photos/800/450?random=103','2026-06-23 00:00:00','为推动气象服务产业发展，促进气象科技成果转化，中国气象服务协会拟举办第二届气象经济博览会。本届展会将设置气象装备、智慧气象、气象服务、气象数据应用、应急减灾等专题展区，并同期举办多场论坛、供需对接会和成果发布活动。','2026-06-24 06:22:21','2026-06-24 07:46:21',0),(1782282162435,'000000','展商报名通道正式开启，早鸟优惠限时进行中','优质展位开放申请，欢迎相关单位报名参展','https://picsum.photos/800/450?random=102','2026-06-23 00:00:00','第二届气象经济博览会展商报名通道现已正式开启。参展企业可通过官网提交展位申请，主办方将根据展品类别、展示需求和展区规划进行统一安排。早鸟报名期间，符合条件的参展单位可享受展位服务优惠及官方宣传资源支持。','2026-06-24 06:22:42','2026-06-24 07:46:22',0),(1782282184125,'000000','大会同期论坛议程陆续公布','聚焦气象服务、智慧城市、低空经济与应急减灾','https://picsum.photos/800/450?random=104',NULL,'本届博览会期间将举办多场专题论坛，内容涵盖气象服务创新、人工智能气象应用、气象数据价值转化、极端天气风险防控、低空经济气象保障等方向。论坛将邀请行业专家、科研机构代表及企业负责人共同探讨气象经济发展新机遇','2026-06-24 06:23:04','2026-06-24 07:46:23',0);
/*!40000 ALTER TABLE `qx_news_article` ENABLE KEYS */;
UNLOCK TABLES;

--
-- Table structure for table `qx_special_guest`
--

DROP TABLE IF EXISTS `qx_special_guest`;
/*!40101 SET @saved_cs_client     = @@character_set_client */;
/*!50503 SET character_set_client = utf8mb4 */;
CREATE TABLE `qx_special_guest` (
  `id` bigint NOT NULL COMMENT '主键ID',
  `tenant_id` varchar(32) NOT NULL COMMENT '租户ID',
  `name` varchar(100) NOT NULL COMMENT '姓名',
  `title` varchar(255) DEFAULT NULL COMMENT '职务/头衔',
  `sort_no` int NOT NULL DEFAULT '0' COMMENT '排序',
  `avatar` varchar(500) DEFAULT NULL COMMENT '头像',
  `description` text COMMENT '简介',
  `status` tinyint NOT NULL DEFAULT '0' COMMENT '状态：0未发布 1已发布',
  `is_deleted` tinyint NOT NULL DEFAULT '0' COMMENT '是否删除：0否 1是',
  `created_at` datetime NOT NULL DEFAULT CURRENT_TIMESTAMP COMMENT '创建时间',
  `updated_at` datetime NOT NULL DEFAULT CURRENT_TIMESTAMP ON UPDATE CURRENT_TIMESTAMP COMMENT '更新时间',
  PRIMARY KEY (`id`),
  KEY `idx_tenant_deleted_status` (`tenant_id`,`is_deleted`,`status`),
  KEY `idx_tenant_sort` (`tenant_id`,`sort_no`)
) ENGINE=InnoDB DEFAULT CHARSET=utf8mb4 COLLATE=utf8mb4_0900_ai_ci COMMENT='特邀嘉宾表';
/*!40101 SET character_set_client = @saved_cs_client */;

--
-- Dumping data for table `qx_special_guest`
--

LOCK TABLES `qx_special_guest` WRITE;
/*!40000 ALTER TABLE `qx_special_guest` DISABLE KEYS */;
INSERT INTO `qx_special_guest` VALUES (1782350801219,'000000','李明远','中国气象服务协会副会长',3,'https://images.unsplash.com/photo-1560250097-0b93528c311a?w=400&h=400&fit=crop&crop=face','长期从事气象经济、气象服务产业化与智慧气象应用研究，参与多项行业标准制定与产业规划工作',1,0,'2026-06-25 01:26:42','2026-06-25 03:05:01'),(1782350825750,'000000','张慧','国家气象中心高级工程师',2,'https://images.unsplash.com/photo-1494790108377-be9c29b29330?w=400&h=400&fit=crop&crop=face','专注于气象大数据分析、灾害预警模型与城市气象服务体系建设，拥有丰富的项目实践经验',1,0,'2026-06-25 01:27:07','2026-06-25 01:27:07'),(1782350846206,'000000','王建国','智慧城市研究院院长',1,'https://images.unsplash.com/photo-1519085360753-af0119f7cbe7?w=400&h=400&fit=crop&crop=face','主要研究智慧城市、数字孪生与公共安全应急管理，推动气象数据与城市治理场景深度融合。',1,0,'2026-06-25 01:27:27','2026-06-25 01:27:27'),(1782350873688,'000000','陈思雨','气象经济研究中心主任',4,'https://images.unsplash.com/photo-1580489944761-15a19d654956?w=400&h=400&fit=crop&crop=face','围绕气象经济价值评估、气象产业服务模式创新及企业气象风险管理开展长期研究',1,0,'2026-06-25 01:27:55','2026-06-25 01:27:55'),(1782350904199,'000000','赵伟','云计算与数据平台专家',5,'https://images.unsplash.com/photo-1500648767791-00dcc994a43e?w=400&h=400&fit=crop&crop=face','负责多个大型数据平台建设项目，擅长云计算架构、数据治理、可视化分析与业务系统集成',1,0,'2026-06-25 01:28:25','2026-06-25 01:28:25'),(1782350925303,'000000','刘雅婷','生态环境气象服务专家',6,'https://images.unsplash.com/photo-1534528741775-53994a69daeb?w=400&h=400&fit=crop&crop=face','聚焦生态环境监测、双碳气象服务与区域气候风险评估，参与多个生态气象服务平台建设。',1,0,'2026-06-25 01:28:46','2026-06-25 01:28:46'),(1782350968655,'000000','周启航','中国气象局公共气象服务中心专家',7,'https://images.unsplash.com/photo-1507003211169-0a1dd7228f2d?w=400&h=400&fit=crop&crop=face','长期关注公共气象服务能力建设，参与气象服务产品创新、城市精细化预报和行业应用推广工作。',1,0,'2026-06-25 01:29:30','2026-06-25 01:29:30'),(1782351256154,'000000','孙若琳','气象产业创新联盟秘书长',8,'https://images.unsplash.com/photo-1531123897727-8f129e1688ce?w=400&h=400&fit=crop&crop=face','负责气象产业资源整合、企业合作对接与产业生态建设，推动气象服务与多行业场景融合发展',1,0,'2026-06-25 01:34:17','2026-06-25 01:34:17'),(1782351279778,'000000','何志强','应急管理与气象防灾专家',9,'https://images.unsplash.com/photo-1506794778202-cad84cf45f1d?w=400&h=400&fit=crop&crop=face','深耕灾害风险防控、应急指挥调度和气象预警联动机制建设，具备丰富的一线项目经验。',1,0,'2026-06-25 01:34:41','2026-06-25 01:34:41');
/*!40000 ALTER TABLE `qx_special_guest` ENABLE KEYS */;
UNLOCK TABLES;

--
-- Table structure for table `sys_config`
--

DROP TABLE IF EXISTS `sys_config`;
/*!40101 SET @saved_cs_client     = @@character_set_client */;
/*!50503 SET character_set_client = utf8mb4 */;
CREATE TABLE `sys_config` (
  `config_id` varchar(32) NOT NULL COMMENT '参数ID',
  `tenant_id` varchar(32) NOT NULL DEFAULT '000000' COMMENT '租户ID',
  `config_key` varchar(100) NOT NULL COMMENT '参数键名',
  `config_value` text NOT NULL COMMENT '参数键值',
  `config_name` varchar(100) NOT NULL COMMENT '参数名称',
  `config_type` varchar(20) NOT NULL DEFAULT 'sys' COMMENT 'sys/theme/dict',
  `status` char(1) NOT NULL DEFAULT '0' COMMENT '0正常 1停用',
  `remark` varchar(500) DEFAULT NULL COMMENT '备注',
  `deleted` tinyint NOT NULL DEFAULT '0' COMMENT '逻辑删除',
  `create_time` datetime NOT NULL DEFAULT CURRENT_TIMESTAMP,
  `update_time` datetime DEFAULT CURRENT_TIMESTAMP ON UPDATE CURRENT_TIMESTAMP,
  PRIMARY KEY (`config_id`),
  UNIQUE KEY `uk_config_tenant_key` (`tenant_id`,`config_key`),
  KEY `idx_config_tenant` (`tenant_id`)
) ENGINE=InnoDB DEFAULT CHARSET=utf8mb4 COLLATE=utf8mb4_0900_ai_ci COMMENT='系统参数表';
/*!40101 SET character_set_client = @saved_cs_client */;

--
-- Dumping data for table `sys_config`
--

LOCK TABLES `sys_config` WRITE;
/*!40000 ALTER TABLE `sys_config` DISABLE KEYS */;
INSERT INTO `sys_config` VALUES ('000401','000000','sys.user.defaultPassword','123456','默认密码','sys','0','新用户默认密码',0,'2026-06-11 00:58:56','2026-06-23 08:17:48'),('000402','000000','sys.app.name','BLS Management System','系统名称','sys','0','前后端展示名称',0,'2026-06-11 00:58:56','2026-06-15 02:33:47'),('000403','000000','sys.demo.enabled','true','演示模式开关','sys','0','是否开启演示数据',0,'2026-06-11 00:58:56','2026-06-11 00:58:56'),('000404','000000','sys.upload.maxSize','20','文件上传限制(MB)','sys','0','文件上传大小限制，默认大小50MB',0,'2026-06-11 00:58:56','2026-06-17 03:08:19'),('000405','000000','sys.version','1.0.0','版本号','sys','0','系统版本',0,'2026-06-11 00:58:56','2026-06-22 08:15:12'),('100401','100000','sys.app.name','默认租户工作台','系统名称','sys','0','默认租户展示名称',0,'2026-06-11 00:58:56','2026-06-11 00:58:56'),('324733162540371968','000000','sys.app.logo','https://xux.xlcig.cn/logo.png','系统Logo','sys','0','请在文件管理上传后复制-使用公开桶',0,'2026-06-15 02:13:40','2026-06-16 06:59:33'),('324735307117367296','000000','sys.user.defaultAvatar','https://i.scdn.co/image/ab67616d00001e020c1faab9fa6c0b91f9f4e465','用户默认头像','sys','0','用户未设置头像时使用',0,'2026-06-15 02:22:11','2026-06-15 02:25:33'),('324800409917067264','000000','sys.login.multiDevice','1','多开登录','sys','0','1 = 允许多开；0 = 只允许单端。默认1',0,'2026-06-15 06:40:52','2026-06-17 09:21:29'),('327722729845428224','327722727416926208','sys.user.defaultPassword','123456','默认密码','sys','0','新建租户默认管理员初始密码',0,'2026-06-23 08:13:07','2026-06-23 08:13:07'),('327722730185166848','327722727416926208','sys.app.name','气象经济博览会','系统名称','sys','0','新建租户默认系统名称',0,'2026-06-23 08:13:07','2026-06-24 03:13:24'),('327722730357133312','327722727416926208','sys.demo.enabled','0','演示模式','sys','0','新建租户默认是否启用演示模式',0,'2026-06-23 08:13:08','2026-06-23 08:13:08'),('327722730524905472','327722727416926208','sys.upload.maxSize','20','上传大小限制','sys','0','新建租户默认上传限制，单位 MB',0,'2026-06-23 08:13:08','2026-06-23 08:13:08'),('327722730696871936','327722727416926208','sys.version','1.0.0','系统版本','sys','0','新建租户默认系统版本',0,'2026-06-23 08:13:08','2026-06-23 08:13:08'),('327722730864644096','327722727416926208','sys.app.logo','','系统 Logo','sys','0','新建租户默认系统 Logo',0,'2026-06-23 08:13:08','2026-06-23 08:13:08'),('327722731040804864','327722727416926208','sys.user.defaultAvatar','','默认头像','sys','0','新建租户默认用户头像',0,'2026-06-23 08:13:08','2026-06-23 08:13:08'),('327722731208577024','327722727416926208','theme.default','{\"navTheme\":\"light\",\"colorPrimary\":\"#1677ff\",\"layout\":\"mix\",\"contentWidth\":\"Fluid\"}','默认主题','theme','0','新建租户默认主题配置',0,'2026-06-23 08:13:08','2026-06-23 08:13:08'),('328373292199186432','328373289850376192','sys.user.defaultPassword','123456','默认密码','sys','0','新建租户默认管理员初始密码',0,'2026-06-25 03:18:15','2026-06-25 03:18:15'),('328373292530536448','328373289850376192','sys.app.name','生产管理系统','系统名称','sys','0','新建租户默认系统名称',0,'2026-06-25 03:18:15','2026-06-25 03:19:31'),('328373292694114304','328373289850376192','sys.demo.enabled','0','演示模式','sys','0','新建租户默认是否启用演示模式',0,'2026-06-25 03:18:15','2026-06-25 03:18:15'),('328373292861886464','328373289850376192','sys.upload.maxSize','20','上传大小限制','sys','0','新建租户默认上传限制，单位 MB',0,'2026-06-25 03:18:15','2026-06-25 03:18:15'),('328373293029658624','328373289850376192','sys.version','1.0.0','系统版本','sys','0','新建租户默认系统版本',0,'2026-06-25 03:18:15','2026-06-25 03:18:15'),('328373293193236480','328373289850376192','sys.app.logo','','系统 Logo','sys','0','新建租户默认系统 Logo',0,'2026-06-25 03:18:15','2026-06-25 03:18:15'),('328373293361008640','328373289850376192','sys.user.defaultAvatar','','默认头像','sys','0','新建租户默认用户头像',0,'2026-06-25 03:18:15','2026-06-25 03:18:15'),('328373293524586496','328373289850376192','theme.default','{\"navTheme\":\"light\",\"colorPrimary\":\"#1677ff\",\"layout\":\"mix\",\"contentWidth\":\"Fluid\"}','默认主题','theme','0','新建租户默认主题配置',0,'2026-06-25 03:18:15','2026-06-25 03:18:15');
/*!40000 ALTER TABLE `sys_config` ENABLE KEYS */;
UNLOCK TABLES;

--
-- Table structure for table `sys_dept`
--

DROP TABLE IF EXISTS `sys_dept`;
/*!40101 SET @saved_cs_client     = @@character_set_client */;
/*!50503 SET character_set_client = utf8mb4 */;
CREATE TABLE `sys_dept` (
  `dept_id` varchar(32) NOT NULL COMMENT '部门ID',
  `tenant_id` varchar(32) NOT NULL COMMENT '租户ID',
  `parent_id` varchar(32) NOT NULL DEFAULT '000000' COMMENT '父部门ID，000000表示根节点',
  `dept_name` varchar(50) NOT NULL COMMENT '部门名称',
  `sort_num` int DEFAULT '0' COMMENT '排序',
  `status` char(1) DEFAULT '0' COMMENT '0正常 1停用',
  `deleted` tinyint NOT NULL DEFAULT '0' COMMENT '逻辑删除：0未删除 1已删除',
  `create_time` datetime DEFAULT CURRENT_TIMESTAMP COMMENT '创建时间',
  `update_time` datetime DEFAULT CURRENT_TIMESTAMP ON UPDATE CURRENT_TIMESTAMP COMMENT '更新时间',
  PRIMARY KEY (`dept_id`),
  KEY `idx_dept_tenant` (`tenant_id`),
  KEY `idx_dept_parent` (`parent_id`)
) ENGINE=InnoDB DEFAULT CHARSET=utf8mb4 COLLATE=utf8mb4_0900_ai_ci COMMENT='部门表';
/*!40101 SET character_set_client = @saved_cs_client */;

--
-- Dumping data for table `sys_dept`
--

LOCK TABLES `sys_dept` WRITE;
/*!40000 ALTER TABLE `sys_dept` DISABLE KEYS */;
INSERT INTO `sys_dept` VALUES ('000001','000000','000000','平台总部',1,'0',0,'2026-06-11 00:58:56','2026-06-11 00:58:56'),('100001','100000','000000','默认租户总部',1,'0',0,'2026-06-11 00:58:56','2026-06-11 00:58:56'),('100002','100000','100001','技术部',2,'0',0,'2026-06-11 00:58:56','2026-06-11 00:58:56'),('100003','100000','100001','运营部',3,'0',0,'2026-06-11 00:58:56','2026-06-11 00:58:56'),('323381860459745280','000000','000000','行政部',1,'0',0,'2026-06-11 08:44:03','2026-06-17 07:27:07'),('323719748447768576','000000','323381860459745280','暴风雪',0,'0',0,'2026-06-12 07:06:42','2026-06-12 07:06:42'),('325536879892107264','000000','000000','财务部',0,'0',0,'2026-06-17 07:27:21','2026-06-17 07:27:21'),('325536911462633472','000000','000000','生产部',0,'0',0,'2026-06-17 07:27:28','2026-06-17 07:27:28'),('325536948397674496','000000','000000','市场部',0,'0',0,'2026-06-17 07:27:37','2026-06-17 07:27:37'),('325537043469963264','000000','325536948397674496','售前部',0,'0',0,'2026-06-17 07:28:00','2026-06-17 07:28:30'),('325537094283956224','000000','325536948397674496','销售部',0,'0',0,'2026-06-17 07:28:12','2026-06-17 07:28:12'),('325537143713828864','000000','325536948397674496','售后部',0,'0',0,'2026-06-17 07:28:24','2026-06-17 07:28:24'),('327707622562205697','327707622562205696','000000','测试租户总部',1,'0',0,'2026-06-23 07:13:06','2026-06-23 07:13:06'),('327722727416926209','327722727416926208','000000','暴龙神有限公司总部',1,'0',0,'2026-06-23 08:13:07','2026-06-23 08:13:07'),('328373289850376193','328373289850376192','000000','生成管理系统总部',1,'0',0,'2026-06-25 03:18:14','2026-06-25 03:18:14');
/*!40000 ALTER TABLE `sys_dept` ENABLE KEYS */;
UNLOCK TABLES;

--
-- Table structure for table `sys_dict_data`
--

DROP TABLE IF EXISTS `sys_dict_data`;
/*!40101 SET @saved_cs_client     = @@character_set_client */;
/*!50503 SET character_set_client = utf8mb4 */;
CREATE TABLE `sys_dict_data` (
  `dict_data_id` varchar(32) NOT NULL COMMENT '字典数据ID',
  `dict_type_id` varchar(32) NOT NULL COMMENT '字典类型ID',
  `dict_label` varchar(100) NOT NULL COMMENT '字典标签',
  `dict_value` varchar(100) NOT NULL COMMENT '字典值',
  `dict_sort` int NOT NULL DEFAULT '0' COMMENT '排序',
  `status` char(1) NOT NULL DEFAULT '0' COMMENT '0正常 1停用',
  `remark` varchar(500) DEFAULT NULL COMMENT '备注',
  `tenant_id` varchar(32) NOT NULL DEFAULT '000000' COMMENT '租户ID',
  `deleted` tinyint NOT NULL DEFAULT '0' COMMENT '逻辑删除',
  `create_time` datetime NOT NULL DEFAULT CURRENT_TIMESTAMP,
  `update_time` datetime DEFAULT CURRENT_TIMESTAMP ON UPDATE CURRENT_TIMESTAMP,
  PRIMARY KEY (`dict_data_id`),
  KEY `idx_dict_data_type` (`dict_type_id`),
  KEY `idx_dict_data_tenant` (`tenant_id`)
) ENGINE=InnoDB DEFAULT CHARSET=utf8mb4 COLLATE=utf8mb4_0900_ai_ci COMMENT='字典数据表';
/*!40101 SET character_set_client = @saved_cs_client */;

--
-- Dumping data for table `sys_dict_data`
--

LOCK TABLES `sys_dict_data` WRITE;
/*!40000 ALTER TABLE `sys_dict_data` DISABLE KEYS */;
INSERT INTO `sys_dict_data` VALUES ('000301','000201','男','0',1,'0','男','000000',0,'2026-06-11 00:58:56','2026-06-12 03:22:59'),('000302','000201','女','1',2,'0','女','000000',0,'2026-06-11 00:58:56','2026-06-11 00:58:56'),('000303','000201','未知','2',3,'0','未知','000000',0,'2026-06-11 00:58:56','2026-06-11 00:58:56'),('000304','000202','正常','0',1,'0','正常','000000',0,'2026-06-11 00:58:56','2026-06-11 00:58:56'),('000305','000202','停用','1',2,'0','停用','000000',0,'2026-06-11 00:58:56','2026-06-11 00:58:56'),('000306','000203','目录','0',1,'0','目录','000000',0,'2026-06-11 00:58:56','2026-06-11 00:58:56'),('000307','000203','菜单','1',2,'0','菜单','000000',0,'2026-06-11 00:58:56','2026-06-11 00:58:56'),('000308','000203','按钮','2',3,'0','按钮','000000',0,'2026-06-11 00:58:56','2026-06-11 00:58:56'),('000309','000204','是','1',1,'0','是','000000',0,'2026-06-11 00:58:56','2026-06-11 00:58:56'),('000310','000204','否','0',2,'0','否','000000',0,'2026-06-11 00:58:56','2026-06-11 00:58:56'),('000311','000205','系统参数','sys',1,'0','系统参数','000000',0,'2026-06-11 00:58:56','2026-06-11 00:58:56'),('000312','000205','主题配置','theme',2,'0','主题配置','000000',0,'2026-06-11 00:58:56','2026-06-11 00:58:56'),('000313','000205','字典数据','dict',3,'0','字典数据','000000',0,'2026-06-11 00:58:56','2026-06-11 00:58:56'),('000314','000206','密码登录','password',1,'0','用户名密码登录','000000',0,'2026-06-16 09:28:16','2026-06-16 09:28:16'),('000315','000206','刷新令牌','refresh',2,'0','refreshToken 刷新','000000',0,'2026-06-16 09:28:16','2026-06-16 09:28:16'),('000316','000206','验证码登录','sms',3,'0','短信验证码登录','000000',0,'2026-06-16 09:28:16','2026-06-16 09:28:16'),('000317','000206','单点登录','sso',4,'0','SSO 登录','000000',0,'2026-06-16 09:28:16','2026-06-16 09:28:16'),('000318','000207','登录','LOGIN',1,'0','登录操作','000000',0,'2026-06-16 09:28:20','2026-06-16 09:28:20'),('000319','000207','退出','LOGOUT',2,'0','退出操作','000000',0,'2026-06-16 09:28:20','2026-06-16 09:28:20'),('000320','000207','新增','ADD',3,'0','新增操作','000000',0,'2026-06-16 09:28:20','2026-06-16 09:28:20'),('000321','000207','修改','UPDATE',4,'0','修改操作','000000',0,'2026-06-16 09:28:20','2026-06-16 09:28:20'),('000322','000207','删除','DELETE',5,'0','删除操作','000000',0,'2026-06-16 09:28:20','2026-06-16 09:28:20'),('000323','000207','上传','UPLOAD',6,'0','上传操作','000000',0,'2026-06-16 09:28:20','2026-06-16 09:28:20'),('000324','000207','下载','DOWNLOAD',7,'0','下载操作','000000',0,'2026-06-16 09:28:20','2026-06-16 09:28:20'),('000325','000207','导出','EXPORT',8,'0','导出操作','000000',0,'2026-06-16 09:28:20','2026-06-16 09:28:20'),('000326','000207','其他','OTHER',9,'0','其他操作','000000',0,'2026-06-16 09:28:20','2026-06-16 09:28:20'),('000327','000208','成功','1',1,'0','上传成功','000000',0,'2026-06-16 09:28:24','2026-06-16 09:28:24'),('000328','000208','失败','0',2,'0','上传失败','000000',0,'2026-06-16 09:28:24','2026-06-16 09:28:24'),('000329','000209','公开','public',1,'0','公开访问','000000',0,'2026-06-16 09:28:30','2026-06-16 09:28:30'),('000330','000209','私有','private',2,'0','私有访问','000000',0,'2026-06-16 09:28:30','2026-06-16 09:28:30'),('324832469079691264','324832179827904512','MinIO','minio',0,'0','MinIO分布式','000000',0,'2026-06-15 08:48:16','2026-06-15 08:48:16'),('324832566806974464','324832179827904512','阿里云 OSS','aliyun_oss',1,'0','阿里云 OSS 文件服务','000000',0,'2026-06-15 08:48:39','2026-06-15 08:48:39'),('324832642832928768','324832179827904512','腾讯云 COS','tencent_cos',2,'0','腾讯云 COS 文件服务','000000',0,'2026-06-15 08:48:57','2026-06-15 08:48:57'),('324832716900143104','324832179827904512','七牛云 Kodo','qiniu_kodo',3,'0','七牛云 Kodo','000000',0,'2026-06-15 08:49:15','2026-06-15 08:49:15'),('324832816439365632','324832179827904512','华为云 OBS','huawei_obs',4,'0','遥遥领先，远远超越','000000',0,'2026-06-15 08:49:38','2026-06-15 08:50:07'),('324832897687228416','324832179827904512','AWS S3','aws_s3',5,'0','AWS S3','000000',0,'2026-06-15 08:49:58','2026-06-15 08:49:58'),('324833081074782208','324832179827904512','本地存储','local',99,'0','本地存储(测试环境','000000',0,'2026-06-15 08:50:41','2026-06-15 08:50:41'),('325153647082213376','325153530858049536','公共桶','public',1,'0','公开可访问文件','000000',0,'2026-06-16 06:04:30','2026-06-16 06:04:30'),('325153773272043520','325153530858049536','私有桶','private',2,'0','需鉴权或签名访问文件','000000',0,'2026-06-16 06:05:00','2026-06-16 06:05:00'),('900001','900001','启用','active',1,'0','启用状态','000000',0,'2026-06-23 09:00:00','2026-06-23 09:00:00'),('900002','900001','停用','inactive',2,'0','停用状态','000000',0,'2026-06-23 09:00:00','2026-06-23 09:00:00'),('900003','900001','试产','trial',3,'0','试产状态','000000',0,'2026-06-23 09:00:00','2026-06-23 09:00:00'),('900011','900002','运行中','running',1,'0','产线运行中','000000',0,'2026-06-23 09:00:00','2026-06-23 09:00:00'),('900012','900002','维护中','maintenance',2,'0','产线维护中','000000',0,'2026-06-23 09:00:00','2026-06-23 09:00:00'),('900013','900002','空闲','idle',3,'0','产线空闲','000000',0,'2026-06-23 09:00:00','2026-06-23 09:00:00'),('900021','900003','草稿','draft',1,'0','订单草稿','000000',0,'2026-06-23 09:00:00','2026-06-23 09:00:00'),('900022','900003','已确认','confirmed',2,'0','订单已确认','000000',0,'2026-06-23 09:00:00','2026-06-23 09:00:00'),('900023','900003','已完成','completed',3,'0','订单已完成','000000',0,'2026-06-23 09:00:00','2026-06-23 09:00:00'),('900024','900003','已取消','cancelled',4,'0','订单已取消','000000',0,'2026-06-23 09:00:00','2026-06-23 09:00:00'),('900031','900004','未付款','unpaid',1,'0','未付款','000000',0,'2026-06-23 09:00:00','2026-06-23 09:00:00'),('900032','900004','部分付款','partial',2,'0','部分付款','000000',0,'2026-06-23 09:00:00','2026-06-23 09:00:00'),('900033','900004','已付款','paid',3,'0','已付款','000000',0,'2026-06-23 09:00:00','2026-06-23 09:00:00'),('900041','900005','待审核','pending',1,'0','待审核','000000',0,'2026-06-23 09:00:00','2026-06-23 09:00:00'),('900042','900005','已审核','approved',2,'0','已审核','000000',0,'2026-06-23 09:00:00','2026-06-23 09:00:00'),('900043','900005','已驳回','rejected',3,'0','已驳回','000000',0,'2026-06-23 09:00:00','2026-06-23 09:00:00'),('900051','900006','待发货','pending',1,'0','待发货','000000',0,'2026-06-23 09:00:00','2026-06-23 09:00:00'),('900052','900006','已发货','delivered',2,'0','已发货','000000',0,'2026-06-23 09:00:00','2026-06-23 09:00:00'),('900053','900006','已收货','received',3,'0','已收货','000000',0,'2026-06-23 09:00:00','2026-06-23 09:00:00'),('900061','900007','未开票','unbilled',1,'0','未开票','000000',0,'2026-06-23 09:00:00','2026-06-23 09:00:00'),('900062','900007','已开票','billed',2,'0','已开票','000000',0,'2026-06-23 09:00:00','2026-06-23 09:00:00'),('900071','900008','正常','normal',1,'0','正常库存','000000',0,'2026-06-23 09:00:00','2026-06-23 09:00:00'),('900072','900008','预警','warning',2,'0','库存预警','000000',0,'2026-06-23 09:00:00','2026-06-23 09:00:00'),('900073','900008','缺货','shortage',3,'0','库存缺货','000000',0,'2026-06-23 09:00:00','2026-06-23 09:00:00');
/*!40000 ALTER TABLE `sys_dict_data` ENABLE KEYS */;
UNLOCK TABLES;

--
-- Table structure for table `sys_dict_type`
--

DROP TABLE IF EXISTS `sys_dict_type`;
/*!40101 SET @saved_cs_client     = @@character_set_client */;
/*!50503 SET character_set_client = utf8mb4 */;
CREATE TABLE `sys_dict_type` (
  `dict_type_id` varchar(32) NOT NULL COMMENT '字典类型ID',
  `dict_name` varchar(100) NOT NULL COMMENT '字典名称',
  `dict_type` varchar(100) NOT NULL COMMENT '字典类型',
  `status` char(1) NOT NULL DEFAULT '0' COMMENT '0正常 1停用',
  `remark` varchar(500) DEFAULT NULL COMMENT '备注',
  `tenant_id` varchar(32) NOT NULL DEFAULT '000000' COMMENT '租户ID',
  `deleted` tinyint NOT NULL DEFAULT '0' COMMENT '逻辑删除',
  `create_time` datetime NOT NULL DEFAULT CURRENT_TIMESTAMP,
  `update_time` datetime DEFAULT CURRENT_TIMESTAMP ON UPDATE CURRENT_TIMESTAMP,
  PRIMARY KEY (`dict_type_id`),
  UNIQUE KEY `uk_dict_type_tenant` (`tenant_id`,`dict_type`),
  KEY `idx_dict_type_tenant` (`tenant_id`)
) ENGINE=InnoDB DEFAULT CHARSET=utf8mb4 COLLATE=utf8mb4_0900_ai_ci COMMENT='字典类型表';
/*!40101 SET character_set_client = @saved_cs_client */;

--
-- Dumping data for table `sys_dict_type`
--

LOCK TABLES `sys_dict_type` WRITE;
/*!40000 ALTER TABLE `sys_dict_type` DISABLE KEYS */;
INSERT INTO `sys_dict_type` VALUES ('000201','性别','sys_gender','0','用户性别字典','000000',0,'2026-06-11 00:58:56','2026-06-11 00:58:56'),('000202','状态','sys_status','0','通用状态字典','000000',0,'2026-06-11 00:58:56','2026-06-11 00:58:56'),('000203','菜单类型','sys_menu_type','0','菜单类型字典','000000',0,'2026-06-11 00:58:56','2026-06-11 00:58:56'),('000204','是否','sys_yes_no','0','是否字典','000000',0,'2026-06-11 00:58:56','2026-06-11 00:58:56'),('000205','配置类型','sys_config_type','0','系统配置类型','000000',0,'2026-06-11 00:58:56','2026-06-12 03:12:04'),('000206','登录类型','sys_login_type','0','系统登录方式','000000',0,'2026-06-16 09:28:16','2026-06-16 09:28:16'),('000207','业务类型','sys_business_type','0','系统操作业务类型','000000',0,'2026-06-16 09:28:20','2026-06-16 09:28:20'),('000208','上传状态','sys_upload_status','0','文件上传结果状态','000000',0,'2026-06-16 09:28:24','2026-06-16 09:28:24'),('000209','访问类型','sys_access_type','0','上传文件访问类型','000000',0,'2026-06-16 09:28:30','2026-06-16 09:28:30'),('324832179827904512','OSS类型配置','sys_storage_type','0','minio|阿里云|腾讯云...','000000',0,'2026-06-15 08:47:07','2026-06-15 08:47:07'),('325153530858049536','桶访问类型','sys_bucket_access_type','0','用于区分文件上传到公共桶或私有桶','000000',0,'2026-06-16 06:04:03','2026-06-16 06:04:03');
/*!40000 ALTER TABLE `sys_dict_type` ENABLE KEYS */;
UNLOCK TABLES;

--
-- Table structure for table `sys_file`
--

DROP TABLE IF EXISTS `sys_file`;
/*!40101 SET @saved_cs_client     = @@character_set_client */;
/*!50503 SET character_set_client = utf8mb4 */;
CREATE TABLE `sys_file` (
  `file_id` varchar(32) COLLATE utf8mb4_unicode_ci NOT NULL COMMENT '文件ID',
  `tenant_id` varchar(32) COLLATE utf8mb4_unicode_ci NOT NULL COMMENT '租户ID',
  `storage_id` varchar(32) COLLATE utf8mb4_unicode_ci NOT NULL COMMENT '存储配置ID',
  `bucket_name` varchar(100) COLLATE utf8mb4_unicode_ci NOT NULL COMMENT '桶名称',
  `object_name` varchar(512) COLLATE utf8mb4_unicode_ci NOT NULL COMMENT '对象路径',
  `original_name` varchar(255) COLLATE utf8mb4_unicode_ci NOT NULL COMMENT '原始文件名',
  `file_name` varchar(255) COLLATE utf8mb4_unicode_ci NOT NULL COMMENT '存储文件名',
  `file_ext` varchar(32) COLLATE utf8mb4_unicode_ci DEFAULT NULL COMMENT '文件后缀',
  `mime_type` varchar(128) COLLATE utf8mb4_unicode_ci DEFAULT NULL COMMENT 'MIME类型',
  `file_size` bigint NOT NULL DEFAULT '0' COMMENT '文件大小',
  `access_type` varchar(20) COLLATE utf8mb4_unicode_ci NOT NULL DEFAULT 'private' COMMENT 'public/private',
  `module_name` varchar(64) COLLATE utf8mb4_unicode_ci DEFAULT NULL COMMENT '业务模块',
  `url` varchar(1000) COLLATE utf8mb4_unicode_ci DEFAULT NULL COMMENT '公共文件URL，私有文件为空',
  `create_by` varchar(32) COLLATE utf8mb4_unicode_ci DEFAULT NULL,
  `create_time` datetime DEFAULT CURRENT_TIMESTAMP,
  `update_by` varchar(32) COLLATE utf8mb4_unicode_ci DEFAULT NULL,
  `update_time` datetime DEFAULT CURRENT_TIMESTAMP ON UPDATE CURRENT_TIMESTAMP,
  `deleted` tinyint NOT NULL DEFAULT '0',
  PRIMARY KEY (`file_id`),
  KEY `idx_tenant_id` (`tenant_id`),
  KEY `idx_storage_id` (`storage_id`),
  KEY `idx_bucket_object` (`bucket_name`,`object_name`),
  KEY `idx_access_type` (`access_type`),
  KEY `idx_module_name` (`module_name`)
) ENGINE=InnoDB DEFAULT CHARSET=utf8mb4 COLLATE=utf8mb4_unicode_ci COMMENT='文件资源表';
/*!40101 SET character_set_client = @saved_cs_client */;

--
-- Dumping data for table `sys_file`
--

LOCK TABLES `sys_file` WRITE;
/*!40000 ALTER TABLE `sys_file` DISABLE KEYS */;
INSERT INTO `sys_file` VALUES ('325151909738582016','000000','000001','private-assets','头像/1781589455662_images.jpg','images.jpg','images.jpg','jpg','image/jpeg',5354,'private','头像',NULL,NULL,'2026-06-16 05:57:36',NULL,'2026-06-22 08:33:56',1),('325155265907396608','000000','000001','public-assets','头像/1781590255855_images.jpg','images.jpg','images.jpg','jpg','image/jpeg',5354,'public','头像','https://s3.minion.xlcig.cn/public-assets/头像/1781590255855_images.jpg',NULL,'2026-06-16 06:10:56',NULL,'2026-06-22 08:34:00',1),('325441325367431168','000000','000001','private-assets','头像/1781658458065_jaihao@2x.png','jaihao@2x.png','jaihao@2x.png','png','image/png',190,'private','头像',NULL,NULL,'2026-06-17 01:07:38',NULL,'2026-06-17 01:10:20',1),('325441335437955072','000000','000001','private-assets','头像/1781658460626_jaihao@2x.png','jaihao@2x.png','jaihao@2x.png','png','image/png',190,'private','头像',NULL,NULL,'2026-06-17 01:07:41',NULL,'2026-06-17 01:10:17',1),('325441758840360960','000000','000001','private-assets','头像/1781658561442_jaihao@2x.png','jaihao@2x.png','jaihao@2x.png','png','image/png',190,'private','头像',NULL,NULL,'2026-06-17 01:09:22',NULL,'2026-06-17 01:10:14',1),('325441924779610112','000000','000001','private-assets','头像/1781658600976_jaihao@2x.png','jaihao@2x.png','jaihao@2x.png','png','image/png',190,'private','头像',NULL,NULL,'2026-06-17 01:10:01',NULL,'2026-06-17 01:10:11',1),('325442039544156160','000000','000001','public-assets','头像/1781658628415_sanjiao@2x.png','sanjiao@2x.png','sanjiao@2x.png','png','image/png',454,'public','头像','https://s3.minion.xlcig.cn/public-assets/头像/1781658628415_sanjiao@2x.png',NULL,'2026-06-17 01:10:29',NULL,'2026-06-22 08:36:04',1),('325452100014313472','000000','000001','public-assets','头像/1781661026961_jian@2x.png','jian@2x.png','jian@2x.png','png','image/png',702,'public','头像','https://s3.minion.xlcig.cn/public-assets/头像/1781661026961_jian@2x.png',NULL,'2026-06-17 01:50:27',NULL,'2026-06-17 01:50:27',0),('325456136671203328','000000','000001','public-assets','avatar/1781661989382_images.jpg','images.jpg','images.jpg','jpg','image/jpeg',5354,'public','avatar','https://s3.minion.xlcig.cn/public-assets/avatar/1781661989382_images.jpg',NULL,'2026-06-17 02:06:30',NULL,'2026-06-17 02:06:30',0),('325456179692179456','000000','000001','public-assets','avatar/1781661999673_images.jpg','images.jpg','images.jpg','jpg','image/jpeg',5354,'public','avatar','https://s3.minion.xlcig.cn/public-assets/avatar/1781661999673_images.jpg',NULL,'2026-06-17 02:06:40',NULL,'2026-06-22 08:37:26',1),('327364300417142784','000000','000001','public-assets','Logo/1782116930943_icon-512x512.png','icon-512x512.png','icon-512x512.png','png','image/png',140523,'public','Logo','https://s3.minion.xlcig.cn/public-assets/Logo/1782116930943_icon-512x512.png',NULL,'2026-06-22 08:28:51',NULL,'2026-06-22 08:28:51',0),('327364429765283840','000000','000001','public-assets','Logo/1782116961918_icon-128x128.png','icon-128x128.png','icon-128x128.png','png','image/png',17728,'public','Logo','https://s3.minion.xlcig.cn/public-assets/Logo/1782116961918_icon-128x128.png',NULL,'2026-06-22 08:29:22',NULL,'2026-06-22 08:29:22',0),('327364614016864256','000000','000001','public-assets','avatar/1782117005845_icon-192x192.png','icon-192x192.png','icon-192x192.png','png','image/png',31774,'public','avatar','https://s3.minion.xlcig.cn/public-assets/avatar/1782117005845_icon-192x192.png',NULL,'2026-06-22 08:30:06',NULL,'2026-06-22 08:30:06',0),('327365894550458368','000000','000001','private-assets','test/1782117310918_13号馆图纸-2026.5.22给[1].png','13号馆图纸-2026.5.22给[1].png','13号馆图纸-2026.5.22给[1].png','png','image/png',396484,'private','test',NULL,NULL,'2026-06-22 08:35:11',NULL,'2026-06-22 08:35:20',1),('327367429577641984','000000','000001','private-assets','test/1782117676996_icon-512x512.png','icon-512x512.png','icon-512x512.png','png','image/png',140523,'private','test',NULL,NULL,'2026-06-22 08:41:17',NULL,'2026-06-22 08:41:17',0),('327367574755086336','000000','000001','public-assets','test/1782117711674_icon-512x512.png','icon-512x512.png','icon-512x512.png','png','image/png',140523,'public','test','https://s3.minion.xlcig.cn/public-assets/test/1782117711674_icon-512x512.png',NULL,'2026-06-22 08:41:52',NULL,'2026-06-22 08:41:52',0),('328070674444849152','000000','000001','private-assets','common/1782285343616_icon-512x512.png','icon-512x512.png','icon-512x512.png','png','image/png',140523,'private',NULL,NULL,NULL,'2026-06-24 07:15:44',NULL,'2026-06-24 07:15:44',0),('328071085004296192','000000','000001','public-assets','news/1782285441568_icon-512x512.png','icon-512x512.png','icon-512x512.png','png','image/png',140523,'public','news','https://s3.minion.xlcig.cn/public-assets/news/1782285441568_icon-512x512.png',NULL,'2026-06-24 07:17:22',NULL,'2026-06-24 07:17:22',0),('328073284988047360','000000','000001','public-assets','news/1782285966054_icon-512x512.png','icon-512x512.png','icon-512x512.png','png','image/png',140523,'public','news','https://s3.minion.xlcig.cn/public-assets/news/1782285966054_icon-512x512.png',NULL,'2026-06-24 07:26:06',NULL,'2026-06-24 07:26:06',0),('328073576576061440','000000','000001','public-assets','news/1782286035615_icon-512x512.png','icon-512x512.png','icon-512x512.png','png','image/png',140523,'public','news','https://s3.minion.xlcig.cn/public-assets/news/1782286035615_icon-512x512.png',NULL,'2026-06-24 07:27:16',NULL,'2026-06-24 07:27:16',0),('328371822036914176','000000','000001','public-assets','download-center/1782357142210_OneDrive_入门.pdf','OneDrive 入门.pdf','OneDrive_入门.pdf','pdf','application/pdf',1247350,'public','download-center','https://s3.minion.xlcig.cn/public-assets/download-center/1782357142210_OneDrive_入门.pdf',NULL,'2026-06-25 03:12:24',NULL,'2026-06-25 03:12:24',0),('328371907353251840','000000','000001','public-assets','download-center/1782357162853_Document.docx','Document.docx','Document.docx','docx','application/vnd.openxmlformats-officedocument.wordprocessingml.document',881540,'public','download-center','https://s3.minion.xlcig.cn/public-assets/download-center/1782357162853_Document.docx',NULL,'2026-06-25 03:12:45',NULL,'2026-06-25 03:12:45',0),('328372133178773504','000000','000001','public-assets','download-center/1782357217177_system-user-template.xlsx','system-user-template.xlsx','system-user-template.xlsx','xlsx','application/vnd.openxmlformats-officedocument.spreadsheetml.sheet',6637,'public','download-center','https://s3.minion.xlcig.cn/public-assets/download-center/1782357217177_system-user-template.xlsx',NULL,'2026-06-25 03:13:39',NULL,'2026-06-25 03:13:39',0);
/*!40000 ALTER TABLE `sys_file` ENABLE KEYS */;
UNLOCK TABLES;

--
-- Table structure for table `sys_global_search_config`
--

DROP TABLE IF EXISTS `sys_global_search_config`;
/*!40101 SET @saved_cs_client     = @@character_set_client */;
/*!50503 SET character_set_client = utf8mb4 */;
CREATE TABLE `sys_global_search_config` (
  `search_id` varchar(32) NOT NULL COMMENT '搜索配置ID',
  `module_key` varchar(64) NOT NULL COMMENT '模块标识',
  `module_name` varchar(64) NOT NULL COMMENT '模块名称',
  `permission` varchar(128) NOT NULL COMMENT '全局搜索权限标识',
  `route_path` varchar(255) DEFAULT NULL COMMENT '前端跳转路径',
  `source_table` varchar(128) DEFAULT NULL COMMENT '来源业务表',
  `biz_id_field` varchar(128) DEFAULT NULL COMMENT '业务主键字段',
  `title_field` varchar(128) DEFAULT NULL COMMENT '标题字段',
  `subtitle_field` varchar(128) DEFAULT NULL COMMENT '副标题字段',
  `content_fields` varchar(1000) DEFAULT NULL COMMENT '内容字段，逗号分隔',
  `tenant_field` varchar(64) DEFAULT 'tenant_id' COMMENT '租户字段',
  `owner_field` varchar(64) DEFAULT NULL COMMENT '负责人字段',
  `dept_field` varchar(64) DEFAULT NULL COMMENT '部门字段',
  `created_by_field` varchar(64) DEFAULT 'created_by' COMMENT '创建人字段',
  `status_field` varchar(64) DEFAULT 'status' COMMENT '状态字段',
  `deleted_field` varchar(64) DEFAULT 'deleted' COMMENT '删除字段',
  `enabled` tinyint DEFAULT '1' COMMENT '是否启用：1启用 0停用',
  `sort` int DEFAULT '0' COMMENT '排序',
  `remark` varchar(500) DEFAULT NULL COMMENT '备注',
  `deleted` tinyint NOT NULL DEFAULT '0' COMMENT '逻辑删除',
  `create_time` datetime NOT NULL DEFAULT CURRENT_TIMESTAMP,
  `update_time` datetime DEFAULT CURRENT_TIMESTAMP ON UPDATE CURRENT_TIMESTAMP,
  PRIMARY KEY (`search_id`),
  UNIQUE KEY `uk_search_module` (`module_key`),
  KEY `idx_search_config_enabled` (`enabled`,`sort`)
) ENGINE=InnoDB DEFAULT CHARSET=utf8mb4 COLLATE=utf8mb4_0900_ai_ci COMMENT='全局搜索配置表';
/*!40101 SET character_set_client = @saved_cs_client */;

--
-- Dumping data for table `sys_global_search_config`
--

LOCK TABLES `sys_global_search_config` WRITE;
/*!40000 ALTER TABLE `sys_global_search_config` DISABLE KEYS */;
INSERT INTO `sys_global_search_config` VALUES ('GS_CONFIG','config','系统参数','system:config:search','/system/config','sys_config','config_id','config_name','config_key','config_name,config_key,config_value,remark','tenant_id',NULL,NULL,'create_by','status','deleted',1,70,'系统参数全局搜索',0,'2026-06-17 00:00:00','2026-06-17 00:00:00'),('GS_DEPT','dept','部门管理','system:dept:search','/system/dept','sys_dept','dept_id','dept_name',NULL,'dept_name','tenant_id',NULL,NULL,'create_by','status','deleted',1,40,'部门管理全局搜索',0,'2026-06-17 00:00:00','2026-06-17 00:00:00'),('GS_DICT_DATA','dict-data','字典数据','system:dict:search','/system/dict','sys_dict_data','dict_data_id','dict_label','dict_value','dict_label,dict_value,remark','tenant_id',NULL,NULL,'create_by','status','deleted',1,60,'字典数据全局搜索',0,'2026-06-17 00:00:00','2026-06-17 00:00:00'),('GS_DICT_TYPE','dict-type','字典类型','system:dict:search','/system/dict','sys_dict_type','dict_type_id','dict_name','dict_type','dict_name,dict_type,remark','tenant_id',NULL,NULL,'create_by','status','deleted',1,50,'字典类型全局搜索',0,'2026-06-17 00:00:00','2026-06-17 00:00:00'),('GS_FILE','file','文件管理','system:file:search','/system/storage','sys_file','file_id','original_name','file_name','original_name,file_name,object_name,module_name','tenant_id',NULL,NULL,'create_by',NULL,'deleted',1,120,'文件管理全局搜索',0,'2026-06-17 00:00:00','2026-06-17 00:00:00'),('GS_LOG_LOGIN','log-login','登录日志','system:log:search','/system/log','sys_log_login','log_id','username','login_type','username,login_type,ipaddr,location,os,browser,msg','tenant_id',NULL,NULL,'create_by','status','deleted',1,130,'登录日志全局搜索',0,'2026-06-17 00:00:00','2026-06-17 00:00:00'),('GS_LOG_OPERATION','log-operation','操作日志','system:log:search','/system/log','sys_log_operation','oper_id','title','business_type','title,business_type,oper_name,request_method,oper_url','tenant_id',NULL,NULL,'create_by','status','deleted',1,140,'操作日志全局搜索',0,'2026-06-17 00:00:00','2026-06-17 00:00:00'),('GS_MENU','menu','菜单管理','system:menu:search','/system/menu','sys_menu','menu_id','menu_name','perms','menu_name,path,component,perms',NULL,NULL,NULL,'create_by','status','deleted',1,30,'菜单管理全局搜索',0,'2026-06-17 00:00:00','2026-06-17 00:00:00'),('GS_PACKAGE','package','套餐管理','system:package:search','/system/package','sys_package','package_id','package_name','package_code','package_name,package_code,remark',NULL,NULL,NULL,'create_by','status','deleted',1,90,'套餐管理全局搜索',0,'2026-06-17 00:00:00','2026-06-17 00:00:00'),('GS_PAGE_CONFIG','page-config','页面配置','system:page-config:search','/system/page-config','sys_page_config','page_config_id','page_name','page_code','page_name,page_code,remark','tenant_id',NULL,NULL,'create_by','status','deleted',1,110,'页面配置全局搜索',0,'2026-06-17 00:00:00','2026-06-17 00:00:00'),('GS_ROLE','role','角色管理','system:role:search','/system/role','sys_role','role_id','role_name','role_key','role_name,role_key,remark','tenant_id',NULL,NULL,'create_by','status','deleted',1,20,'角色管理全局搜索',0,'2026-06-17 00:00:00','2026-06-17 00:00:00'),('GS_TENANT','tenant','租户管理','system:tenant:search','/system/tenant','sys_tenant','tenant_id','tenant_name','tenant_name','tenant_name,domain_name,remark','tenant_id',NULL,NULL,'create_by','status','deleted',1,80,'租户管理全局搜索',0,'2026-06-17 00:00:00','2026-06-17 00:00:00'),('GS_THEME','theme','主题配置','system:theme:search','/system/theme','sys_theme','theme_id','theme_name','theme_key','theme_name,theme_key,remark','tenant_id',NULL,NULL,'create_by','status','deleted',1,100,'主题配置全局搜索',0,'2026-06-17 00:00:00','2026-06-17 00:00:00'),('GS_USER','user','用户管理','system:user:search','/system/user','sys_user','user_id','username','nickname','username,nickname,real_name,phone,email','tenant_id',NULL,'dept_id','create_by','status','deleted',1,10,'用户管理全局搜索',0,'2026-06-17 00:00:00','2026-06-17 00:00:00');
/*!40000 ALTER TABLE `sys_global_search_config` ENABLE KEYS */;
UNLOCK TABLES;

--
-- Table structure for table `sys_login_log`
--

DROP TABLE IF EXISTS `sys_login_log`;
/*!40101 SET @saved_cs_client     = @@character_set_client */;
/*!50503 SET character_set_client = utf8mb4 */;
CREATE TABLE `sys_login_log` (
  `log_id` varchar(32) NOT NULL COMMENT '日志ID',
  `tenant_id` varchar(32) NOT NULL DEFAULT '000000' COMMENT '租户ID',
  `user_id` varchar(32) DEFAULT NULL COMMENT '用户ID',
  `username` varchar(50) DEFAULT NULL COMMENT '用户名',
  `login_type` varchar(20) NOT NULL DEFAULT 'password' COMMENT '登录方式：password/otp/sms/oauth等',
  `login_status` char(1) NOT NULL DEFAULT '1' COMMENT '登录状态：1成功 0失败',
  `fail_reason` varchar(500) DEFAULT NULL COMMENT '失败原因',
  `login_ip` varchar(45) DEFAULT NULL COMMENT '登录IP',
  `user_agent` varchar(500) DEFAULT NULL COMMENT 'User-Agent',
  `request_id` varchar(64) DEFAULT NULL COMMENT '请求追踪ID',
  `login_time` datetime NOT NULL DEFAULT CURRENT_TIMESTAMP COMMENT '登录时间',
  PRIMARY KEY (`log_id`),
  KEY `idx_login_log_tenant_time` (`tenant_id`,`login_time`),
  KEY `idx_login_log_user_time` (`user_id`,`login_time`),
  KEY `idx_login_log_status` (`login_status`),
  KEY `idx_login_log_request_id` (`request_id`)
) ENGINE=InnoDB DEFAULT CHARSET=utf8mb4 COLLATE=utf8mb4_0900_ai_ci COMMENT='登录日志表';
/*!40101 SET character_set_client = @saved_cs_client */;

--
-- Dumping data for table `sys_login_log`
--

LOCK TABLES `sys_login_log` WRITE;
/*!40000 ALTER TABLE `sys_login_log` DISABLE KEYS */;
INSERT INTO `sys_login_log` VALUES ('325522806764867584','000000','000001','superadmin','password','1',NULL,NULL,NULL,NULL,'2026-06-17 06:31:25'),('325526706855219200','000000','000001','superadmin','password','1',NULL,NULL,NULL,NULL,'2026-06-17 06:46:55'),('325531365657415680','000000','000001','superadmin','password','1',NULL,NULL,NULL,NULL,'2026-06-17 07:05:26'),('325536736702763008','000000','000001','superadmin','password','1',NULL,NULL,NULL,NULL,'2026-06-17 07:26:47'),('325543494095605760','000000','000001','superadmin','password','1',NULL,NULL,NULL,NULL,'2026-06-17 07:53:38'),('325547892846759936','000000','000001','superadmin','password','1',NULL,NULL,NULL,NULL,'2026-06-17 08:11:06'),('325549562859229184','000000','000001','superadmin','password','1',NULL,NULL,NULL,NULL,'2026-06-17 08:17:45'),('325554295007219712','000000','000001','superadmin','password','1',NULL,NULL,NULL,NULL,'2026-06-17 08:36:33'),('325561651384422400','000000','000001','superadmin','password','1',NULL,NULL,NULL,NULL,'2026-06-17 09:05:47'),('325565118098313216','000000','000001','superadmin','password','1',NULL,NULL,NULL,NULL,'2026-06-17 09:19:33'),('325565503353524224','000000','000001','superadmin','password','1',NULL,NULL,NULL,NULL,'2026-06-17 09:21:05'),('325565721197285376','000000','000001','superadmin','password','1',NULL,NULL,NULL,NULL,'2026-06-17 09:21:57'),('325803729603399680','000000',NULL,' superadmin','password','0','租户、用户名或密码错误',NULL,NULL,NULL,'2026-06-18 01:07:44'),('325804006679121920','000000','000001','superadmin','password','1',NULL,NULL,NULL,NULL,'2026-06-18 01:08:50'),('325873514542403584','000000','000001','superadmin','password','1',NULL,NULL,NULL,NULL,'2026-06-18 05:45:00'),('325878281180155904','000000','000001','superadmin','password','1',NULL,NULL,NULL,NULL,'2026-06-18 06:03:56'),('325885774564298752','000000','000001','superadmin','password','1',NULL,NULL,NULL,NULL,'2026-06-18 06:33:43'),('325910076563001344','000000','000001','superadmin','password','1',NULL,NULL,NULL,NULL,'2026-06-18 08:10:17'),('325913303647916032','000000','000001','superadmin','password','1',NULL,NULL,NULL,NULL,'2026-06-18 08:23:07'),('325917881185472512','000000','000001','superadmin','password','1',NULL,NULL,NULL,NULL,'2026-06-18 08:41:18'),('325922060054433792','000000','000001','superadmin','password','1',NULL,NULL,NULL,NULL,'2026-06-18 08:57:54'),('325926558588080128','000000','000001','superadmin','password','1',NULL,NULL,NULL,NULL,'2026-06-18 09:15:47'),('325930490227986432','000000','000001','superadmin','password','1',NULL,NULL,NULL,NULL,'2026-06-18 09:31:24'),('327260289139609600','000000','000001','superadmin','password','1',NULL,NULL,NULL,NULL,'2026-06-22 01:35:34'),('327265616396423168','000000','000001','superadmin','password','1',NULL,NULL,NULL,NULL,'2026-06-22 01:56:44'),('327274864522170368','000000','000001','superadmin','password','1',NULL,NULL,NULL,NULL,'2026-06-22 02:33:29'),('327278641291595776','000000','000001','superadmin','password','1',NULL,NULL,NULL,NULL,'2026-06-22 02:48:30'),('327283650267844608','000000','000001','superadmin','password','1',NULL,NULL,NULL,NULL,'2026-06-22 03:08:24'),('327287720592412672','000000','000001','superadmin','password','1',NULL,NULL,NULL,NULL,'2026-06-22 03:24:34'),('327292046773719040','000000','000001','superadmin','password','1',NULL,NULL,NULL,NULL,'2026-06-22 03:41:46'),('327323628364500992','000000','000001','superadmin','password','1',NULL,NULL,NULL,NULL,'2026-06-22 05:47:14'),('327327215136149504','000000','000001','superadmin','password','1',NULL,NULL,NULL,NULL,'2026-06-22 06:01:29'),('327327534633062400','000000','000001','superadmin','password','1',NULL,NULL,NULL,NULL,'2026-06-22 06:02:45'),('327331723404775424','000000','000001','superadmin','password','1',NULL,'127.0.0.1','Mozilla/5.0 (Windows NT 10.0; Win64; x64) AppleWebKit/537.36 (KHTML, like Gecko) Chrome/149.0.0.0 Safari/537.36',NULL,'2026-06-22 06:19:24'),('327337331969363968','000000','000001','superadmin','password','1',NULL,NULL,'Mozilla/5.0 (Windows NT 10.0; Win64; x64) AppleWebKit/537.36 (KHTML, like Gecko) Chrome/149.0.0.0 Safari/537.36',NULL,'2026-06-22 06:41:41'),('327341267530944512','000000','000001','superadmin','password','1',NULL,NULL,'Mozilla/5.0 (Windows NT 10.0; Win64; x64) AppleWebKit/537.36 (KHTML, like Gecko) Chrome/149.0.0.0 Safari/537.36',NULL,'2026-06-22 06:57:20'),('327347048552730624','000000','000001','superadmin','password','1',NULL,NULL,'Mozilla/5.0 (Windows NT 10.0; Win64; x64) AppleWebKit/537.36 (KHTML, like Gecko) Chrome/149.0.0.0 Safari/537.36',NULL,'2026-06-22 07:20:18'),('327359753418313728','000000','000001','superadmin','password','1',NULL,NULL,'Mozilla/5.0 (Windows NT 10.0; Win64; x64) AppleWebKit/537.36 (KHTML, like Gecko) Chrome/149.0.0.0 Safari/537.36',NULL,'2026-06-22 08:10:47'),('327363866902269952','000000','000001','superadmin','password','1',NULL,NULL,'Mozilla/5.0 (Windows NT 10.0; Win64; x64) AppleWebKit/537.36 (KHTML, like Gecko) Chrome/149.0.0.0 Safari/537.36',NULL,'2026-06-22 08:27:08'),('327640591494156288','000000','000001','superadmin','password','1',NULL,NULL,'Mozilla/5.0 (Windows NT 10.0; Win64; x64) AppleWebKit/537.36 (KHTML, like Gecko) Chrome/149.0.0.0 Safari/537.36',NULL,'2026-06-23 02:46:45'),('327648788745424896','000000','000001','superadmin','password','1',NULL,NULL,'Mozilla/5.0 (Windows NT 10.0; Win64; x64) AppleWebKit/537.36 (KHTML, like Gecko) Chrome/149.0.0.0 Safari/537.36',NULL,'2026-06-23 03:19:20'),('327654387067523072','000000','000001','superadmin','password','1',NULL,'119.123.70.130','Mozilla/5.0 (Windows NT 10.0; Win64; x64) AppleWebKit/537.36 (KHTML, like Gecko) Chrome/149.0.0.0 Safari/537.36',NULL,'2026-06-23 03:41:35'),('327686933729906688','000000','000001','superadmin','password','1',NULL,NULL,'Mozilla/5.0 (Windows NT 10.0; Win64; x64) AppleWebKit/537.36 (KHTML, like Gecko) Chrome/149.0.0.0 Safari/537.36',NULL,'2026-06-23 05:50:53'),('327691688439058432','000000','000001','superadmin','password','1',NULL,NULL,'Mozilla/5.0 (Windows NT 10.0; Win64; x64) AppleWebKit/537.36 (KHTML, like Gecko) Chrome/149.0.0.0 Safari/537.36',NULL,'2026-06-23 06:09:46'),('327692299138109440','000000','000001','superadmin','password','1',NULL,NULL,'Mozilla/5.0 (Windows NT 10.0; Win64; x64) AppleWebKit/537.36 (KHTML, like Gecko) Chrome/149.0.0.0 Safari/537.36',NULL,'2026-06-23 06:12:12'),('327696667157598208','000000','000001','superadmin','password','1',NULL,NULL,'Mozilla/5.0 (Windows NT 10.0; Win64; x64) AppleWebKit/537.36 (KHTML, like Gecko) Chrome/149.0.0.0 Safari/537.36',NULL,'2026-06-23 06:29:33'),('327705198988496896','100000','100001','admin','password','1',NULL,NULL,'Mozilla/5.0 (Windows NT 10.0; Win64; x64) AppleWebKit/537.36 (KHTML, like Gecko) Chrome/149.0.0.0 Safari/537.36',NULL,'2026-06-23 07:03:28'),('327707697908682752','327707622562205696','327707622562205699','admin','password','1',NULL,NULL,'Mozilla/5.0 (Windows NT 10.0; Win64; x64) AppleWebKit/537.36 (KHTML, like Gecko) Chrome/149.0.0.0 Safari/537.36',NULL,'2026-06-23 07:13:23'),('327708703757307904','100000','100001','admin','password','1',NULL,NULL,'Mozilla/5.0 (Windows NT 10.0; Win64; x64) AppleWebKit/537.36 (KHTML, like Gecko) Chrome/149.0.0.0 Safari/537.36',NULL,'2026-06-23 07:17:23'),('327709181463367680','000000','000001','superadmin','password','1',NULL,NULL,'Mozilla/5.0 (Windows NT 10.0; Win64; x64) AppleWebKit/537.36 (KHTML, like Gecko) Chrome/149.0.0.0 Safari/537.36',NULL,'2026-06-23 07:19:17'),('327709861699784704','327707622562205696','327707622562205699','admin','password','1',NULL,NULL,'Mozilla/5.0 (Windows NT 10.0; Win64; x64) AppleWebKit/537.36 (KHTML, like Gecko) Chrome/149.0.0.0 Safari/537.36',NULL,'2026-06-23 07:21:59'),('327709970890100736','100000','100001','admin','password','1',NULL,NULL,'Mozilla/5.0 (Windows NT 10.0; Win64; x64) AppleWebKit/537.36 (KHTML, like Gecko) Chrome/149.0.0.0 Safari/537.36',NULL,'2026-06-23 07:22:25'),('327710898573676544','327707622562205696','327707622562205699','admin','password','1',NULL,NULL,'Mozilla/5.0 (Windows NT 10.0; Win64; x64) AppleWebKit/537.36 (KHTML, like Gecko) Chrome/149.0.0.0 Safari/537.36',NULL,'2026-06-23 07:26:07'),('327712721502081024','000000','327712656561672192','abc123','password','0','用户名或密码错误',NULL,'Mozilla/5.0 (Windows NT 10.0; Win64; x64) AppleWebKit/537.36 (KHTML, like Gecko) Chrome/149.0.0.0 Safari/537.36',NULL,'2026-06-23 07:33:21'),('327712748404346880','000000','000001','superadmin','password','1',NULL,NULL,'Mozilla/5.0 (Windows NT 10.0; Win64; x64) AppleWebKit/537.36 (KHTML, like Gecko) Chrome/149.0.0.0 Safari/537.36',NULL,'2026-06-23 07:33:28'),('327712854943862784','000000','327712656561672192','abc123','password','0','用户名或密码错误',NULL,'Mozilla/5.0 (Windows NT 10.0; Win64; x64) AppleWebKit/537.36 (KHTML, like Gecko) Chrome/149.0.0.0 Safari/537.36',NULL,'2026-06-23 07:33:53'),('327712947210162176','000000','327712656561672192','abc123','password','1',NULL,NULL,'Mozilla/5.0 (Windows NT 10.0; Win64; x64) AppleWebKit/537.36 (KHTML, like Gecko) Chrome/149.0.0.0 Safari/537.36',NULL,'2026-06-23 07:34:15'),('327713019410911232','000000','000001','superadmin','password','1',NULL,NULL,'Mozilla/5.0 (Windows NT 10.0; Win64; x64) AppleWebKit/537.36 (KHTML, like Gecko) Chrome/149.0.0.0 Safari/537.36',NULL,'2026-06-23 07:34:32'),('327713475965095936','000000','327713420797415424','admin123','password','1',NULL,NULL,'Mozilla/5.0 (Windows NT 10.0; Win64; x64) AppleWebKit/537.36 (KHTML, like Gecko) Chrome/149.0.0.0 Safari/537.36',NULL,'2026-06-23 07:36:21'),('327713596689747968','000000','000001','superadmin','password','1',NULL,NULL,'Mozilla/5.0 (Windows NT 10.0; Win64; x64) AppleWebKit/537.36 (KHTML, like Gecko) Chrome/149.0.0.0 Safari/537.36',NULL,'2026-06-23 07:36:50'),('327713809424846848','100000','100001','admin','password','1',NULL,NULL,'Mozilla/5.0 (Windows NT 10.0; Win64; x64) AppleWebKit/537.36 (KHTML, like Gecko) Chrome/149.0.0.0 Safari/537.36',NULL,'2026-06-23 07:37:41'),('327714079500275712','327707622562205696','327707622562205699','admin','password','1',NULL,'119.123.70.130','Mozilla/5.0 (Windows NT 10.0; Win64; x64) AppleWebKit/537.36 (KHTML, like Gecko) Chrome/149.0.0.0 Safari/537.36',NULL,'2026-06-23 07:38:45'),('327714391824928768','000000','000001','superadmin','password','1',NULL,'119.123.70.130','Mozilla/5.0 (Windows NT 10.0; Win64; x64) AppleWebKit/537.36 (KHTML, like Gecko) Chrome/149.0.0.0 Safari/537.36',NULL,'2026-06-23 07:39:59'),('327720021314899968','000000',NULL,'admin','password','0','租户、用户名或密码错误',NULL,'Mozilla/5.0 (Windows NT 10.0; Win64; x64) AppleWebKit/537.36 (KHTML, like Gecko) Chrome/149.0.0.0 Safari/537.36',NULL,'2026-06-23 08:02:22'),('327720053464240128','000000',NULL,'admin','password','0','租户、用户名或密码错误',NULL,'Mozilla/5.0 (Windows NT 10.0; Win64; x64) AppleWebKit/537.36 (KHTML, like Gecko) Chrome/149.0.0.0 Safari/537.36',NULL,'2026-06-23 08:02:29'),('327720079225655296','000000',NULL,'admin','password','0','租户、用户名或密码错误',NULL,'Mozilla/5.0 (Windows NT 10.0; Win64; x64) AppleWebKit/537.36 (KHTML, like Gecko) Chrome/149.0.0.0 Safari/537.36',NULL,'2026-06-23 08:02:35'),('327720156421820416','327707622562205696','327707622562205699','admin','password','1',NULL,NULL,'Mozilla/5.0 (Windows NT 10.0; Win64; x64) AppleWebKit/537.36 (KHTML, like Gecko) Chrome/149.0.0.0 Safari/537.36',NULL,'2026-06-23 08:02:54'),('327721576357302272','000000','000001','superadmin','password','1',NULL,NULL,'Mozilla/5.0 (Windows NT 10.0; Win64; x64) AppleWebKit/537.36 (KHTML, like Gecko) Chrome/149.0.0.0 Safari/537.36',NULL,'2026-06-23 08:08:32'),('327722804629868544','327722727416926208','327722727416926211','admin','password','0','用户名或密码错误',NULL,'Mozilla/5.0 (Windows NT 10.0; Win64; x64) AppleWebKit/537.36 (KHTML, like Gecko) Chrome/149.0.0.0 Safari/537.36',NULL,'2026-06-23 08:13:25'),('327722858014969856','327722727416926208','327722727416926211','admin','password','0','用户名或密码错误',NULL,'Mozilla/5.0 (Windows NT 10.0; Win64; x64) AppleWebKit/537.36 (KHTML, like Gecko) Chrome/149.0.0.0 Safari/537.36',NULL,'2026-06-23 08:13:38'),('327722903976153088','327722727416926208','327722727416926211','admin','password','0','用户名或密码错误',NULL,'Mozilla/5.0 (Windows NT 10.0; Win64; x64) AppleWebKit/537.36 (KHTML, like Gecko) Chrome/149.0.0.0 Safari/537.36',NULL,'2026-06-23 08:13:49'),('327723676474675200','327722727416926208','327722727416926211','admin','password','0','用户名或密码错误',NULL,'Mozilla/5.0 (Windows NT 10.0; Win64; x64) AppleWebKit/537.36 (KHTML, like Gecko) Chrome/149.0.0.0 Safari/537.36',NULL,'2026-06-23 08:16:53'),('327723732372164608','327722727416926208','327722727416926211','admin','password','1',NULL,NULL,'Mozilla/5.0 (Windows NT 10.0; Win64; x64) AppleWebKit/537.36 (KHTML, like Gecko) Chrome/149.0.0.0 Safari/537.36',NULL,'2026-06-23 08:17:06'),('327725880828891136','000000','000001','superadmin','password','1',NULL,NULL,'Mozilla/5.0 (Windows NT 10.0; Win64; x64) AppleWebKit/537.36 (KHTML, like Gecko) Chrome/149.0.0.0 Safari/537.36',NULL,'2026-06-23 08:25:39'),('328001322345435136','000000','000001','superadmin','password','1',NULL,NULL,'Mozilla/5.0 (Windows NT 10.0; Win64; x64) AppleWebKit/537.36 (KHTML, like Gecko) Chrome/149.0.0.0 Safari/537.36',NULL,'2026-06-24 02:40:10'),('328008948449939456','000000','000001','superadmin','password','1',NULL,NULL,'Mozilla/5.0 (Windows NT 10.0; Win64; x64) AppleWebKit/537.36 (KHTML, like Gecko) Chrome/149.0.0.0 Safari/537.36',NULL,'2026-06-24 03:10:28'),('328009134538625024','327722727416926208','327722727416926211','admin','password','0','用户名或密码错误',NULL,'Mozilla/5.0 (Windows NT 10.0; Win64; x64) AppleWebKit/537.36 (KHTML, like Gecko) Chrome/149.0.0.0 Safari/537.36',NULL,'2026-06-24 03:11:13'),('328009203316822016','327722727416926208','327722727416926211','admin','password','1',NULL,NULL,'Mozilla/5.0 (Windows NT 10.0; Win64; x64) AppleWebKit/537.36 (KHTML, like Gecko) Chrome/149.0.0.0 Safari/537.36',NULL,'2026-06-24 03:11:29'),('328009947373768704','327722727416926208','327722727416926211','admin','password','1',NULL,NULL,'Mozilla/5.0 (Windows NT 10.0; Win64; x64) AppleWebKit/537.36 (KHTML, like Gecko) Chrome/149.0.0.0 Safari/537.36',NULL,'2026-06-24 03:14:27'),('328010535838814208','000000','000001','superadmin','password','1',NULL,NULL,'Mozilla/5.0 (Windows NT 10.0; Win64; x64) AppleWebKit/537.36 (KHTML, like Gecko) Chrome/149.0.0.0 Safari/537.36',NULL,'2026-06-24 03:16:47'),('328010661042982912','327722727416926208','327722727416926211','admin','password','1',NULL,NULL,'Mozilla/5.0 (Windows NT 10.0; Win64; x64) AppleWebKit/537.36 (KHTML, like Gecko) Chrome/149.0.0.0 Safari/537.36',NULL,'2026-06-24 03:17:17'),('328011054099599360','000000','000001','superadmin','password','1',NULL,NULL,'Mozilla/5.0 (Windows NT 10.0; Win64; x64) AppleWebKit/537.36 (KHTML, like Gecko) Chrome/149.0.0.0 Safari/537.36',NULL,'2026-06-24 03:18:50'),('328012467122868224','327722727416926208','327722727416926211','admin','password','0','用户名或密码错误','119.123.70.130','Mozilla/5.0 (Windows NT 10.0; Win64; x64) AppleWebKit/537.36 (KHTML, like Gecko) Chrome/149.0.0.0 Safari/537.36',NULL,'2026-06-24 03:24:27'),('328012535397748736','327722727416926208','327722727416926211','admin','password','1',NULL,NULL,'Mozilla/5.0 (Windows NT 10.0; Win64; x64) AppleWebKit/537.36 (KHTML, like Gecko) Chrome/149.0.0.0 Safari/537.36',NULL,'2026-06-24 03:24:44'),('328012956396818432','000000','000001','superadmin','password','1',NULL,'119.123.70.130','Mozilla/5.0 (Windows NT 10.0; Win64; x64) AppleWebKit/537.36 (KHTML, like Gecko) Chrome/149.0.0.0 Safari/537.36',NULL,'2026-06-24 03:26:24'),('328018859556737024','000000','000001','superadmin','password','1',NULL,NULL,'Mozilla/5.0 (Windows NT 10.0; Win64; x64) AppleWebKit/537.36 (KHTML, like Gecko) Chrome/149.0.0.0 Safari/537.36',NULL,'2026-06-24 03:49:50'),('328055053837537280','000000','000001','superadmin','password','1',NULL,NULL,'Mozilla/5.0 (Windows NT 10.0; Win64; x64) AppleWebKit/537.36 (KHTML, like Gecko) Chrome/149.0.0.0 Safari/537.36',NULL,'2026-06-24 06:13:40'),('328065360324595712','000000','000001','superadmin','password','1',NULL,NULL,'Mozilla/5.0 (Windows NT 10.0; Win64; x64) AppleWebKit/537.36 (KHTML, like Gecko) Chrome/149.0.0.0 Safari/537.36',NULL,'2026-06-24 06:54:37'),('328067497976795136','000000','000001','superadmin','password','1',NULL,NULL,'Mozilla/5.0 (Windows NT 10.0; Win64; x64) AppleWebKit/537.36 (KHTML, like Gecko) Chrome/149.0.0.0 Safari/537.36',NULL,'2026-06-24 07:03:07'),('328069810040737792','327722727416926208','327722727416926211','admin','password','1',NULL,NULL,'Mozilla/5.0 (Windows NT 10.0; Win64; x64) AppleWebKit/537.36 (KHTML, like Gecko) Chrome/149.0.0.0 Safari/537.36',NULL,'2026-06-24 07:12:18'),('328071648890720256','000000','000001','superadmin','password','1',NULL,NULL,'Mozilla/5.0 (Windows NT 10.0; Win64; x64) AppleWebKit/537.36 (KHTML, like Gecko) Chrome/149.0.0.0 Safari/537.36',NULL,'2026-06-24 07:19:36'),('328076364508958720','000000','000001','superadmin','password','1',NULL,'119.123.70.130','Mozilla/5.0 (Windows NT 10.0; Win64; x64) AppleWebKit/537.36 (KHTML, like Gecko) Chrome/149.0.0.0 Safari/537.36',NULL,'2026-06-24 07:38:20'),('328076371882545152','000000','000001','superadmin','password','1',NULL,'119.123.70.130','Mozilla/5.0 (Windows NT 10.0; Win64; x64) AppleWebKit/537.36 (KHTML, like Gecko) Chrome/149.0.0.0 Safari/537.36',NULL,'2026-06-24 07:38:22'),('328077153289768960','000000','000001','superadmin','password','1',NULL,'119.123.70.130','Mozilla/5.0 (Windows NT 10.0; Win64; x64) AppleWebKit/537.36 (KHTML, like Gecko) Chrome/149.0.0.0 Safari/537.36',NULL,'2026-06-24 07:41:29'),('328077154430619648','000000','000001','superadmin','password','1',NULL,'119.123.70.130','Mozilla/5.0 (Windows NT 10.0; Win64; x64) AppleWebKit/537.36 (KHTML, like Gecko) Chrome/149.0.0.0 Safari/537.36',NULL,'2026-06-24 07:41:29'),('328077154581614592','000000','000001','superadmin','password','1',NULL,'119.123.70.130','Mozilla/5.0 (Windows NT 10.0; Win64; x64) AppleWebKit/537.36 (KHTML, like Gecko) Cursor/3.7.27 Chrome/142.0.7444.265 Electron/39.8.1 Safari/537.36',NULL,'2026-06-24 07:41:29'),('328077679775584256','000000','000001','superadmin','password','1',NULL,'119.123.70.130','Mozilla/5.0 (Windows NT 10.0; Win64; x64) AppleWebKit/537.36 (KHTML, like Gecko) Chrome/149.0.0.0 Safari/537.36',NULL,'2026-06-24 07:43:34'),('328077680924823552','000000','000001','superadmin','password','1',NULL,'119.123.70.130','Mozilla/5.0 (Windows NT 10.0; Win64; x64) AppleWebKit/537.36 (KHTML, like Gecko) Chrome/149.0.0.0 Safari/537.36',NULL,'2026-06-24 07:43:34'),('328077681080012800','000000','000001','superadmin','password','1',NULL,'119.123.70.130','Mozilla/5.0 (Windows NT 10.0; Win64; x64) AppleWebKit/537.36 (KHTML, like Gecko) Cursor/3.7.27 Chrome/142.0.7444.265 Electron/39.8.1 Safari/537.36',NULL,'2026-06-24 07:43:34'),('328081673596047360','000000','000001','superadmin','password','1',NULL,'119.123.70.130','Mozilla/5.0 (Windows NT 10.0; Win64; x64) AppleWebKit/537.36 (KHTML, like Gecko) Chrome/149.0.0.0 Safari/537.36',NULL,'2026-06-24 07:59:26'),('328081673742848000','000000','000001','superadmin','password','1',NULL,'119.123.70.130','Mozilla/5.0 (Windows NT 10.0; Win64; x64) AppleWebKit/537.36 (KHTML, like Gecko) Cursor/3.7.27 Chrome/142.0.7444.265 Electron/39.8.1 Safari/537.36',NULL,'2026-06-24 07:59:26'),('328081707003678720','000000','000001','superadmin','password','1',NULL,'119.123.70.130','Mozilla/5.0 (Windows NT 10.0; Win64; x64) AppleWebKit/537.36 (KHTML, like Gecko) Cursor/3.7.27 Chrome/142.0.7444.265 Electron/39.8.1 Safari/537.36',NULL,'2026-06-24 07:59:34'),('328081707158867968','000000','000001','superadmin','password','1',NULL,'119.123.70.130','Mozilla/5.0 (Windows NT 10.0; Win64; x64) AppleWebKit/537.36 (KHTML, like Gecko) Chrome/149.0.0.0 Safari/537.36',NULL,'2026-06-24 07:59:34'),('328081719372681216','000000','000001','superadmin','password','1',NULL,'119.123.70.130','Mozilla/5.0 (Windows NT 10.0; Win64; x64) AppleWebKit/537.36 (KHTML, like Gecko) Chrome/149.0.0.0 Safari/537.36',NULL,'2026-06-24 07:59:37'),('328082144326979584','000000','000001','superadmin','password','1',NULL,'119.123.70.130','Mozilla/5.0 (Windows NT 10.0; Win64; x64) AppleWebKit/537.36 (KHTML, like Gecko) Chrome/149.0.0.0 Safari/537.36',NULL,'2026-06-24 08:01:18'),('328082190250414080','000000','000001','superadmin','password','1',NULL,'119.123.70.130','Mozilla/5.0 (Windows NT 10.0; Win64; x64) AppleWebKit/537.36 (KHTML, like Gecko) Chrome/149.0.0.0 Safari/537.36',NULL,'2026-06-24 08:01:29'),('328082259687116800','000000','000001','superadmin','password','1',NULL,'119.123.70.130','Mozilla/5.0 (Windows NT 10.0; Win64; x64) AppleWebKit/537.36 (KHTML, like Gecko) Chrome/149.0.0.0 Safari/537.36',NULL,'2026-06-24 08:01:46'),('328082318378012672','000000','000001','superadmin','password','1',NULL,'119.123.70.130','Mozilla/5.0 (Windows NT 10.0; Win64; x64) AppleWebKit/537.36 (KHTML, like Gecko) Chrome/149.0.0.0 Safari/537.36',NULL,'2026-06-24 08:02:00'),('328082515980062720','000000','000001','superadmin','password','1',NULL,'119.123.70.130','Mozilla/5.0 (Windows NT 10.0; Win64; x64) AppleWebKit/537.36 (KHTML, like Gecko) Chrome/149.0.0.0 Safari/537.36',NULL,'2026-06-24 08:02:47'),('328083753861779456','000000','000001','superadmin','password','1',NULL,'119.123.70.130','Mozilla/5.0 (Windows NT 10.0; Win64; x64) AppleWebKit/537.36 (KHTML, like Gecko) Chrome/149.0.0.0 Safari/537.36',NULL,'2026-06-24 08:07:42'),('328083835193528320','000000','000001','superadmin','password','1',NULL,'119.123.70.130','Mozilla/5.0 (Windows NT 10.0; Win64; x64) AppleWebKit/537.36 (KHTML, like Gecko) Chrome/149.0.0.0 Safari/537.36',NULL,'2026-06-24 08:08:02'),('328083835231277056','000000','000001','superadmin','password','1',NULL,'119.123.70.130','Mozilla/5.0 (Windows NT 10.0; Win64; x64) AppleWebKit/537.36 (KHTML, like Gecko) Cursor/3.7.27 Chrome/142.0.7444.265 Electron/39.8.1 Safari/537.36',NULL,'2026-06-24 08:08:02'),('328083835331940352','000000','000001','superadmin','password','1',NULL,'119.123.70.130','Mozilla/5.0 (Windows NT 10.0; Win64; x64) AppleWebKit/537.36 (KHTML, like Gecko) Chrome/149.0.0.0 Safari/537.36',NULL,'2026-06-24 08:08:02'),('328083895285321728','000000','000001','superadmin','password','1',NULL,'119.123.70.130','Mozilla/5.0 (Windows NT 10.0; Win64; x64) AppleWebKit/537.36 (KHTML, like Gecko) Cursor/3.7.27 Chrome/142.0.7444.265 Electron/39.8.1 Safari/537.36',NULL,'2026-06-24 08:08:16'),('328083895419539456','000000','000001','superadmin','password','1',NULL,'119.123.70.130','Mozilla/5.0 (Windows NT 10.0; Win64; x64) AppleWebKit/537.36 (KHTML, like Gecko) Chrome/149.0.0.0 Safari/537.36',NULL,'2026-06-24 08:08:16'),('328083895629254656','000000','000001','superadmin','password','1',NULL,'119.123.70.130','Mozilla/5.0 (Windows NT 10.0; Win64; x64) AppleWebKit/537.36 (KHTML, like Gecko) Chrome/149.0.0.0 Safari/537.36',NULL,'2026-06-24 08:08:16'),('328083928671981568','000000','000001','superadmin','password','1',NULL,'119.123.70.130','Mozilla/5.0 (Windows NT 10.0; Win64; x64) AppleWebKit/537.36 (KHTML, like Gecko) Chrome/149.0.0.0 Safari/537.36',NULL,'2026-06-24 08:08:24'),('328083929829609472','000000','000001','superadmin','password','1',NULL,'119.123.70.130','Mozilla/5.0 (Windows NT 10.0; Win64; x64) AppleWebKit/537.36 (KHTML, like Gecko) Chrome/149.0.0.0 Safari/537.36',NULL,'2026-06-24 08:08:24'),('328083929993187328','000000','000001','superadmin','password','1',NULL,'119.123.70.130','Mozilla/5.0 (Windows NT 10.0; Win64; x64) AppleWebKit/537.36 (KHTML, like Gecko) Cursor/3.7.27 Chrome/142.0.7444.265 Electron/39.8.1 Safari/537.36',NULL,'2026-06-24 08:08:24'),('328084385792397312','000000','000001','superadmin','password','1',NULL,'119.123.70.130','Mozilla/5.0 (Windows NT 10.0; Win64; x64) AppleWebKit/537.36 (KHTML, like Gecko) Chrome/149.0.0.0 Safari/537.36',NULL,'2026-06-24 08:10:13'),('328084537743642624','000000','000001','superadmin','password','1',NULL,'119.123.70.130','Mozilla/5.0 (Windows NT 10.0; Win64; x64) AppleWebKit/537.36 (KHTML, like Gecko) Chrome/149.0.0.0 Safari/537.36',NULL,'2026-06-24 08:10:49'),('328084909782601728','000000','000001','superadmin','password','1',NULL,'119.123.70.130','Mozilla/5.0 (Windows NT 10.0; Win64; x64) AppleWebKit/537.36 (KHTML, like Gecko) Chrome/149.0.0.0 Safari/537.36',NULL,'2026-06-24 08:12:18'),('328084947489394688','000000','000001','superadmin','password','1',NULL,'119.123.70.130','Mozilla/5.0 (Windows NT 10.0; Win64; x64) AppleWebKit/537.36 (KHTML, like Gecko) Chrome/149.0.0.0 Safari/537.36',NULL,'2026-06-24 08:12:27'),('328087069920464896','000000','000001','superadmin','password','1',NULL,NULL,'Mozilla/5.0 (Windows NT 10.0; Win64; x64) AppleWebKit/537.36 (KHTML, like Gecko) Chrome/149.0.0.0 Safari/537.36',NULL,'2026-06-24 08:20:53'),('328088522768650240','000000','000001','superadmin','password','1',NULL,'119.123.70.130','Mozilla/5.0 (Windows NT 10.0; Win64; x64) AppleWebKit/537.36 (KHTML, like Gecko) Chrome/149.0.0.0 Safari/537.36',NULL,'2026-06-24 08:26:39'),('328088523976609792','000000','000001','superadmin','password','1',NULL,'119.123.70.130','Mozilla/5.0 (Windows NT 10.0; Win64; x64) AppleWebKit/537.36 (KHTML, like Gecko) Chrome/149.0.0.0 Safari/537.36',NULL,'2026-06-24 08:26:40'),('328088524140187648','000000','000001','superadmin','password','1',NULL,'119.123.70.130','Mozilla/5.0 (Windows NT 10.0; Win64; x64) AppleWebKit/537.36 (KHTML, like Gecko) Cursor/3.7.27 Chrome/142.0.7444.265 Electron/39.8.1 Safari/537.36',NULL,'2026-06-24 08:26:40'),('328088593463644160','000000','000001','superadmin','password','1',NULL,'119.123.70.130','Mozilla/5.0 (Windows NT 10.0; Win64; x64) AppleWebKit/537.36 (KHTML, like Gecko) Chrome/149.0.0.0 Safari/537.36',NULL,'2026-06-24 08:26:56'),('328088674942193664','000000','000001','superadmin','password','1',NULL,'119.123.70.130','Mozilla/5.0 (Windows NT 10.0; Win64; x64) AppleWebKit/537.36 (KHTML, like Gecko) Chrome/149.0.0.0 Safari/537.36',NULL,'2026-06-24 08:27:16'),('328090429809627136','000000','000001','superadmin','password','1',NULL,NULL,'Mozilla/5.0 (Windows NT 10.0; Win64; x64) AppleWebKit/537.36 (KHTML, like Gecko) Chrome/149.0.0.0 Safari/537.36',NULL,'2026-06-24 08:34:14'),('328090440127614976','000000','000001','superadmin','password','1',NULL,'119.123.70.130','Mozilla/5.0 (Windows NT 10.0; Win64; x64) AppleWebKit/537.36 (KHTML, like Gecko) Chrome/149.0.0.0 Safari/537.36',NULL,'2026-06-24 08:34:16'),('328095898099912704','000000','000001','superadmin','password','1',NULL,'119.123.70.130','Mozilla/5.0 (Windows NT 10.0; Win64; x64) AppleWebKit/537.36 (KHTML, like Gecko) Chrome/149.0.0.0 Safari/537.36',NULL,'2026-06-24 08:55:58'),('328096467199856640','000000','000001','superadmin','password','1',NULL,'119.123.70.130','Mozilla/5.0 (Windows NT 10.0; Win64; x64) AppleWebKit/537.36 (KHTML, like Gecko) Chrome/149.0.0.0 Safari/537.36',NULL,'2026-06-24 08:58:13'),('328096879848067072','000000','000001','superadmin','password','1',NULL,'119.123.70.130','Mozilla/5.0 (Windows NT 10.0; Win64; x64) AppleWebKit/537.36 (KHTML, like Gecko) Chrome/149.0.0.0 Safari/537.36',NULL,'2026-06-24 08:59:52'),('328097402160549888','000000','000001','superadmin','password','1',NULL,'119.123.70.130','Mozilla/5.0 (Windows NT 10.0; Win64; x64) AppleWebKit/537.36 (KHTML, like Gecko) Chrome/149.0.0.0 Safari/537.36',NULL,'2026-06-24 09:01:56'),('328098372785410048','000000','000001','superadmin','password','1',NULL,'119.123.70.130','Mozilla/5.0 (Windows NT 10.0; Win64; x64) AppleWebKit/537.36 (KHTML, like Gecko) Chrome/149.0.0.0 Safari/537.36',NULL,'2026-06-24 09:05:48'),('328098866777952256','000000','000001','superadmin','password','1',NULL,'119.123.70.130','Mozilla/5.0 (Windows NT 10.0; Win64; x64) AppleWebKit/537.36 (KHTML, like Gecko) Chrome/149.0.0.0 Safari/537.36',NULL,'2026-06-24 09:07:46'),('328098935228993536','000000','000001','superadmin','password','1',NULL,'119.123.70.130','Mozilla/5.0 (Windows NT 10.0; Win64; x64) AppleWebKit/537.36 (KHTML, like Gecko) Chrome/149.0.0.0 Safari/537.36',NULL,'2026-06-24 09:08:02'),('328099233263652864','000000','000001','superadmin','password','1',NULL,'119.123.70.130','Mozilla/5.0 (Windows NT 10.0; Win64; x64) AppleWebKit/537.36 (KHTML, like Gecko) Chrome/149.0.0.0 Safari/537.36',NULL,'2026-06-24 09:09:13'),('328100742047076352','000000','000001','superadmin','password','1',NULL,'119.123.70.130','Mozilla/5.0 (Windows NT 10.0; Win64; x64) AppleWebKit/537.36 (KHTML, like Gecko) Chrome/149.0.0.0 Safari/537.36',NULL,'2026-06-24 09:15:13'),('328100997006233600','000000','000001','superadmin','password','1',NULL,'119.123.70.130','Mozilla/5.0 (Windows NT 10.0; Win64; x64) AppleWebKit/537.36 (KHTML, like Gecko) Chrome/149.0.0.0 Safari/537.36',NULL,'2026-06-24 09:16:13'),('328101259443834880','000000','000001','superadmin','password','1',NULL,'119.123.70.130','Mozilla/5.0 (Windows NT 10.0; Win64; x64) AppleWebKit/537.36 (KHTML, like Gecko) Chrome/149.0.0.0 Safari/537.36',NULL,'2026-06-24 09:17:16'),('328103668555583488','000000','000001','superadmin','password','1',NULL,'119.123.70.130','Mozilla/5.0 (iPhone; CPU iPhone OS 18_5 like Mac OS X) AppleWebKit/605.1.15 (KHTML, like Gecko) Version/18.5 Mobile/15E148 Safari/604.1',NULL,'2026-06-24 09:26:50'),('328103671369961472','000000','000001','superadmin','password','1',NULL,'119.123.70.130','Mozilla/5.0 (Windows NT 10.0; Win64; x64) AppleWebKit/537.36 (KHTML, like Gecko) Chrome/149.0.0.0 Safari/537.36',NULL,'2026-06-24 09:26:51'),('328103672733110272','000000','000001','superadmin','password','1',NULL,'119.123.70.130','Mozilla/5.0 (Windows NT 10.0; Win64; x64) AppleWebKit/537.36 (KHTML, like Gecko) Cursor/3.7.27 Chrome/142.0.7444.265 Electron/39.8.1 Safari/537.36',NULL,'2026-06-24 09:26:51'),('328104025587322880','000000','000001','superadmin','password','1',NULL,'119.123.70.130','Mozilla/5.0 (Windows NT 10.0; Win64; x64) AppleWebKit/537.36 (KHTML, like Gecko) Chrome/149.0.0.0 Safari/537.36',NULL,'2026-06-24 09:28:16'),('328104229015261184','000000','000001','superadmin','password','1',NULL,'119.123.70.130','Mozilla/5.0 (Windows NT 10.0; Win64; x64) AppleWebKit/537.36 (KHTML, like Gecko) Chrome/149.0.0.0 Safari/537.36',NULL,'2026-06-24 09:29:04'),('328104229149478912','000000','000001','superadmin','password','1',NULL,'119.123.70.130','Mozilla/5.0 (Windows NT 10.0; Win64; x64) AppleWebKit/537.36 (KHTML, like Gecko) Chrome/149.0.0.0 Safari/537.36',NULL,'2026-06-24 09:29:04'),('328104229954785280','000000','000001','superadmin','password','1',NULL,'119.123.70.130','Mozilla/5.0 (Windows NT 10.0; Win64; x64) AppleWebKit/537.36 (KHTML, like Gecko) Cursor/3.7.27 Chrome/142.0.7444.265 Electron/39.8.1 Safari/537.36',NULL,'2026-06-24 09:29:04'),('328104254692790272','000000','000001','superadmin','password','1',NULL,'119.123.70.130','Mozilla/5.0 (Windows NT 10.0; Win64; x64) AppleWebKit/537.36 (KHTML, like Gecko) Chrome/149.0.0.0 Safari/537.36',NULL,'2026-06-24 09:29:10'),('328104255816863744','000000','000001','superadmin','password','1',NULL,'119.123.70.130','Mozilla/5.0 (Windows NT 10.0; Win64; x64) AppleWebKit/537.36 (KHTML, like Gecko) Cursor/3.7.27 Chrome/142.0.7444.265 Electron/39.8.1 Safari/537.36',NULL,'2026-06-24 09:29:10'),('328104255980441600','000000','000001','superadmin','password','1',NULL,'119.123.70.130','Mozilla/5.0 (Windows NT 10.0; Win64; x64) AppleWebKit/537.36 (KHTML, like Gecko) Chrome/149.0.0.0 Safari/537.36',NULL,'2026-06-24 09:29:10'),('328104390735040512','000000','000001','superadmin','password','1',NULL,'119.123.70.130','Mozilla/5.0 (Windows NT 10.0; Win64; x64) AppleWebKit/537.36 (KHTML, like Gecko) Chrome/149.0.0.0 Safari/537.36',NULL,'2026-06-24 09:29:43'),('328104818730209280','000000','000001','superadmin','password','1',NULL,'119.123.70.130','Mozilla/5.0 (Windows NT 10.0; Win64; x64) AppleWebKit/537.36 (KHTML, like Gecko) Chrome/149.0.0.0 Safari/537.36',NULL,'2026-06-24 09:31:25'),('328104829870280704','000000','000001','superadmin','password','1',NULL,'119.123.70.130','Mozilla/5.0 (Windows NT 10.0; Win64; x64) AppleWebKit/537.36 (KHTML, like Gecko) Chrome/149.0.0.0 Safari/537.36',NULL,'2026-06-24 09:31:27'),('328104842805514240','000000','000001','superadmin','password','1',NULL,'119.123.70.130','Mozilla/5.0 (Windows NT 10.0; Win64; x64) AppleWebKit/537.36 (KHTML, like Gecko) Chrome/149.0.0.0 Safari/537.36',NULL,'2026-06-24 09:31:30'),('328105609297793024','000000','000001','superadmin','password','1',NULL,'119.123.70.130','Mozilla/5.0 (Windows NT 10.0; Win64; x64) AppleWebKit/537.36 (KHTML, like Gecko) Chrome/149.0.0.0 Safari/537.36',NULL,'2026-06-24 09:34:33'),('328105646958448640','000000','000001','superadmin','password','1',NULL,'119.123.70.130','Mozilla/5.0 (Windows NT 10.0; Win64; x64) AppleWebKit/537.36 (KHTML, like Gecko) Chrome/149.0.0.0 Safari/537.36',NULL,'2026-06-24 09:34:42'),('328106606044778496','000000','000001','superadmin','password','1',NULL,'119.123.70.130','Mozilla/5.0 (Windows NT 10.0; Win64; x64) AppleWebKit/537.36 (KHTML, like Gecko) Chrome/149.0.0.0 Safari/537.36',NULL,'2026-06-24 09:38:31'),('328106726933008384','000000','000001','superadmin','password','1',NULL,'119.123.70.130','Mozilla/5.0 (Windows NT 10.0; Win64; x64) AppleWebKit/537.36 (KHTML, like Gecko) Chrome/149.0.0.0 Safari/537.36',NULL,'2026-06-24 09:39:00'),('328106847141761024','000000','000001','superadmin','password','1',NULL,'119.123.70.130','Mozilla/5.0 (Windows NT 10.0; Win64; x64) AppleWebKit/537.36 (KHTML, like Gecko) Chrome/149.0.0.0 Safari/537.36',NULL,'2026-06-24 09:39:28'),('328106908185661440','000000','000001','superadmin','password','1',NULL,'119.123.70.130','Mozilla/5.0 (Windows NT 10.0; Win64; x64) AppleWebKit/537.36 (KHTML, like Gecko) Chrome/149.0.0.0 Safari/537.36',NULL,'2026-06-24 09:39:43'),('328107320754180096','000000','000001','superadmin','password','1',NULL,'119.123.70.130','Mozilla/5.0 (Windows NT 10.0; Win64; x64) AppleWebKit/537.36 (KHTML, like Gecko) Chrome/148.0.0.0 Safari/537.36 Edg/148.0.0.0',NULL,'2026-06-24 09:41:21'),('328107587365113856','000000','000001','superadmin','password','1',NULL,'119.123.70.130','Mozilla/5.0 (Linux; Android 6.0; Nexus 5 Build/MRA58N) AppleWebKit/537.36 (KHTML, like Gecko) Chrome/148.0.0.0 Mobile Safari/537.36 Edg/148.0.0.0',NULL,'2026-06-24 09:42:25'),('328107880760872960','000000','000001','superadmin','password','1',NULL,'119.123.70.130','Mozilla/5.0 (Windows NT 10.0; Win64; x64) AppleWebKit/537.36 (KHTML, like Gecko) Chrome/149.0.0.0 Safari/537.36',NULL,'2026-06-24 09:43:35'),('328108971254747136','000000','000001','superadmin','password','1',NULL,'119.123.70.130','Mozilla/5.0 (Windows NT 10.0; Win64; x64) AppleWebKit/537.36 (KHTML, like Gecko) Chrome/149.0.0.0 Safari/537.36',NULL,'2026-06-24 09:47:55'),('328109550039339008','000000','000001','superadmin','password','1',NULL,'119.123.70.130','Mozilla/5.0 (Windows NT 10.0; Win64; x64) AppleWebKit/537.36 (KHTML, like Gecko) Chrome/149.0.0.0 Safari/537.36',NULL,'2026-06-24 09:50:13'),('328109606272372736','000000','000001','superadmin','password','1',NULL,'119.123.70.130','Mozilla/5.0 (Windows NT 10.0; Win64; x64) AppleWebKit/537.36 (KHTML, like Gecko) Chrome/149.0.0.0 Safari/537.36',NULL,'2026-06-24 09:50:26'),('328112306410098688','000000','000001','superadmin','password','1',NULL,NULL,'Mozilla/5.0 (Windows NT 10.0; Win64; x64) AppleWebKit/537.36 (KHTML, like Gecko) Chrome/149.0.0.0 Safari/537.36',NULL,'2026-06-24 10:01:10'),('328131631359594496','000000','000001','superadmin','password','1',NULL,'119.123.70.130','Mozilla/5.0 (Windows NT 10.0; Win64; x64) AppleWebKit/537.36 (KHTML, like Gecko) Chrome/148.0.0.0 Safari/537.36 Edg/148.0.0.0',NULL,'2026-06-24 11:17:57'),('328344426416050176','000000','000001','superadmin','password','1',NULL,'119.123.70.130','Mozilla/5.0 (Windows NT 10.0; Win64; x64) AppleWebKit/537.36 (KHTML, like Gecko) Chrome/149.0.0.0 Safari/537.36',NULL,'2026-06-25 01:23:33'),('328344590480445440','000000','000001','superadmin','password','1',NULL,NULL,'Mozilla/5.0 (Windows NT 10.0; Win64; x64) AppleWebKit/537.36 (KHTML, like Gecko) Chrome/149.0.0.0 Safari/537.36',NULL,'2026-06-25 01:24:12'),('328346643994906624','000000','000001','superadmin','password','1',NULL,'119.123.70.130','Mozilla/5.0 (Windows NT 10.0; Win64; x64) AppleWebKit/537.36 (KHTML, like Gecko) Chrome/149.0.0.0 Safari/537.36',NULL,'2026-06-25 01:32:21'),('328346645219643392','000000','000001','superadmin','password','1',NULL,'119.123.70.130','Mozilla/5.0 (Windows NT 10.0; Win64; x64) AppleWebKit/537.36 (KHTML, like Gecko) Cursor/3.7.27 Chrome/142.0.7444.265 Electron/39.8.1 Safari/537.36',NULL,'2026-06-25 01:32:22'),('328346688127373312','000000','000001','superadmin','password','1',NULL,'119.123.70.130','Mozilla/5.0 (Windows NT 10.0; Win64; x64) AppleWebKit/537.36 (KHTML, like Gecko) Chrome/149.0.0.0 Safari/537.36',NULL,'2026-06-25 01:32:32'),('328347242517893120','000000','000001','superadmin','password','1',NULL,'119.123.70.130','Mozilla/5.0 (Windows NT 10.0; Win64; x64) AppleWebKit/537.36 (KHTML, like Gecko) Chrome/149.0.0.0 Safari/537.36',NULL,'2026-06-25 01:34:44'),('328350070846132224','000000','000001','superadmin','password','1',NULL,'119.123.70.130','Mozilla/5.0 (Windows NT 10.0; Win64; x64) AppleWebKit/537.36 (KHTML, like Gecko) Chrome/149.0.0.0 Safari/537.36',NULL,'2026-06-25 01:45:58'),('328352560245248000','000000','000001','superadmin','password','1',NULL,'119.123.70.130','Mozilla/5.0 (Windows NT 10.0; Win64; x64) AppleWebKit/537.36 (KHTML, like Gecko) Cursor/3.7.27 Chrome/142.0.7444.265 Electron/39.8.1 Safari/537.36',NULL,'2026-06-25 01:55:52'),('328360745773436928','000000','000001','superadmin','password','1',NULL,'119.123.70.130','Mozilla/5.0 (Windows NT 10.0; Win64; x64) AppleWebKit/537.36 (KHTML, like Gecko) Chrome/149.0.0.0 Safari/537.36',NULL,'2026-06-25 02:28:24'),('328360751460913152','000000','000001','superadmin','password','1',NULL,'119.123.70.130','Mozilla/5.0 (Windows NT 10.0; Win64; x64) AppleWebKit/537.36 (KHTML, like Gecko) Chrome/149.0.0.0 Safari/537.36',NULL,'2026-06-25 02:28:25'),('328360756317917184','000000','000001','superadmin','password','1',NULL,'119.123.70.130','Mozilla/5.0 (Windows NT 10.0; Win64; x64) AppleWebKit/537.36 (KHTML, like Gecko) Cursor/3.7.27 Chrome/142.0.7444.265 Electron/39.8.1 Safari/537.36',NULL,'2026-06-25 02:28:26'),('328361196631756800','000000','000001','superadmin','password','1',NULL,'119.123.70.130','Mozilla/5.0 (iPhone; CPU iPhone OS 18_5 like Mac OS X) AppleWebKit/605.1.15 (KHTML, like Gecko) Version/18.5 Mobile/15E148 Safari/604.1',NULL,'2026-06-25 02:30:11'),('328362520656089088','000000','000001','superadmin','password','1',NULL,'119.123.70.130','Mozilla/5.0 (iPhone; CPU iPhone OS 18_5 like Mac OS X) AppleWebKit/605.1.15 (KHTML, like Gecko) Version/18.5 Mobile/15E148 Safari/604.1',NULL,'2026-06-25 02:35:27'),('328364599655141376','000000','000001','superadmin','password','1',NULL,'119.123.70.130','Mozilla/5.0 (Windows NT 10.0; Win64; x64) AppleWebKit/537.36 (KHTML, like Gecko) Chrome/149.0.0.0 Safari/537.36',NULL,'2026-06-25 02:43:42'),('328364808829276160','000000','000001','superadmin','password','1',NULL,'119.123.70.130','Mozilla/5.0 (Windows NT 10.0; Win64; x64) AppleWebKit/537.36 (KHTML, like Gecko) Chrome/149.0.0.0 Safari/537.36',NULL,'2026-06-25 02:44:32'),('328364875141222400','000000','000001','superadmin','password','1',NULL,'119.123.70.130','Mozilla/5.0 (Windows NT 10.0; Win64; x64) AppleWebKit/537.36 (KHTML, like Gecko) Chrome/149.0.0.0 Safari/537.36',NULL,'2026-06-25 02:44:48'),('328364881713696768','000000','000001','superadmin','password','1',NULL,'119.123.70.130','Mozilla/5.0 (Windows NT 10.0; Win64; x64) AppleWebKit/537.36 (KHTML, like Gecko) Chrome/149.0.0.0 Safari/537.36',NULL,'2026-06-25 02:44:50'),('328366767321780224','000000','000001','superadmin','password','1',NULL,'119.123.70.130','Mozilla/5.0 (Windows NT 10.0; Win64; x64) AppleWebKit/537.36 (KHTML, like Gecko) Chrome/149.0.0.0 Safari/537.36',NULL,'2026-06-25 02:52:19'),('328367781932306432','000000','328367322727321600','test123','password','1',NULL,NULL,'Mozilla/5.0 (Windows NT 10.0; Win64; x64) AppleWebKit/537.36 (KHTML, like Gecko) Chrome/149.0.0.0 Safari/537.36',NULL,'2026-06-25 02:56:21'),('328367798688550912','000000','328367322727321600','test123','password','1',NULL,NULL,'Mozilla/5.0 (Windows NT 10.0; Win64; x64) AppleWebKit/537.36 (KHTML, like Gecko) Chrome/149.0.0.0 Safari/537.36',NULL,'2026-06-25 02:56:25'),('328367877801512960','000000','000001','superadmin','password','1',NULL,'119.123.70.130','Mozilla/5.0 (Windows NT 10.0; Win64; x64) AppleWebKit/537.36 (KHTML, like Gecko) Chrome/149.0.0.0 Safari/537.36',NULL,'2026-06-25 02:56:44'),('328371095067561984','000000','000001','superadmin','password','1',NULL,'119.123.70.130','Mozilla/5.0 (Windows NT 10.0; Win64; x64) AppleWebKit/537.36 (KHTML, like Gecko) Chrome/149.0.0.0 Safari/537.36',NULL,'2026-06-25 03:09:31'),('328371525193437184','000000','000001','superadmin','password','1',NULL,NULL,'Mozilla/5.0 (Macintosh; Intel Mac OS X 10_15_7) AppleWebKit/537.36 (KHTML, like Gecko) Chrome/149.0.0.0 Safari/537.36',NULL,'2026-06-25 03:11:14'),('328373494893121536','328373289850376192','328373289850376195','admin','password','1',NULL,NULL,'Mozilla/5.0 (Windows NT 10.0; Win64; x64) AppleWebKit/537.36 (KHTML, like Gecko) Chrome/149.0.0.0 Safari/537.36',NULL,'2026-06-25 03:19:03'),('328374672792096768','328373289850376192','328373289850376195','admin','password','1',NULL,NULL,'Mozilla/5.0 (Windows NT 10.0; Win64; x64) AppleWebKit/537.36 (KHTML, like Gecko) Chrome/149.0.0.0 Safari/537.36',NULL,'2026-06-25 03:23:44'),('328374728001720320','000000','000001','superadmin','password','1',NULL,NULL,'Mozilla/5.0 (Windows NT 10.0; Win64; x64) AppleWebKit/537.36 (KHTML, like Gecko) Chrome/149.0.0.0 Safari/537.36',NULL,'2026-06-25 03:23:57'),('328374867617517568','328373289850376192','328373289850376195','admin','password','1',NULL,NULL,'Mozilla/5.0 (Windows NT 10.0; Win64; x64) AppleWebKit/537.36 (KHTML, like Gecko) Chrome/149.0.0.0 Safari/537.36',NULL,'2026-06-25 03:24:30'),('328375338444918784','328373289850376192','328373289850376195','admin','password','1',NULL,NULL,'Mozilla/5.0 (Macintosh; Intel Mac OS X 10_15_7) AppleWebKit/537.36 (KHTML, like Gecko) Chrome/149.0.0.0 Safari/537.36',NULL,'2026-06-25 03:26:23'),('328375632524349440','000000','000001','superadmin','password','1',NULL,'119.123.70.130','Mozilla/5.0 (Windows NT 10.0; Win64; x64) AppleWebKit/537.36 (KHTML, like Gecko) Chrome/149.0.0.0 Safari/537.36',NULL,'2026-06-25 03:27:33'),('328375691580149760','328373289850376192','328373289850376195','admin','password','1',NULL,NULL,'Mozilla/5.0 (Macintosh; Intel Mac OS X 10_15_7) AppleWebKit/537.36 (KHTML, like Gecko) Chrome/149.0.0.0 Safari/537.36',NULL,'2026-06-25 03:27:47'),('328379050076803072','000000','000001','superadmin','password','1',NULL,'119.123.70.130','Mozilla/5.0 (Windows NT 10.0; Win64; x64) AppleWebKit/537.36 (KHTML, like Gecko) Chrome/149.0.0.0 Safari/537.36',NULL,'2026-06-25 03:41:06'),('328379051544809472','000000','000001','superadmin','password','1',NULL,'119.123.70.130','Mozilla/5.0 (Windows NT 10.0; Win64; x64) AppleWebKit/537.36 (KHTML, like Gecko) Cursor/3.7.27 Chrome/142.0.7444.265 Electron/39.8.1 Safari/537.36',NULL,'2026-06-25 03:41:06'),('328379135070179328','000000','000001','superadmin','password','1',NULL,'119.123.70.130','Mozilla/5.0 (Windows NT 10.0; Win64; x64) AppleWebKit/537.36 (KHTML, like Gecko) Chrome/149.0.0.0 Safari/537.36',NULL,'2026-06-25 03:41:26'),('328379522548371456','000000','000001','superadmin','password','1',NULL,'119.123.70.130','Mozilla/5.0 (Windows NT 10.0; Win64; x64) AppleWebKit/537.36 (KHTML, like Gecko) Chrome/149.0.0.0 Safari/537.36',NULL,'2026-06-25 03:42:59'),('328379655730106368','000000','000001','superadmin','password','1',NULL,'119.123.70.130','Mozilla/5.0 (Windows NT 10.0; Win64; x64) AppleWebKit/537.36 (KHTML, like Gecko) Chrome/149.0.0.0 Safari/537.36',NULL,'2026-06-25 03:43:30'),('328433678428540928','000000','000001','superadmin','password','1',NULL,NULL,'Mozilla/5.0 (Windows NT 10.0; Win64; x64) AppleWebKit/537.36 (KHTML, like Gecko) Chrome/149.0.0.0 Safari/537.36',NULL,'2026-06-25 07:18:10'),('328433752885825536','000000','000001','superadmin','password','1',NULL,'119.123.70.130','Mozilla/5.0 (Windows NT 10.0; Win64; x64) AppleWebKit/537.36 (KHTML, like Gecko) Chrome/149.0.0.0 Safari/537.36 Edg/149.0.0.0',NULL,'2026-06-25 07:18:28'),('328434020272705536','000000','000001','superadmin','password','1',NULL,'119.123.70.130','Mozilla/5.0 (Windows NT 10.0; Win64; x64) AppleWebKit/537.36 (KHTML, like Gecko) Chrome/149.0.0.0 Safari/537.36 Edg/149.0.0.0',NULL,'2026-06-25 07:19:31'),('328434466366296064','000000','328367322727321600','test123','password','1',NULL,NULL,'Mozilla/5.0 (Windows NT 10.0; Win64; x64) AppleWebKit/537.36 (KHTML, like Gecko) Chrome/149.0.0.0 Safari/537.36',NULL,'2026-06-25 07:21:18'),('328434821170860032','000000','000001','superadmin','password','1',NULL,'119.123.70.130','Mozilla/5.0 (Windows NT 10.0; Win64; x64) AppleWebKit/537.36 (KHTML, like Gecko) Chrome/149.0.0.0 Safari/537.36',NULL,'2026-06-25 07:22:42');
/*!40000 ALTER TABLE `sys_login_log` ENABLE KEYS */;
UNLOCK TABLES;

--
-- Table structure for table `sys_menu`
--

DROP TABLE IF EXISTS `sys_menu`;
/*!40101 SET @saved_cs_client     = @@character_set_client */;
/*!50503 SET character_set_client = utf8mb4 */;
CREATE TABLE `sys_menu` (
  `menu_id` varchar(32) NOT NULL COMMENT '菜单ID，全局菜单',
  `parent_id` varchar(32) NOT NULL DEFAULT '000000' COMMENT '父菜单ID，000000表示根节点',
  `menu_name` varchar(50) NOT NULL COMMENT '菜单名称',
  `path` varchar(200) DEFAULT NULL COMMENT '路由路径',
  `component` varchar(200) DEFAULT NULL COMMENT '组件路径',
  `perms` varchar(100) DEFAULT NULL COMMENT '权限标识',
  `icon` varchar(100) DEFAULT NULL COMMENT '图标',
  `menu_type` char(1) NOT NULL DEFAULT '1' COMMENT '0目录 1菜单 2按钮',
  `sort_num` int NOT NULL DEFAULT '0' COMMENT '排序',
  `status` char(1) NOT NULL DEFAULT '0' COMMENT '0正常 1停用',
  `create_time` datetime NOT NULL DEFAULT CURRENT_TIMESTAMP COMMENT '创建时间',
  `update_time` datetime DEFAULT CURRENT_TIMESTAMP ON UPDATE CURRENT_TIMESTAMP COMMENT '更新时间',
  PRIMARY KEY (`menu_id`),
  KEY `idx_menu_parent` (`parent_id`)
) ENGINE=InnoDB DEFAULT CHARSET=utf8mb4 COLLATE=utf8mb4_0900_ai_ci COMMENT='全局菜单表';
/*!40101 SET character_set_client = @saved_cs_client */;

--
-- Dumping data for table `sys_menu`
--

LOCK TABLES `sys_menu` WRITE;
/*!40000 ALTER TABLE `sys_menu` DISABLE KEYS */;
INSERT INTO `sys_menu` VALUES ('000100','000000','系统管理','/system',NULL,NULL,'SettingOutlined','0',30,'0','2026-06-11 00:58:56','2026-06-17 08:05:37'),('000110','000000','租户管理','/tenant',NULL,NULL,'UsergroupAddOutlined','0',40,'0','2026-06-11 00:58:56','2026-06-17 08:05:50'),('000111','000110','租户列表','/tenant/list','system/tenant-package/tenant','system:tenant:list','UsergroupDeleteOutlined','1',1,'0','2026-06-11 00:58:56','2026-06-16 01:46:18'),('000112','000110','租户套餐','/tenant/package','system/tenant-package/package','system:package:list','SketchOutlined','1',2,'0','2026-06-11 00:58:56','2026-06-16 01:46:18'),('000113','000111','查询',NULL,NULL,'system:tenant:list',NULL,'2',1,'0','2026-06-11 00:58:56','2026-06-11 02:37:44'),('000114','000111','新增',NULL,NULL,'system:tenant:add',NULL,'2',2,'0','2026-06-11 00:58:56','2026-06-11 02:37:44'),('000115','000111','修改',NULL,NULL,'system:tenant:edit',NULL,'2',3,'0','2026-06-11 02:37:44','2026-06-11 02:37:44'),('000116','000111','删除',NULL,NULL,'system:tenant:remove',NULL,'2',4,'0','2026-06-11 02:37:44','2026-06-11 02:37:44'),('000117','000112','查询',NULL,NULL,'system:package:list',NULL,'2',1,'0','2026-06-11 02:37:44','2026-06-11 02:37:44'),('000118','000112','新增',NULL,NULL,'system:package:add',NULL,'2',2,'0','2026-06-11 02:37:44','2026-06-11 02:37:44'),('000119','000112','修改',NULL,NULL,'system:package:edit',NULL,'2',3,'0','2026-06-11 02:37:44','2026-06-11 02:37:44'),('00011A','000112','删除',NULL,NULL,'system:package:remove',NULL,'2',4,'0','2026-06-11 02:37:44','2026-06-11 02:37:44'),('000120','000100','部门管理','/system/dept','system/dept','system:dept:list',NULL,'1',2,'0','2026-06-11 00:58:56','2026-06-11 00:58:56'),('000121','000120','查询',NULL,NULL,'system:dept:list',NULL,'2',1,'0','2026-06-11 00:58:56','2026-06-11 00:58:56'),('000122','000120','新增',NULL,NULL,'system:dept:add',NULL,'2',2,'0','2026-06-11 00:58:56','2026-06-11 00:58:56'),('000123','000120','修改',NULL,NULL,'system:dept:edit',NULL,'2',3,'0','2026-06-11 00:58:56','2026-06-11 00:58:56'),('000124','000120','删除',NULL,NULL,'system:dept:remove',NULL,'2',4,'0','2026-06-11 00:58:56','2026-06-11 00:58:56'),('000130','000100','用户管理','/system/user','system/user','system:user:list',NULL,'1',3,'0','2026-06-11 00:58:56','2026-06-11 00:58:56'),('000131','000130','查询',NULL,NULL,'system:user:list',NULL,'2',1,'0','2026-06-11 00:58:56','2026-06-11 00:58:56'),('000132','000130','新增',NULL,NULL,'system:user:add',NULL,'2',2,'0','2026-06-11 00:58:56','2026-06-11 00:58:56'),('000133','000130','修改',NULL,NULL,'system:user:edit',NULL,'2',3,'0','2026-06-11 00:58:56','2026-06-11 00:58:56'),('000134','000130','删除',NULL,NULL,'system:user:remove',NULL,'2',4,'0','2026-06-11 00:58:56','2026-06-11 00:58:56'),('000135','000130','重置密码',NULL,NULL,'system:user:resetPwd',NULL,'2',5,'0','2026-06-11 00:58:56','2026-06-11 00:58:56'),('000140','000100','角色管理','/system/role','system/role','system:role:list',NULL,'1',4,'0','2026-06-11 00:58:56','2026-06-11 00:58:56'),('000141','000140','查询',NULL,NULL,'system:role:list',NULL,'2',1,'0','2026-06-11 00:58:56','2026-06-11 00:58:56'),('000142','000140','新增',NULL,NULL,'system:role:add',NULL,'2',2,'0','2026-06-11 00:58:56','2026-06-11 00:58:56'),('000143','000140','修改',NULL,NULL,'system:role:edit',NULL,'2',3,'0','2026-06-11 00:58:56','2026-06-11 00:58:56'),('000144','000140','删除',NULL,NULL,'system:role:remove',NULL,'2',4,'0','2026-06-11 00:58:56','2026-06-11 00:58:56'),('000145','000140','分配菜单',NULL,NULL,'system:role:assignMenu',NULL,'2',5,'0','2026-06-11 00:58:56','2026-06-11 00:58:56'),('000150','000100','菜单管理','/system/menu','system/menu','system:menu:list',NULL,'1',5,'0','2026-06-11 00:58:56','2026-06-11 00:58:56'),('000151','000150','查询',NULL,NULL,'system:menu:list',NULL,'2',1,'0','2026-06-11 00:58:56','2026-06-11 00:58:56'),('000152','000150','新增',NULL,NULL,'system:menu:add',NULL,'2',2,'0','2026-06-11 00:58:56','2026-06-11 00:58:56'),('000153','000150','修改',NULL,NULL,'system:menu:edit',NULL,'2',3,'0','2026-06-11 00:58:56','2026-06-11 00:58:56'),('000154','000150','删除',NULL,NULL,'system:menu:remove',NULL,'2',4,'0','2026-06-11 00:58:56','2026-06-11 00:58:56'),('000160','000100','系统参数','/system/config','system/config','system:config:list',NULL,'1',6,'0','2026-06-11 00:58:56','2026-06-11 00:58:56'),('000161','000160','查询',NULL,NULL,'system:config:list',NULL,'2',1,'0','2026-06-11 00:58:56','2026-06-11 00:58:56'),('000162','000160','新增',NULL,NULL,'system:config:add',NULL,'2',2,'0','2026-06-11 00:58:56','2026-06-11 00:58:56'),('000163','000160','修改',NULL,NULL,'system:config:edit',NULL,'2',3,'0','2026-06-11 00:58:56','2026-06-11 00:58:56'),('000170','000100','字典管理','/system/dict','system/dict','system:dict:list',NULL,'1',7,'0','2026-06-11 00:58:56','2026-06-11 00:58:56'),('000171','000170','查询',NULL,NULL,'system:dict:list',NULL,'2',1,'0','2026-06-11 00:58:56','2026-06-11 00:58:56'),('000172','000170','新增',NULL,NULL,'system:dict:add',NULL,'2',2,'0','2026-06-11 00:58:56','2026-06-11 00:58:56'),('000173','000170','修改',NULL,NULL,'system:dict:edit',NULL,'2',3,'0','2026-06-11 00:58:56','2026-06-11 00:58:56'),('000174','000170','删除',NULL,NULL,'system:dict:remove',NULL,'2',4,'0','2026-06-11 00:58:56','2026-06-11 00:58:56'),('000180','000100','主题配置','/system/theme','system/theme','system:theme:list',NULL,'1',8,'0','2026-06-11 00:58:56','2026-06-11 00:58:56'),('000181','000180','查询',NULL,NULL,'system:theme:list',NULL,'2',1,'0','2026-06-11 00:58:56','2026-06-11 00:58:56'),('000182','000180','修改',NULL,NULL,'system:theme:edit',NULL,'2',2,'0','2026-06-11 00:58:56','2026-06-11 00:58:56'),('000190','000100','日志中心','/system/log',NULL,NULL,'FileSearchOutlined','0',8,'0','2026-06-16 09:05:28','2026-06-16 09:05:28'),('000191','000190','登录日志','/system/log/login','system/log/login','system:log:login:list','LoginOutlined','1',1,'0','2026-06-16 09:05:35','2026-06-16 09:05:35'),('000192','000190','操作审计','/system/log/audit','system/log/audit','system:log:audit:list','AuditOutlined','1',2,'0','2026-06-16 09:05:40','2026-06-16 09:05:40'),('000193','000191','查询',NULL,NULL,'system:log:login:list',NULL,'2',1,'0','2026-06-16 09:05:45','2026-06-16 09:05:45'),('000194','000191','导出',NULL,NULL,'system:log:login:export',NULL,'2',2,'0','2026-06-16 09:05:45','2026-06-16 09:05:45'),('000195','000192','查询',NULL,NULL,'system:log:audit:list',NULL,'2',1,'0','2026-06-16 09:05:51','2026-06-16 09:05:51'),('000196','000192','导出',NULL,NULL,'system:log:audit:export',NULL,'2',2,'0','2026-06-16 09:05:51','2026-06-16 09:05:51'),('000197','000192','查看详情',NULL,NULL,'system:log:audit:detail',NULL,'2',3,'0','2026-06-16 09:05:51','2026-06-16 09:05:51'),('000198','000192','清理',NULL,NULL,'system:log:audit:clean',NULL,'2',4,'0','2026-06-16 09:05:51','2026-06-16 09:05:51'),('325518182582456320','000130','全局搜索',NULL,NULL,'system:user:search',NULL,'2',0,'0','2026-06-17 06:13:03','2026-06-17 06:13:03'),('325518338505707520','000140','全局搜索',NULL,NULL,'system:role:search',NULL,'2',0,'0','2026-06-17 06:13:40','2026-06-17 06:13:40'),('325518440133693440','000150','全局搜索',NULL,NULL,'system:menu:search',NULL,'1',0,'0','2026-06-17 06:14:04','2026-06-17 06:14:04'),('325883052729438208','000100','页面配置','/system/page-config','system/page-config','system:pageconfig:list',NULL,'1',0,'1','2026-06-18 06:22:54','2026-06-22 06:58:54'),('327266832077688832','000120','全局搜索',NULL,NULL,'system:dept:search',NULL,'2',0,'0','2026-06-22 02:01:34','2026-06-22 02:01:34'),('327267036847804416','000160','全局搜索',NULL,NULL,'system:config:search',NULL,'2',0,'0','2026-06-22 02:02:23','2026-06-22 02:02:23'),('327267207878938624','000170','全局搜索',NULL,NULL,'system:dict:search',NULL,'1',0,'0','2026-06-22 02:03:04','2026-06-22 02:03:04'),('327267345460498432','000192','全局搜索',NULL,NULL,'system:log:search',NULL,'2',0,'0','2026-06-22 02:03:36','2026-06-22 02:03:36'),('327267400540098560','000191','全局搜索',NULL,NULL,'system:log:search',NULL,'2',0,'0','2026-06-22 02:03:50','2026-06-22 02:03:50'),('327716763913555968','000100','字典专用',NULL,NULL,'system:dict:list',NULL,'1',0,'0','2026-06-23 07:49:25','2026-06-23 07:49:25'),('328003277641879552','000000','内容管理','/contentManagement',NULL,NULL,NULL,'0',0,'0','2026-06-24 02:47:56','2026-06-24 02:48:14'),('328003748184068096','328003277641879552','首页配置','/contentManagement/HomePageConfiguration','contentManagement/HomePageConfiguration','contentManagement:HomePageConfiguration:list',NULL,'1',0,'0','2026-06-24 02:49:49','2026-06-24 03:20:15'),('328011351035351040','328003277641879552','会议信息','/contentManagement/Meeting','contentManagement/Meeting','contentManagement:Meeting:list',NULL,'1',1,'0','2026-06-24 03:20:01','2026-06-25 03:02:20'),('328011617474318336','328003277641879552','新闻资讯','/contentManagement/News','contentManagement/News','contentManagement:news:list',NULL,'1',2,'0','2026-06-24 03:21:05','2026-06-25 03:02:25'),('328011837230682112','328003277641879552','特邀嘉宾','/contentManagement/specialGuest','contentManagement/specialGuest','contentManagement:specialGuest:list',NULL,'1',3,'0','2026-06-24 03:21:57','2026-06-25 03:02:30'),('328012120165847040','328003277641879552','下载中心','/contentManagement/Download','contentManagement/Download','contentManagement:Download:list',NULL,'1',4,'0','2026-06-24 03:23:05','2026-06-25 03:02:34'),('328055290455003136','328011617474318336','新增',NULL,NULL,'contentManagement:news:add',NULL,'2',0,'0','2026-06-24 06:14:36','2026-06-24 06:14:36'),('328055365851811840','328011617474318336','编辑',NULL,NULL,'contentManagement:news:edit',NULL,'2',0,'0','2026-06-24 06:14:54','2026-06-24 06:14:54'),('328055449779834880','328011617474318336','删除',NULL,NULL,'contentManagement:news:remove',NULL,'2',0,'0','2026-06-24 06:15:14','2026-06-24 06:15:14'),('328055532650893312','328011617474318336','查询',NULL,NULL,'contentManagement:news:list',NULL,'2',0,'0','2026-06-24 06:15:34','2026-06-24 06:15:34'),('business_finance_0001','000000','财务管理','/business/finance','business/finance','business:finance:list','FundOutlined','1',4,'0','2026-06-17 07:53:29','2026-06-17 08:01:13'),('business_finance_add_0001','business_finance_0001','新增',NULL,NULL,'business:finance:add',NULL,'2',2,'0','2026-06-17 07:53:29','2026-06-17 07:53:29'),('business_finance_edit_0001','business_finance_0001','修改',NULL,NULL,'business:finance:edit',NULL,'2',3,'0','2026-06-17 07:53:29','2026-06-17 07:53:29'),('business_finance_export_0001','business_finance_0001','导出',NULL,NULL,'business:finance:export',NULL,'2',5,'0','2026-06-17 07:53:29','2026-06-17 07:53:29'),('business_finance_query_0001','business_finance_0001','查询',NULL,NULL,'business:finance:query',NULL,'2',1,'0','2026-06-17 07:53:29','2026-06-17 07:53:29'),('business_finance_remove_0001','business_finance_0001','删除',NULL,NULL,'business:finance:remove',NULL,'2',4,'0','2026-06-17 07:53:29','2026-06-17 07:53:29'),('business_inventory_0001','000000','库存管理','/business/inventory','business/inventory','business:inventory:list','StockOutlined','1',6,'0','2026-06-17 07:53:29','2026-06-17 08:03:38'),('business_inventory_add_0001','business_inventory_0001','新增',NULL,NULL,'business:inventory:add',NULL,'2',2,'0','2026-06-17 07:53:29','2026-06-17 07:53:29'),('business_inventory_edit_0001','business_inventory_0001','修改',NULL,NULL,'business:inventory:edit',NULL,'2',3,'0','2026-06-17 07:53:29','2026-06-17 07:53:29'),('business_inventory_export_0001','business_inventory_0001','导出',NULL,NULL,'business:inventory:export',NULL,'2',5,'0','2026-06-17 07:53:29','2026-06-17 07:53:29'),('business_inventory_query_0001','business_inventory_0001','查询',NULL,NULL,'business:inventory:query',NULL,'2',1,'0','2026-06-17 07:53:29','2026-06-17 07:53:29'),('business_inventory_remove_0001','business_inventory_0001','删除',NULL,NULL,'business:inventory:remove',NULL,'2',4,'0','2026-06-17 07:53:29','2026-06-17 07:53:29'),('business_order_0001','000000','订单管理','/business/order','business/order','business:order:list','OrderedListOutlined','1',2,'0','2026-06-17 07:53:29','2026-06-17 07:59:29'),('business_order_add_0001','business_order_0001','新增',NULL,NULL,'business:order:add',NULL,'2',2,'0','2026-06-17 07:53:29','2026-06-17 07:53:29'),('business_order_edit_0001','business_order_0001','修改',NULL,NULL,'business:order:edit',NULL,'2',3,'0','2026-06-17 07:53:29','2026-06-17 07:53:29'),('business_order_export_0001','business_order_0001','导出',NULL,NULL,'business:order:export',NULL,'2',5,'0','2026-06-17 07:53:29','2026-06-17 07:53:29'),('business_order_query_0001','business_order_0001','查询',NULL,NULL,'business:order:query',NULL,'2',1,'0','2026-06-17 07:53:29','2026-06-17 07:53:29'),('business_order_remove_0001','business_order_0001','删除',NULL,NULL,'business:order:remove',NULL,'2',4,'0','2026-06-17 07:53:29','2026-06-17 07:53:29'),('business_product_0001','000000','产品管理','/business/product','business/product','business:product:list','ProductOutlined','1',3,'0','2026-06-17 07:53:29','2026-06-17 08:00:07'),('business_product_add_0001','business_product_0001','新增',NULL,NULL,'business:product:add',NULL,'2',2,'0','2026-06-17 07:53:29','2026-06-17 07:53:29'),('business_product_edit_0001','business_product_0001','修改',NULL,NULL,'business:product:edit',NULL,'2',3,'0','2026-06-17 07:53:29','2026-06-17 07:53:29'),('business_product_export_0001','business_product_0001','导出',NULL,NULL,'business:product:export',NULL,'2',5,'0','2026-06-17 07:53:29','2026-06-17 07:53:29'),('business_product_query_0001','business_product_0001','查询',NULL,NULL,'business:product:query',NULL,'2',1,'0','2026-06-17 07:53:29','2026-06-17 07:53:29'),('business_product_remove_0001','business_product_0001','删除',NULL,NULL,'business:product:remove',NULL,'2',4,'0','2026-06-17 07:53:29','2026-06-17 07:53:29'),('business_sales_0001','000000','销售管理','/business/sales','business/sales','business:sales:list','AccountBookOutlined','1',5,'0','2026-06-17 07:53:29','2026-06-17 08:03:15'),('business_sales_add_0001','business_sales_0001','新增',NULL,NULL,'business:sales:add',NULL,'2',2,'0','2026-06-17 07:53:29','2026-06-17 07:53:29'),('business_sales_edit_0001','business_sales_0001','修改',NULL,NULL,'business:sales:edit',NULL,'2',3,'0','2026-06-17 07:53:29','2026-06-17 07:53:29'),('business_sales_export_0001','business_sales_0001','导出',NULL,NULL,'business:sales:export',NULL,'2',5,'0','2026-06-17 07:53:29','2026-06-17 07:53:29'),('business_sales_query_0001','business_sales_0001','查询',NULL,NULL,'business:sales:query',NULL,'2',1,'0','2026-06-17 07:53:29','2026-06-17 07:53:29'),('business_sales_remove_0001','business_sales_0001','删除',NULL,NULL,'business:sales:remove',NULL,'2',4,'0','2026-06-17 07:53:29','2026-06-17 07:53:29'),('file_center_0001','000000','文件中心','/file-config',NULL,NULL,'FolderOutlined','0',30,'0','2026-06-15 08:40:58','2026-06-16 01:57:23'),('file_manage_0001','file_center_0001','文件管理','/file-config/files','system/file-config/files','system:file:list','FileOutlined','1',2,'0','2026-06-15 08:41:06','2026-06-16 01:57:24'),('file_manage_download_0001','file_manage_0001','下载',NULL,NULL,'system:file:download',NULL,'2',3,'0','2026-06-15 08:41:37','2026-06-15 08:41:37'),('file_manage_remove_0001','file_manage_0001','删除',NULL,NULL,'system:file:remove',NULL,'2',2,'0','2026-06-15 08:41:37','2026-06-15 08:41:37'),('file_manage_upload_0001','file_manage_0001','上传',NULL,NULL,'system:file:upload',NULL,'2',1,'0','2026-06-15 08:41:37','2026-06-15 08:41:37'),('production_line_0001','000000','生产管理','/business/production-line','business/production-line','business:production-line:list','ApartmentOutlined','1',1,'0','2026-06-17 07:53:29','2026-06-17 07:58:40'),('production_line_add_0001','production_line_0001','新增',NULL,NULL,'business:production-line:add',NULL,'2',2,'0','2026-06-17 07:53:29','2026-06-17 07:53:29'),('production_line_edit_0001','production_line_0001','修改',NULL,NULL,'business:production-line:edit',NULL,'2',3,'0','2026-06-17 07:53:29','2026-06-17 07:53:29'),('production_line_export_0001','production_line_0001','导出',NULL,NULL,'business:production-line:export',NULL,'2',5,'0','2026-06-17 07:53:29','2026-06-17 07:53:29'),('production_line_query_0001','production_line_0001','查询',NULL,NULL,'business:production-line:query',NULL,'2',1,'0','2026-06-17 07:53:29','2026-06-17 07:53:29'),('production_line_remove_0001','production_line_0001','删除',NULL,NULL,'business:production-line:remove',NULL,'2',4,'0','2026-06-17 07:53:29','2026-06-17 07:53:29'),('storage_config_0001','file_center_0001','存储配置','/file-config/storage','system/file-config/storage','system:storage:list','DatabaseOutlined','1',1,'0','2026-06-15 08:41:06','2026-06-16 01:57:24'),('storage_config_add_0001','storage_config_0001','新增',NULL,NULL,'system:storage:add',NULL,'2',1,'0','2026-06-15 08:41:37','2026-06-15 08:41:37'),('storage_config_edit_0001','storage_config_0001','修改',NULL,NULL,'system:storage:edit',NULL,'2',2,'0','2026-06-15 08:41:37','2026-06-15 08:41:37'),('storage_config_remove_0001','storage_config_0001','删除',NULL,NULL,'system:storage:remove',NULL,'2',3,'0','2026-06-15 08:41:37','2026-06-15 08:41:37');
/*!40000 ALTER TABLE `sys_menu` ENABLE KEYS */;
UNLOCK TABLES;

--
-- Table structure for table `sys_operation_log`
--

DROP TABLE IF EXISTS `sys_operation_log`;
/*!40101 SET @saved_cs_client     = @@character_set_client */;
/*!50503 SET character_set_client = utf8mb4 */;
CREATE TABLE `sys_operation_log` (
  `log_id` varchar(32) NOT NULL COMMENT '日志ID',
  `tenant_id` varchar(32) NOT NULL DEFAULT '000000' COMMENT '租户ID',
  `user_id` varchar(32) DEFAULT NULL COMMENT '用户ID',
  `username` varchar(50) DEFAULT NULL COMMENT '用户名',
  `module_name` varchar(100) DEFAULT NULL COMMENT '模块名称',
  `business_type` varchar(30) NOT NULL COMMENT '业务类型：LOGIN/ADD/UPDATE/DELETE/UPLOAD/DOWNLOAD/EXPORT/OTHER',
  `title` varchar(200) NOT NULL COMMENT '操作标题',
  `request_method` varchar(10) DEFAULT NULL COMMENT '请求方法',
  `request_url` varchar(500) DEFAULT NULL COMMENT '请求URL',
  `request_params` longtext COMMENT '请求参数',
  `response_status` int DEFAULT NULL COMMENT '响应状态码',
  `success` tinyint NOT NULL DEFAULT '1' COMMENT '是否成功：1成功 0失败',
  `error_message` varchar(1000) DEFAULT NULL COMMENT '错误信息',
  `error_stack` longtext COMMENT '错误堆栈',
  `client_ip` varchar(45) DEFAULT NULL COMMENT '客户端IP',
  `user_agent` varchar(500) DEFAULT NULL COMMENT 'User-Agent',
  `request_id` varchar(64) DEFAULT NULL COMMENT '请求追踪ID',
  `cost_time_ms` int DEFAULT NULL COMMENT '耗时毫秒',
  `operator_time` datetime NOT NULL DEFAULT CURRENT_TIMESTAMP COMMENT '操作时间',
  `remark` varchar(500) DEFAULT NULL COMMENT '备注',
  PRIMARY KEY (`log_id`),
  KEY `idx_op_log_tenant_time` (`tenant_id`,`operator_time`),
  KEY `idx_op_log_user_time` (`user_id`,`operator_time`),
  KEY `idx_op_log_business_type` (`business_type`),
  KEY `idx_op_log_request_id` (`request_id`),
  KEY `idx_op_log_success` (`success`)
) ENGINE=InnoDB DEFAULT CHARSET=utf8mb4 COLLATE=utf8mb4_0900_ai_ci COMMENT='系统操作日志表';
/*!40101 SET character_set_client = @saved_cs_client */;

--
-- Dumping data for table `sys_operation_log`
--

LOCK TABLES `sys_operation_log` WRITE;
/*!40000 ALTER TABLE `sys_operation_log` DISABLE KEYS */;
INSERT INTO `sys_operation_log` VALUES ('325196342748123136','000000','000001','superadmin','config','LIST','查询系统参数','GET','/api/system/config/list','{\"current\":\"1\",\"pageSize\":\"10\",\"configType\":\"sys\",\"pageNum\":\"1\"}',200,1,NULL,NULL,'127.0.0.1','Mozilla/5.0 (Windows NT 10.0; Win64; x64) AppleWebKit/537.36 (KHTML, like Gecko) Chrome/149.0.0.0 Safari/537.36',NULL,NULL,'2026-06-16 08:54:10',NULL),('325196381868396544','000000',NULL,NULL,'auth','LOGIN','用户登录','POST','/api/auth/login',NULL,200,1,NULL,NULL,'127.0.0.1','Mozilla/5.0 (Windows NT 10.0; Win64; x64) AppleWebKit/537.36 (KHTML, like Gecko) Chrome/149.0.0.0 Safari/537.36',NULL,NULL,'2026-06-16 08:54:19',NULL),('325196388944187392','000000','000001','superadmin','config','LIST','查询系统参数','GET','/api/system/config/list','{\"current\":\"1\",\"pageSize\":\"10\",\"pageNum\":\"1\"}',200,1,NULL,NULL,'127.0.0.1','Mozilla/5.0 (Windows NT 10.0; Win64; x64) AppleWebKit/537.36 (KHTML, like Gecko) Chrome/149.0.0.0 Safari/537.36',NULL,NULL,'2026-06-16 08:54:21',NULL),('325196406535098368','000000','000001','superadmin','config','LIST','查询系统参数','GET','/api/system/config/list','{\"current\":\"1\",\"pageSize\":\"10\",\"pageNum\":\"1\"}',200,1,NULL,NULL,'127.0.0.1','Mozilla/5.0 (Windows NT 10.0; Win64; x64) AppleWebKit/537.36 (KHTML, like Gecko) Chrome/149.0.0.0 Safari/537.36',NULL,NULL,'2026-06-16 08:54:25',NULL),('325196457344897024','000000','000001','superadmin','config','LIST','查询系统参数','GET','/api/system/config/list','{\"current\":\"1\",\"pageSize\":\"10\",\"pageNum\":\"1\"}',200,1,NULL,NULL,'127.0.0.1','Mozilla/5.0 (Windows NT 10.0; Win64; x64) AppleWebKit/537.36 (KHTML, like Gecko) Chrome/149.0.0.0 Safari/537.36',NULL,NULL,'2026-06-16 08:54:37',NULL),('325196469692928000','000000','000001','superadmin','config','LIST','查询系统参数','GET','/api/system/config/list','{\"current\":\"1\",\"pageSize\":\"10\",\"pageNum\":\"1\"}',200,1,NULL,NULL,'127.0.0.1','Mozilla/5.0 (Windows NT 10.0; Win64; x64) AppleWebKit/537.36 (KHTML, like Gecko) Chrome/149.0.0.0 Safari/537.36',NULL,NULL,'2026-06-16 08:54:40',NULL),('325196827299287040','000000','000001','superadmin','config','LIST','查询系统参数','GET','/api/system/config/list','{\"current\":\"1\",\"pageSize\":\"10\",\"pageNum\":\"1\"}',200,1,NULL,NULL,'127.0.0.1','Mozilla/5.0 (Windows NT 10.0; Win64; x64) AppleWebKit/537.36 (KHTML, like Gecko) Chrome/149.0.0.0 Safari/537.36',NULL,NULL,'2026-06-16 08:56:05',NULL),('325196885780467712','000000','000001','superadmin','config','LIST','查询系统参数','GET','/api/system/config/list','{\"current\":\"1\",\"pageSize\":\"10\",\"pageNum\":\"1\"}',200,1,NULL,NULL,'127.0.0.1','Mozilla/5.0 (Windows NT 10.0; Win64; x64) AppleWebKit/537.36 (KHTML, like Gecko) Chrome/149.0.0.0 Safari/537.36',NULL,NULL,'2026-06-16 08:56:19',NULL),('325197328753496064','000000','000001','superadmin','config','UPDATE','修改系统参数','PUT','/api/system/config/edit','{\"configId\":\"324800409917067264\",\"configKey\":\"sys.login.multiDevice\",\"configValue\":\"1\",\"configName\":\"多开登录\",\"configType\":\"sys\",\"remark\":\"1 = 允许多开；0 = 只允许单端。默认1\",\"status\":\"0\"}',200,1,NULL,NULL,'127.0.0.1','Mozilla/5.0 (Windows NT 10.0; Win64; x64) AppleWebKit/537.36 (KHTML, like Gecko) Chrome/149.0.0.0 Safari/537.36',NULL,NULL,'2026-06-16 08:58:05',NULL),('325197330666098688','000000','000001','superadmin','config','LIST','查询系统参数','GET','/api/system/config/list','{\"current\":\"1\",\"pageSize\":\"10\",\"pageNum\":\"1\"}',200,1,NULL,NULL,'127.0.0.1','Mozilla/5.0 (Windows NT 10.0; Win64; x64) AppleWebKit/537.36 (KHTML, like Gecko) Chrome/149.0.0.0 Safari/537.36',NULL,NULL,'2026-06-16 08:58:05',NULL),('325199656332169216','000000',NULL,NULL,'auth','LOGIN','用户登录','POST','/api/auth/login',NULL,200,1,NULL,NULL,'127.0.0.1','Mozilla/5.0 (Windows NT 10.0; Win64; x64) AppleWebKit/537.36 (KHTML, like Gecko) Chrome/149.0.0.0 Safari/537.36',NULL,NULL,'2026-06-16 09:07:20',NULL),('325200161372508160','000000','000001','superadmin','user','UPDATE','修改个人资料','PUT','/api/system/user/profile','{\"nickname\":\"超级管理员\"}',200,1,NULL,NULL,'127.0.0.1','Mozilla/5.0 (Windows NT 10.0; Win64; x64) AppleWebKit/537.36 (KHTML, like Gecko) Chrome/149.0.0.0 Safari/537.36',NULL,NULL,'2026-06-16 09:09:20',NULL),('325201751634481152','000000','000001','superadmin','config','UPDATE','修改系统参数','PUT','/api/system/config/edit','{\"configId\":\"324800409917067264\",\"configKey\":\"sys.login.multiDevice\",\"configValue\":\"0\",\"configName\":\"多开登录\",\"configType\":\"sys\",\"remark\":\"1 = 允许多开；0 = 只允许单端。默认1\",\"status\":\"0\"}',200,1,NULL,NULL,'127.0.0.1','Mozilla/5.0 (Windows NT 10.0; Win64; x64) AppleWebKit/537.36 (KHTML, like Gecko) Chrome/149.0.0.0 Safari/537.36',NULL,NULL,'2026-06-16 09:15:39',NULL),('325201815501148160','000000','000001','superadmin','auth','LOGOUT','用户退出','POST','/api/auth/logout',NULL,200,1,NULL,NULL,'127.0.0.1','Mozilla/5.0 (Windows NT 10.0; Win64; x64) AppleWebKit/537.36 (KHTML, like Gecko) Chrome/149.0.0.0 Safari/537.36',NULL,NULL,'2026-06-16 09:15:55',NULL),('325201823025729537','000000',NULL,NULL,'auth','LOGIN','用户登录','POST','/api/auth/login',NULL,200,1,NULL,NULL,'127.0.0.1','Mozilla/5.0 (Windows NT 10.0; Win64; x64) AppleWebKit/537.36 (KHTML, like Gecko) Chrome/149.0.0.0 Safari/537.36',NULL,NULL,'2026-06-16 09:15:56',NULL),('325204475516162049','000000',NULL,NULL,'auth','LOGIN','用户登录','POST','/api/auth/login',NULL,200,1,NULL,NULL,'127.0.0.1','Mozilla/5.0 (Windows NT 10.0; Win64; x64) AppleWebKit/537.36 (KHTML, like Gecko) Chrome/149.0.0.0 Safari/537.36',NULL,NULL,'2026-06-16 09:26:29',NULL),('325204578276610048','000000','000001','superadmin','auth','LOGOUT','用户退出','POST','/api/auth/logout',NULL,200,1,NULL,NULL,'127.0.0.1','Mozilla/5.0 (Windows NT 10.0; Win64; x64) AppleWebKit/537.36 (KHTML, like Gecko) Chrome/149.0.0.0 Safari/537.36',NULL,NULL,'2026-06-16 09:26:53',NULL),('325204584450625536','000000',NULL,NULL,'auth','LOGIN','用户登录','POST','/api/auth/login',NULL,200,1,NULL,NULL,'127.0.0.1','Mozilla/5.0 (Windows NT 10.0; Win64; x64) AppleWebKit/537.36 (KHTML, like Gecko) Chrome/149.0.0.0 Safari/537.36',NULL,NULL,'2026-06-16 09:26:55',NULL),('325207479376023552','000000','000001','superadmin','package','ASSIGN_MENUS','分配菜单','PUT','/api/system/package/P100/menus','{\"packageId\":\"P100\",\"menuIds\":[\"000121\",\"000122\",\"000123\",\"000124\",\"000131\",\"000132\",\"000133\",\"000134\",\"000135\",\"000141\",\"000142\",\"000143\",\"000144\",\"000145\",\"000161\",\"000162\",\"000163\",\"000181\",\"000182\",\"file_manage_download_0001\",\"file_manage_remove_0001\",\"file_manage_upload_0001\",\"000120\",\"000130\",\"000140\",\"000160\",\"000180\",\"file_manage_0001\",\"000110\",\"000111\",\"000112\",\"000113\",\"000114\",\"000115\",\"000116\",\"000117\",\"000118\",\"000119\",\"00011A\",\"000100\",\"000150\",\"000170\",\"000190\",\"000151\",\"000152\",\"000153\",\"000154\",\"000171\",\"000172\",\"000173\",\"000174\",\"000191\",\"000192\",\"000193\",\"000194\",\"000195\",\"000196\",\"000197\",\"000198\",\"file_center_0001\"]}',200,1,NULL,NULL,'127.0.0.1','Mozilla/5.0 (Windows NT 10.0; Win64; x64) AppleWebKit/537.36 (KHTML, like Gecko) Chrome/149.0.0.0 Safari/537.36',NULL,NULL,'2026-06-16 09:38:25',NULL),('325207608845799424','000000','000001','superadmin','package','ASSIGN_MENUS','分配菜单','PUT','/api/system/package/P100/menus','{\"packageId\":\"P100\",\"menuIds\":[\"000121\",\"000122\",\"000123\",\"000124\",\"000131\",\"000132\",\"000133\",\"000134\",\"000135\",\"000141\",\"000142\",\"000143\",\"000144\",\"000145\",\"000161\",\"000162\",\"000163\",\"000181\",\"000182\",\"000193\",\"000194\",\"000195\",\"000196\",\"000197\",\"000198\",\"file_manage_download_0001\",\"file_manage_remove_0001\",\"file_manage_upload_0001\",\"000191\",\"000192\",\"000120\",\"000130\",\"000140\",\"000160\",\"000180\",\"000190\",\"file_manage_0001\",\"000100\",\"file_center_0001\"]}',200,1,NULL,NULL,'127.0.0.1','Mozilla/5.0 (Windows NT 10.0; Win64; x64) AppleWebKit/537.36 (KHTML, like Gecko) Chrome/149.0.0.0 Safari/537.36',NULL,NULL,'2026-06-16 09:38:56',NULL),('325207635819368448','000000','000001','superadmin','package','ASSIGN_MENUS','分配菜单','PUT','/api/system/package/P001/menus','{\"packageId\":\"P001\",\"menuIds\":[\"000113\",\"000114\",\"000115\",\"000116\",\"000117\",\"000118\",\"000119\",\"00011A\",\"000121\",\"000122\",\"000123\",\"000124\",\"000131\",\"000132\",\"000133\",\"000134\",\"000135\",\"000141\",\"000142\",\"000143\",\"000144\",\"000145\",\"000151\",\"000152\",\"000153\",\"000154\",\"000161\",\"000162\",\"000163\",\"000171\",\"000172\",\"000173\",\"000174\",\"000181\",\"000182\",\"file_manage_download_0001\",\"file_manage_remove_0001\",\"file_manage_upload_0001\",\"storage_config_add_0001\",\"storage_config_edit_0001\",\"storage_config_remove_0001\",\"000111\",\"000112\",\"000120\",\"000130\",\"000140\",\"000150\",\"000160\",\"000170\",\"000180\",\"storage_config_0001\",\"file_manage_0001\",\"000110\",\"file_center_0001\",\"000100\",\"000190\",\"000191\",\"000192\",\"000193\",\"000194\",\"000195\",\"000196\",\"000197\",\"000198\"]}',200,1,NULL,NULL,'127.0.0.1','Mozilla/5.0 (Windows NT 10.0; Win64; x64) AppleWebKit/537.36 (KHTML, like Gecko) Chrome/149.0.0.0 Safari/537.36',NULL,NULL,'2026-06-16 09:39:02',NULL),('325208998750064641','000000',NULL,NULL,'auth','LOGIN','用户登录','POST','/api/auth/login',NULL,200,1,NULL,NULL,'127.0.0.1','Mozilla/5.0 (Windows NT 10.0; Win64; x64) AppleWebKit/537.36 (KHTML, like Gecko) Chrome/149.0.0.0 Safari/537.36',NULL,NULL,'2026-06-16 09:44:27',NULL),('325209058665697281','000000',NULL,NULL,'auth','LOGIN','用户登录','POST','/api/auth/login',NULL,200,1,NULL,NULL,'127.0.0.1','Mozilla/5.0 (Windows NT 10.0; Win64; x64) AppleWebKit/537.36 (KHTML, like Gecko) Chrome/149.0.0.0 Safari/537.36',NULL,NULL,'2026-06-16 09:44:42',NULL),('325209846943191040','000000','000001','superadmin','auth','LOGOUT','用户退出','POST','/api/auth/logout',NULL,200,1,NULL,NULL,'127.0.0.1','Mozilla/5.0 (Windows NT 10.0; Win64; x64) AppleWebKit/537.36 (KHTML, like Gecko) Chrome/149.0.0.0 Safari/537.36',NULL,NULL,'2026-06-16 09:47:50',NULL),('325209871546978304','100000',NULL,NULL,'auth','LOGIN','用户登录','POST','/api/auth/login',NULL,200,1,NULL,NULL,'127.0.0.1','Mozilla/5.0 (Windows NT 10.0; Win64; x64) AppleWebKit/537.36 (KHTML, like Gecko) Chrome/149.0.0.0 Safari/537.36',NULL,NULL,'2026-06-16 09:47:55',NULL),('325212368219017216','000000',NULL,NULL,'auth','LOGIN','用户登录','POST','/api/auth/login',NULL,200,1,NULL,NULL,'127.0.0.1','Mozilla/5.0 (Windows NT 10.0; Win64; x64) AppleWebKit/537.36 (KHTML, like Gecko) Chrome/149.0.0.0 Safari/537.36',NULL,NULL,'2026-06-16 09:57:51',NULL),('325212454063837184','100000','100001','admin','auth','LOGOUT','用户退出','POST','/api/auth/logout',NULL,200,1,NULL,NULL,'127.0.0.1','Mozilla/5.0 (Windows NT 10.0; Win64; x64) AppleWebKit/537.36 (KHTML, like Gecko) Chrome/149.0.0.0 Safari/537.36',NULL,NULL,'2026-06-16 09:58:11',NULL),('325212476180402176','000000',NULL,NULL,'auth','LOGIN','用户登录','POST','/api/auth/login',NULL,200,1,NULL,NULL,'127.0.0.1','Mozilla/5.0 (Windows NT 10.0; Win64; x64) AppleWebKit/537.36 (KHTML, like Gecko) Chrome/149.0.0.0 Safari/537.36',NULL,NULL,'2026-06-16 09:58:16',NULL),('325213240726523904','000000','000001','superadmin','auth','LOGOUT','用户退出','POST','/api/auth/logout',NULL,200,1,NULL,NULL,'127.0.0.1','Mozilla/5.0 (Windows NT 10.0; Win64; x64) AppleWebKit/537.36 (KHTML, like Gecko) Chrome/149.0.0.0 Safari/537.36',NULL,NULL,'2026-06-16 10:01:19',NULL),('325213250184679424','000000',NULL,NULL,'auth','LOGIN','用户登录','POST','/api/auth/login',NULL,200,1,NULL,NULL,'127.0.0.1','Mozilla/5.0 (Windows NT 10.0; Win64; x64) AppleWebKit/537.36 (KHTML, like Gecko) Chrome/149.0.0.0 Safari/537.36',NULL,NULL,'2026-06-16 10:01:21',NULL),('325215156797837313','000000','000001','superadmin','auth','LOGIN','用户登录','POST','/api/auth/login',NULL,200,1,NULL,NULL,'127.0.0.1','Mozilla/5.0 (Windows NT 10.0; Win64; x64) AppleWebKit/537.36 (KHTML, like Gecko) Chrome/149.0.0.0 Safari/537.36',NULL,NULL,'2026-06-16 10:08:56',NULL),('325215475124539392','000000',NULL,NULL,'auth','LOGOUT','用户退出','POST','/api/auth/logout',NULL,200,1,NULL,NULL,'127.0.0.1','Mozilla/5.0 (Windows NT 10.0; Win64; x64) AppleWebKit/537.36 (KHTML, like Gecko) Chrome/148.0.0.0 Safari/537.36 Edg/148.0.0.0',NULL,NULL,'2026-06-16 10:10:11',NULL),('325215508507004929','000000','000001','superadmin','auth','LOGIN','用户登录','POST','/api/auth/login',NULL,200,1,NULL,NULL,'127.0.0.1','Mozilla/5.0 (Windows NT 10.0; Win64; x64) AppleWebKit/537.36 (KHTML, like Gecko) Chrome/148.0.0.0 Safari/537.36 Edg/148.0.0.0',NULL,NULL,'2026-06-16 10:10:19',NULL),('325440799624007681','000000','000001','superadmin','auth','LOGIN','用户登录','POST','/api/auth/login',NULL,200,1,NULL,NULL,'127.0.0.1','Mozilla/5.0 (Windows NT 10.0; Win64; x64) AppleWebKit/537.36 (KHTML, like Gecko) Chrome/149.0.0.0 Safari/537.36',NULL,NULL,'2026-06-17 01:05:33',NULL),('325441968102576128','000000','000001','superadmin','storage','DELETE','删除文件','DELETE','/api/system/storage/files/325441924779610112','{\"fileId\":\"325441924779610112\"}',200,1,NULL,NULL,'127.0.0.1','Mozilla/5.0 (Windows NT 10.0; Win64; x64) AppleWebKit/537.36 (KHTML, like Gecko) Chrome/149.0.0.0 Safari/537.36',NULL,NULL,'2026-06-17 01:10:12',NULL),('325441980823900160','000000','000001','superadmin','storage','DELETE','删除文件','DELETE','/api/system/storage/files/325441758840360960','{\"fileId\":\"325441758840360960\"}',200,1,NULL,NULL,'127.0.0.1','Mozilla/5.0 (Windows NT 10.0; Win64; x64) AppleWebKit/537.36 (KHTML, like Gecko) Chrome/149.0.0.0 Safari/537.36',NULL,NULL,'2026-06-17 01:10:15',NULL),('325441992127549440','000000','000001','superadmin','storage','DELETE','删除文件','DELETE','/api/system/storage/files/325441335437955072','{\"fileId\":\"325441335437955072\"}',200,1,NULL,NULL,'127.0.0.1','Mozilla/5.0 (Windows NT 10.0; Win64; x64) AppleWebKit/537.36 (KHTML, like Gecko) Chrome/149.0.0.0 Safari/537.36',NULL,NULL,'2026-06-17 01:10:17',NULL),('325442003577999360','000000','000001','superadmin','storage','DELETE','删除文件','DELETE','/api/system/storage/files/325441325367431168','{\"fileId\":\"325441325367431168\"}',200,1,NULL,NULL,'127.0.0.1','Mozilla/5.0 (Windows NT 10.0; Win64; x64) AppleWebKit/537.36 (KHTML, like Gecko) Chrome/149.0.0.0 Safari/537.36',NULL,NULL,'2026-06-17 01:10:20',NULL),('325442746976440320','000000','000001','superadmin','user','UPDATE','修改个人资料','PUT','/api/system/user/profile','{\"nickname\":\"超级管理员\"}',200,1,NULL,NULL,'127.0.0.1','Mozilla/5.0 (Windows NT 10.0; Win64; x64) AppleWebKit/537.36 (KHTML, like Gecko) Chrome/149.0.0.0 Safari/537.36',NULL,NULL,'2026-06-17 01:13:17',NULL),('325448041559625728','000000','000001','superadmin','auth','LOGIN','用户登录','POST','/api/auth/login',NULL,200,1,NULL,NULL,'127.0.0.1','Mozilla/5.0 (Windows NT 10.0; Win64; x64) AppleWebKit/537.36 (KHTML, like Gecko) Chrome/149.0.0.0 Safari/537.36',NULL,NULL,'2026-06-17 01:34:20',NULL),('325449677040390144','000000','000001','superadmin','user','UPDATE','修改个人资料','PUT','/api/system/user/profile','{\"nickname\":\"超级管理员\",\"remark\":null,\"avatar\":null}',200,1,NULL,NULL,'127.0.0.1','Mozilla/5.0 (Windows NT 10.0; Win64; x64) AppleWebKit/537.36 (KHTML, like Gecko) Chrome/149.0.0.0 Safari/537.36',NULL,NULL,'2026-06-17 01:40:50',NULL),('325451340836900864','000000','000001','superadmin','user','UPDATE','修改个人资料','PUT','/api/system/user/profile','{\"nickname\":\"超级管理员\",\"realName\":null,\"gender\":\"0\",\"email\":null,\"phone\":null,\"avatar\":null,\"remark\":null}',200,1,NULL,NULL,'127.0.0.1','Mozilla/5.0 (Windows NT 10.0; Win64; x64) AppleWebKit/537.36 (KHTML, like Gecko) Chrome/149.0.0.0 Safari/537.36',NULL,NULL,'2026-06-17 01:47:26',NULL),('325451373195956224','000000','000001','superadmin','user','UPDATE','修改个人资料','PUT','/api/system/user/profile','{\"nickname\":\"超级管理员\",\"realName\":\"暴龙神\",\"gender\":\"0\",\"email\":\"18569795073@163.com\",\"phone\":\"15866669999\",\"avatar\":null,\"remark\":null}',200,1,NULL,NULL,'127.0.0.1','Mozilla/5.0 (Windows NT 10.0; Win64; x64) AppleWebKit/537.36 (KHTML, like Gecko) Chrome/149.0.0.0 Safari/537.36',NULL,NULL,'2026-06-17 01:47:34',NULL),('325454959099383808','000000','000001','superadmin','auth','LOGIN','用户登录','POST','/api/auth/login',NULL,200,1,NULL,NULL,'127.0.0.1','Mozilla/5.0 (Windows NT 10.0; Win64; x64) AppleWebKit/537.36 (KHTML, like Gecko) Chrome/149.0.0.0 Safari/537.36',NULL,NULL,'2026-06-17 02:01:49',NULL),('325455000325197824','000000','000001','superadmin','user','UPDATE','修改个人资料','PUT','/api/system/user/profile','{\"nickname\":\"超级管理员\",\"realName\":\"暴龙神\",\"gender\":\"0\",\"email\":\"18569795073@163.com\",\"phone\":\"15866669999\",\"avatar\":null,\"remark\":null}',200,1,NULL,NULL,'127.0.0.1','Mozilla/5.0 (Windows NT 10.0; Win64; x64) AppleWebKit/537.36 (KHTML, like Gecko) Chrome/149.0.0.0 Safari/537.36',NULL,NULL,'2026-06-17 02:01:59',NULL),('325456286172975104','000000','000001','superadmin','user','UPDATE','修改个人资料','PUT','/api/system/user/profile','{\"nickname\":\"超级管理员\",\"realName\":\"暴龙神\",\"gender\":\"0\",\"email\":\"18569795073@163.com\",\"phone\":\"15866669999\",\"avatar\":\"https://s3.minion.xlcig.cn/public-assets/avatar/1781661999673_images.jpg\",\"remark\":null}',200,1,NULL,NULL,'127.0.0.1','Mozilla/5.0 (Windows NT 10.0; Win64; x64) AppleWebKit/537.36 (KHTML, like Gecko) Chrome/149.0.0.0 Safari/537.36',NULL,NULL,'2026-06-17 02:07:05',NULL),('325466241189941248','000000','000001','superadmin','auth','LOGIN','用户登录','POST','/api/auth/login',NULL,200,1,NULL,NULL,'127.0.0.1','Mozilla/5.0 (Windows NT 10.0; Win64; x64) AppleWebKit/537.36 (KHTML, like Gecko) Chrome/149.0.0.0 Safari/537.36',NULL,NULL,'2026-06-17 02:46:39',NULL),('325470582688845824','000000','000001','superadmin','auth','LOGIN','用户登录','POST','/api/auth/login',NULL,200,1,NULL,NULL,'127.0.0.1','Mozilla/5.0 (Windows NT 10.0; Win64; x64) AppleWebKit/537.36 (KHTML, like Gecko) Chrome/149.0.0.0 Safari/537.36',NULL,NULL,'2026-06-17 03:03:54',NULL),('325471693189550080','000000','000001','superadmin','config','UPDATE','修改系统参数','PUT','/api/system/config/edit','{\"configId\":\"000404\",\"configKey\":\"sys.upload.maxSize\",\"configValue\":\"20\",\"configName\":\"文件上传限制(MB)\",\"configType\":\"sys\",\"remark\":\"文件上传大小限制，默认大小50MB\",\"status\":\"0\"}',200,1,NULL,NULL,'127.0.0.1','Mozilla/5.0 (Windows NT 10.0; Win64; x64) AppleWebKit/537.36 (KHTML, like Gecko) Chrome/149.0.0.0 Safari/537.36',NULL,NULL,'2026-06-17 03:08:19',NULL),('325481364608651264','000000','000001','superadmin','auth','LOGIN','用户登录','POST','/api/auth/login',NULL,200,1,NULL,NULL,'127.0.0.1','Mozilla/5.0 (Windows NT 10.0; Win64; x64) AppleWebKit/537.36 (KHTML, like Gecko) Chrome/149.0.0.0 Safari/537.36',NULL,NULL,'2026-06-17 03:46:45',NULL),('325522807159132160','000000','000001','superadmin','auth','LOGIN','用户登录','POST','/api/auth/login',NULL,200,1,NULL,NULL,'127.0.0.1','Mozilla/5.0 (Windows NT 10.0; Win64; x64) AppleWebKit/537.36 (KHTML, like Gecko) Chrome/149.0.0.0 Safari/537.36',NULL,NULL,'2026-06-17 06:31:25',NULL),('325526707236900864','000000','000001','superadmin','auth','LOGIN','用户登录','POST','/api/auth/login',NULL,200,1,NULL,NULL,'127.0.0.1','Mozilla/5.0 (Windows NT 10.0; Win64; x64) AppleWebKit/537.36 (KHTML, like Gecko) Chrome/149.0.0.0 Safari/537.36',NULL,NULL,'2026-06-17 06:46:55',NULL),('325531366034903040','000000','000001','superadmin','auth','LOGIN','用户登录','POST','/api/auth/login',NULL,200,1,NULL,NULL,'127.0.0.1','Mozilla/5.0 (Macintosh; Intel Mac OS X 10_15_7) AppleWebKit/537.36 (KHTML, like Gecko) Chrome/149.0.0.0 Safari/537.36',NULL,NULL,'2026-06-17 07:05:26',NULL),('325536737071861760','000000','000001','superadmin','auth','LOGIN','用户登录','POST','/api/auth/login',NULL,200,1,NULL,NULL,'127.0.0.1','Mozilla/5.0 (Windows NT 10.0; Win64; x64) AppleWebKit/537.36 (KHTML, like Gecko) Chrome/149.0.0.0 Safari/537.36',NULL,NULL,'2026-06-17 07:26:47',NULL),('325536823193505792','000000','000001','superadmin','dept','UPDATE','修改部门','PUT','/api/system/dept/edit','{\"deptId\":\"323381860459745280\",\"parentId\":\"000000\",\"deptName\":\"行政部\",\"sortNum\":1,\"status\":\"0\"}',200,1,NULL,NULL,'127.0.0.1','Mozilla/5.0 (Windows NT 10.0; Win64; x64) AppleWebKit/537.36 (KHTML, like Gecko) Chrome/149.0.0.0 Safari/537.36',NULL,NULL,'2026-06-17 07:27:07',NULL),('325536880277983232','000000','000001','superadmin','dept','ADD','新增部门','POST','/api/system/dept/add','{\"parentId\":\"000000\",\"deptName\":\"财务部\",\"sortNum\":0,\"status\":\"0\"}',200,1,NULL,NULL,'127.0.0.1','Mozilla/5.0 (Windows NT 10.0; Win64; x64) AppleWebKit/537.36 (KHTML, like Gecko) Chrome/149.0.0.0 Safari/537.36',NULL,NULL,'2026-06-17 07:27:21',NULL),('325536911831732224','000000','000001','superadmin','dept','ADD','新增部门','POST','/api/system/dept/add','{\"parentId\":\"000000\",\"deptName\":\"生产部\",\"sortNum\":0,\"status\":\"0\"}',200,1,NULL,NULL,'127.0.0.1','Mozilla/5.0 (Windows NT 10.0; Win64; x64) AppleWebKit/537.36 (KHTML, like Gecko) Chrome/149.0.0.0 Safari/537.36',NULL,NULL,'2026-06-17 07:27:28',NULL),('325536948599001088','000000','000001','superadmin','dept','ADD','新增部门','POST','/api/system/dept/add','{\"parentId\":\"000000\",\"deptName\":\"市场部\",\"sortNum\":0,\"status\":\"0\"}',200,1,NULL,NULL,'127.0.0.1','Mozilla/5.0 (Windows NT 10.0; Win64; x64) AppleWebKit/537.36 (KHTML, like Gecko) Chrome/149.0.0.0 Safari/537.36',NULL,NULL,'2026-06-17 07:27:37',NULL),('325537043839062016','000000','000001','superadmin','dept','ADD','新增部门','POST','/api/system/dept/add','{\"parentId\":\"325536948397674496\",\"deptName\":\"售前\",\"sortNum\":0,\"status\":\"0\"}',200,1,NULL,NULL,'127.0.0.1','Mozilla/5.0 (Windows NT 10.0; Win64; x64) AppleWebKit/537.36 (KHTML, like Gecko) Chrome/149.0.0.0 Safari/537.36',NULL,NULL,'2026-06-17 07:28:00',NULL),('325537094648860672','000000','000001','superadmin','dept','ADD','新增部门','POST','/api/system/dept/add','{\"parentId\":\"325536948397674496\",\"deptName\":\"销售部\",\"sortNum\":0,\"status\":\"0\"}',200,1,NULL,NULL,'127.0.0.1','Mozilla/5.0 (Windows NT 10.0; Win64; x64) AppleWebKit/537.36 (KHTML, like Gecko) Chrome/149.0.0.0 Safari/537.36',NULL,NULL,'2026-06-17 07:28:12',NULL),('325537143910961152','000000','000001','superadmin','dept','ADD','新增部门','POST','/api/system/dept/add','{\"parentId\":\"325536948397674496\",\"deptName\":\"售后部\",\"sortNum\":0,\"status\":\"0\"}',200,1,NULL,NULL,'127.0.0.1','Mozilla/5.0 (Windows NT 10.0; Win64; x64) AppleWebKit/537.36 (KHTML, like Gecko) Chrome/149.0.0.0 Safari/537.36',NULL,NULL,'2026-06-17 07:28:24',NULL),('325537169739485184','000000','000001','superadmin','dept','UPDATE','修改部门','PUT','/api/system/dept/edit','{\"deptId\":\"325537043469963264\",\"parentId\":\"325536948397674496\",\"deptName\":\"售前部\",\"sortNum\":0,\"status\":\"0\"}',200,1,NULL,NULL,'127.0.0.1','Mozilla/5.0 (Windows NT 10.0; Win64; x64) AppleWebKit/537.36 (KHTML, like Gecko) Chrome/149.0.0.0 Safari/537.36',NULL,NULL,'2026-06-17 07:28:30',NULL),('325538791861391360','000000','000001','superadmin','package','ASSIGN_MENUS','分配菜单','PUT','/api/system/package/P001/menus','{\"packageId\":\"P001\",\"menuIds\":[\"000113\",\"000114\",\"000115\",\"000116\",\"000117\",\"000118\",\"000119\",\"00011A\",\"000121\",\"000122\",\"000123\",\"000124\",\"000131\",\"000132\",\"000133\",\"000134\",\"000135\",\"000141\",\"000142\",\"000143\",\"000144\",\"000145\",\"000151\",\"000152\",\"000153\",\"000154\",\"000161\",\"000162\",\"000163\",\"000171\",\"000172\",\"000173\",\"000174\",\"000181\",\"000182\",\"000193\",\"000194\",\"000195\",\"000196\",\"000197\",\"000198\",\"file_manage_download_0001\",\"file_manage_remove_0001\",\"file_manage_upload_0001\",\"storage_config_add_0001\",\"storage_config_edit_0001\",\"storage_config_remove_0001\",\"000191\",\"000192\",\"000120\",\"000160\",\"000170\",\"000190\",\"000180\",\"000111\",\"000112\",\"storage_config_0001\",\"file_manage_0001\",\"000110\",\"file_center_0001\",\"000130\",\"325518182582456320\",\"000140\",\"325518338505707520\",\"000150\",\"325518440133693440\",\"000100\"]}',200,1,NULL,NULL,'127.0.0.1','Mozilla/5.0 (Windows NT 10.0; Win64; x64) AppleWebKit/537.36 (KHTML, like Gecko) Chrome/149.0.0.0 Safari/537.36',NULL,NULL,'2026-06-17 07:34:57',NULL),('325543494481481728','000000','000001','superadmin','auth','LOGIN','用户登录','POST','/api/auth/login',NULL,200,1,NULL,NULL,'127.0.0.1','Mozilla/5.0 (Windows NT 10.0; Win64; x64) AppleWebKit/537.36 (KHTML, like Gecko) Chrome/149.0.0.0 Safari/537.36',NULL,NULL,'2026-06-17 07:53:38',NULL),('325543527654232064','000000','000001','superadmin','package','ASSIGN_MENUS','分配菜单','PUT','/api/system/package/P001/menus','{\"packageId\":\"P001\",\"menuIds\":[\"000113\",\"000114\",\"000115\",\"000116\",\"000117\",\"000118\",\"000119\",\"00011A\",\"000121\",\"000122\",\"000123\",\"000124\",\"000131\",\"000132\",\"000133\",\"000134\",\"000135\",\"000141\",\"000142\",\"000143\",\"000144\",\"000145\",\"000151\",\"000152\",\"000153\",\"000154\",\"000161\",\"000162\",\"000163\",\"000171\",\"000172\",\"000173\",\"000174\",\"000181\",\"000182\",\"000193\",\"000194\",\"000195\",\"000196\",\"000197\",\"000198\",\"325518182582456320\",\"325518338505707520\",\"325518440133693440\",\"file_manage_download_0001\",\"file_manage_remove_0001\",\"file_manage_upload_0001\",\"storage_config_add_0001\",\"storage_config_edit_0001\",\"storage_config_remove_0001\",\"000191\",\"000192\",\"000120\",\"000130\",\"000140\",\"000150\",\"000160\",\"000170\",\"000180\",\"000190\",\"000111\",\"000112\",\"storage_config_0001\",\"file_manage_0001\",\"000100\",\"000110\",\"file_center_0001\",\"biz_center_0001\",\"production_line_0001\",\"business_order_0001\",\"business_product_0001\",\"business_finance_0001\",\"business_sales_0001\",\"business_inventory_0001\",\"production_line_query_0001\",\"production_line_add_0001\",\"production_line_edit_0001\",\"production_line_remove_0001\",\"production_line_export_0001\",\"business_order_query_0001\",\"business_order_add_0001\",\"business_order_edit_0001\",\"business_order_remove_0001\",\"business_order_export_0001\",\"business_product_query_0001\",\"business_product_add_0001\",\"business_product_edit_0001\",\"business_product_remove_0001\",\"business_product_export_0001\",\"business_finance_query_0001\",\"business_finance_add_0001\",\"business_finance_edit_0001\",\"business_finance_remove_0001\",\"business_finance_export_0001\",\"business_sales_query_0001\",\"business_sales_add_0001\",\"business_sales_edit_0001\",\"business_sales_remove_0001\",\"business_sales_export_0001\",\"business_inventory_query_0001\",\"business_inventory_add_0001\",\"business_inventory_edit_0001\",\"business_inventory_remove_0001\",\"business_inventory_export_0001\"]}',200,1,NULL,NULL,'127.0.0.1','Mozilla/5.0 (Windows NT 10.0; Win64; x64) AppleWebKit/537.36 (KHTML, like Gecko) Chrome/149.0.0.0 Safari/537.36',NULL,NULL,'2026-06-17 07:53:46',NULL),('325547893228441600','000000','000001','superadmin','auth','LOGIN','用户登录','POST','/api/auth/login',NULL,200,1,NULL,NULL,'127.0.0.1','Mozilla/5.0 (Windows NT 10.0; Win64; x64) AppleWebKit/537.36 (KHTML, like Gecko) Chrome/149.0.0.0 Safari/537.36',NULL,NULL,'2026-06-17 08:11:07',NULL),('325549563261882368','000000','000001','superadmin','auth','LOGIN','用户登录','POST','/api/auth/login',NULL,200,1,NULL,NULL,'127.0.0.1','Mozilla/5.0 (Windows NT 10.0; Win64; x64) AppleWebKit/537.36 (KHTML, like Gecko) Chrome/149.0.0.0 Safari/537.36',NULL,NULL,'2026-06-17 08:17:45',NULL),('325554295405678592','000000','000001','superadmin','auth','LOGIN','用户登录','POST','/api/auth/login',NULL,200,1,NULL,NULL,'127.0.0.1','Mozilla/5.0 (Windows NT 10.0; Win64; x64) AppleWebKit/537.36 (KHTML, like Gecko) Chrome/149.0.0.0 Safari/537.36',NULL,NULL,'2026-06-17 08:36:33',NULL),('325561651757715456','000000','000001','superadmin','auth','LOGIN','用户登录','POST','/api/auth/login',NULL,200,1,NULL,NULL,'127.0.0.1','Mozilla/5.0 (Macintosh; Intel Mac OS X 10_15_7) AppleWebKit/537.36 (KHTML, like Gecko) Chrome/149.0.0.0 Safari/537.36',NULL,NULL,'2026-06-17 09:05:47',NULL),('325564970945351680','000000',NULL,NULL,'auth','LOGOUT','用户退出','POST','/api/auth/logout',NULL,200,1,NULL,NULL,'127.0.0.1','Mozilla/5.0 (Linux; Android 16; VER-AN10 Build/HONORVER-AN20P; wv) AppleWebKit/537.36 (KHTML, like Gecko) Version/4.0 Chrome/146.0.7680.178 Mobile Safari/537.36 XWEB/1460217 MMWEBSDK/20260202 MMWEBID/1221 REV/89918ef4d19865ac6236e9f77c99567b0ec6d85b MicroMessenger/8.0.70.3060(0x28004652) WeChat/arm64 Weixin NetType/WIFI Language/zh_CN ABI/arm64',NULL,NULL,'2026-06-17 09:18:58',NULL),('325565118459023360','000000','000001','superadmin','auth','LOGIN','用户登录','POST','/api/auth/login',NULL,200,1,NULL,NULL,'127.0.0.1','Mozilla/5.0 (Windows NT 10.0; Win64; x64) AppleWebKit/537.36 (KHTML, like Gecko) Chrome/132.0.0.0 Safari/537.36 NetType/WIFI MicroMessenger/7.0.20.1781(0x6700143B) WindowsWechat(0x63090a13) UnifiedPCWindowsWechat(0xf254193e) XWEB/19841 Flue',NULL,NULL,'2026-06-17 09:19:33',NULL),('325565503714234368','000000','000001','superadmin','auth','LOGIN','用户登录','POST','/api/auth/login',NULL,200,1,NULL,NULL,'127.0.0.1','Mozilla/5.0 (Windows NT 10.0; Win64; x64) AppleWebKit/537.36 (KHTML, like Gecko) Chrome/149.0.0.0 Safari/537.36',NULL,NULL,'2026-06-17 09:21:05',NULL),('325565604872458240','000000','000001','superadmin','config','UPDATE','修改系统参数','PUT','/api/system/config/edit','{\"configId\":\"324800409917067264\",\"configKey\":\"sys.login.multiDevice\",\"configValue\":\"1\",\"configName\":\"多开登录\",\"configType\":\"sys\",\"remark\":\"1 = 允许多开；0 = 只允许单端。默认1\",\"status\":\"0\"}',200,1,NULL,NULL,'127.0.0.1','Mozilla/5.0 (Windows NT 10.0; Win64; x64) AppleWebKit/537.36 (KHTML, like Gecko) Chrome/149.0.0.0 Safari/537.36',NULL,NULL,'2026-06-17 09:21:29',NULL),('325565721591549952','000000','000001','superadmin','auth','LOGIN','用户登录','POST','/api/auth/login',NULL,200,1,NULL,NULL,'127.0.0.1','Mozilla/5.0 (OHOS; OHOS x86_64) AppleWebKit/537.36 (KHTML, like Gecko) Chrome/126.0.0.0 Safari/537.36 NetType/WIFI MicroMessenger/7.0.20.1781(0x6700143B) WindowsWechat(0x63090a13) UnifiedPCOHOSWechat(0xf2b40127) XWEB/13171 Flue',NULL,NULL,'2026-06-17 09:21:57',NULL),('325803730303848448','000000',NULL,NULL,'auth','LOGOUT','用户退出','POST','/api/auth/logout',NULL,200,1,NULL,NULL,'127.0.0.1','Mozilla/5.0 (Windows NT 10.0; Win64; x64) AppleWebKit/537.36 (KHTML, like Gecko) Chrome/132.0.0.0 Safari/537.36 NetType/WIFI MicroMessenger/7.0.20.1781(0x6700143B) WindowsWechat(0x63090a13) UnifiedPCWindowsWechat(0xf2541a35) XWEB/20001 Flue',NULL,NULL,'2026-06-18 01:07:44',NULL),('325804006914002944','000000','000001','superadmin','auth','LOGIN','用户登录','POST','/api/auth/login',NULL,200,1,NULL,NULL,'127.0.0.1','Mozilla/5.0 (Windows NT 10.0; Win64; x64) AppleWebKit/537.36 (KHTML, like Gecko) Chrome/122.0.0.0 Safari/537.36',NULL,NULL,'2026-06-18 01:08:50',NULL),('325873514961833984','000000','000001','superadmin','auth','LOGIN','用户登录','POST','/api/auth/login',NULL,200,1,NULL,NULL,'127.0.0.1','Mozilla/5.0 (Windows NT 10.0; Win64; x64) AppleWebKit/537.36 (KHTML, like Gecko) Chrome/149.0.0.0 Safari/537.36',NULL,NULL,'2026-06-18 05:45:00',NULL),('325878281553448960','000000','000001','superadmin','auth','LOGIN','用户登录','POST','/api/auth/login',NULL,200,1,NULL,NULL,'127.0.0.1','Mozilla/5.0 (Windows NT 10.0; Win64; x64) AppleWebKit/537.36 (KHTML, like Gecko) Chrome/149.0.0.0 Safari/537.36',NULL,NULL,'2026-06-18 06:03:56',NULL),('325883338671919104','000000','000001','superadmin','package','ASSIGN_MENUS','分配菜单','PUT','/api/system/package/P001/menus','{\"packageId\":\"P001\",\"menuIds\":[\"000113\",\"000114\",\"000115\",\"000116\",\"000117\",\"000118\",\"000119\",\"00011A\",\"000121\",\"000122\",\"000123\",\"000124\",\"000131\",\"000132\",\"000133\",\"000134\",\"000135\",\"000141\",\"000142\",\"000143\",\"000144\",\"000145\",\"000151\",\"000152\",\"000153\",\"000154\",\"000161\",\"000162\",\"000163\",\"000171\",\"000172\",\"000173\",\"000174\",\"000181\",\"000182\",\"000193\",\"000194\",\"000195\",\"000196\",\"000197\",\"000198\",\"325518182582456320\",\"325518338505707520\",\"325518440133693440\",\"business_finance_add_0001\",\"business_finance_edit_0001\",\"business_finance_export_0001\",\"business_finance_query_0001\",\"business_finance_remove_0001\",\"business_inventory_add_0001\",\"business_inventory_edit_0001\",\"business_inventory_export_0001\",\"business_inventory_query_0001\",\"business_inventory_remove_0001\",\"business_order_add_0001\",\"business_order_edit_0001\",\"business_order_export_0001\",\"business_order_query_0001\",\"business_order_remove_0001\",\"business_product_add_0001\",\"business_product_edit_0001\",\"business_product_export_0001\",\"business_product_query_0001\",\"business_product_remove_0001\",\"business_sales_add_0001\",\"business_sales_edit_0001\",\"business_sales_export_0001\",\"business_sales_query_0001\",\"business_sales_remove_0001\",\"file_manage_download_0001\",\"file_manage_remove_0001\",\"file_manage_upload_0001\",\"production_line_add_0001\",\"production_line_edit_0001\",\"production_line_export_0001\",\"production_line_query_0001\",\"production_line_remove_0001\",\"storage_config_add_0001\",\"storage_config_edit_0001\",\"storage_config_remove_0001\",\"000191\",\"000192\",\"000120\",\"000130\",\"000140\",\"000150\",\"000160\",\"000170\",\"000180\",\"000190\",\"storage_config_0001\",\"file_manage_0001\",\"000111\",\"000112\",\"production_line_0001\",\"business_order_0001\",\"business_product_0001\",\"business_finance_0001\",\"business_sales_0001\",\"business_inventory_0001\",\"file_center_0001\",\"000110\",\"000100\",\"325883052729438208\"]}',200,1,NULL,NULL,'127.0.0.1','Mozilla/5.0 (Windows NT 10.0; Win64; x64) AppleWebKit/537.36 (KHTML, like Gecko) Chrome/149.0.0.0 Safari/537.36',NULL,NULL,'2026-06-18 06:24:02',NULL),('325885774958563328','000000','000001','superadmin','auth','LOGIN','用户登录','POST','/api/auth/login',NULL,200,1,NULL,NULL,'127.0.0.1','Mozilla/5.0 (Windows NT 10.0; Win64; x64) AppleWebKit/537.36 (KHTML, like Gecko) Chrome/149.0.0.0 Safari/537.36',NULL,NULL,'2026-06-18 06:33:43',NULL),('325910076948877312','000000','000001','superadmin','auth','LOGIN','用户登录','POST','/api/auth/login',NULL,200,1,NULL,NULL,'127.0.0.1','Mozilla/5.0 (Windows NT 10.0; Win64; x64) AppleWebKit/537.36 (KHTML, like Gecko) Chrome/149.0.0.0 Safari/537.36',NULL,NULL,'2026-06-18 08:10:17',NULL),('325913304012820480','000000','000001','superadmin','auth','LOGIN','用户登录','POST','/api/auth/login',NULL,200,1,NULL,NULL,'127.0.0.1','Mozilla/5.0 (Windows NT 10.0; Win64; x64) AppleWebKit/537.36 (KHTML, like Gecko) Chrome/149.0.0.0 Safari/537.36',NULL,NULL,'2026-06-18 08:23:07',NULL),('325917881567154176','000000','000001','superadmin','auth','LOGIN','用户登录','POST','/api/auth/login',NULL,200,1,NULL,NULL,'127.0.0.1','Mozilla/5.0 (Windows NT 10.0; Win64; x64) AppleWebKit/537.36 (KHTML, like Gecko) Chrome/149.0.0.0 Safari/537.36',NULL,NULL,'2026-06-18 08:41:18',NULL),('325922060478058496','000000','000001','superadmin','auth','LOGIN','用户登录','POST','/api/auth/login',NULL,200,1,NULL,NULL,'127.0.0.1','Mozilla/5.0 (Windows NT 10.0; Win64; x64) AppleWebKit/537.36 (KHTML, like Gecko) Chrome/149.0.0.0 Safari/537.36',NULL,NULL,'2026-06-18 08:57:54',NULL),('325926558961373184','000000','000001','superadmin','auth','LOGIN','用户登录','POST','/api/auth/login',NULL,200,1,NULL,NULL,'127.0.0.1','Mozilla/5.0 (Windows NT 10.0; Win64; x64) AppleWebKit/537.36 (KHTML, like Gecko) Chrome/149.0.0.0 Safari/537.36',NULL,NULL,'2026-06-18 09:15:47',NULL),('325930490588696576','000000','000001','superadmin','auth','LOGIN','用户登录','POST','/api/auth/login',NULL,200,1,NULL,NULL,'127.0.0.1','Mozilla/5.0 (Windows NT 10.0; Win64; x64) AppleWebKit/537.36 (KHTML, like Gecko) Chrome/149.0.0.0 Safari/537.36',NULL,NULL,'2026-06-18 09:31:24',NULL),('325932887000092672','000000','000001','superadmin','package','ASSIGN_MENUS','分配菜单','PUT','/api/system/package/P100/menus','{\"packageId\":\"P100\",\"menuIds\":[\"000121\",\"000122\",\"000123\",\"000124\",\"000131\",\"000132\",\"000133\",\"000134\",\"000135\",\"000141\",\"000142\",\"000143\",\"000144\",\"000145\",\"000161\",\"000162\",\"000163\",\"000181\",\"000182\",\"000193\",\"000194\",\"000195\",\"000196\",\"000197\",\"000198\",\"file_manage_download_0001\",\"file_manage_upload_0001\",\"000191\",\"000192\",\"000120\",\"000160\",\"000180\",\"000190\",\"production_line_0001\",\"production_line_query_0001\",\"production_line_add_0001\",\"production_line_edit_0001\",\"production_line_remove_0001\",\"production_line_export_0001\",\"business_order_0001\",\"business_order_query_0001\",\"business_order_add_0001\",\"business_order_edit_0001\",\"business_order_remove_0001\",\"business_order_export_0001\",\"business_product_0001\",\"business_product_query_0001\",\"business_product_add_0001\",\"business_product_edit_0001\",\"business_product_remove_0001\",\"business_product_export_0001\",\"business_finance_0001\",\"business_finance_query_0001\",\"business_finance_add_0001\",\"business_finance_edit_0001\",\"business_finance_remove_0001\",\"business_finance_export_0001\",\"business_sales_0001\",\"business_sales_query_0001\",\"business_sales_add_0001\",\"business_sales_edit_0001\",\"business_sales_remove_0001\",\"business_sales_export_0001\",\"business_inventory_0001\",\"business_inventory_query_0001\",\"business_inventory_add_0001\",\"business_inventory_edit_0001\",\"business_inventory_remove_0001\",\"business_inventory_export_0001\",\"file_manage_remove_0001\",\"file_manage_0001\",\"000130\",\"000140\",\"000100\",\"file_center_0001\"]}',200,1,NULL,NULL,'127.0.0.1','Mozilla/5.0 (Windows NT 10.0; Win64; x64) AppleWebKit/537.36 (KHTML, like Gecko) Chrome/149.0.0.0 Safari/537.36',NULL,NULL,'2026-06-18 09:40:56',NULL),('327260289529679872','000000','000001','superadmin','auth','LOGIN','用户登录','POST','/api/auth/login',NULL,200,1,NULL,NULL,'127.0.0.1','Mozilla/5.0 (Windows NT 10.0; Win64; x64) AppleWebKit/537.36 (KHTML, like Gecko) Chrome/149.0.0.0 Safari/537.36',NULL,NULL,'2026-06-22 01:35:34',NULL),('327265616794882048','000000','000001','superadmin','auth','LOGIN','用户登录','POST','/api/auth/login',NULL,200,1,NULL,NULL,'127.0.0.1','Mozilla/5.0 (Windows NT 10.0; Win64; x64) AppleWebKit/537.36 (KHTML, like Gecko) Chrome/149.0.0.0 Safari/537.36',NULL,NULL,'2026-06-22 01:56:44',NULL),('327267731105779712','000000','000001','superadmin','package','ASSIGN_MENUS','分配菜单','PUT','/api/system/package/P001/menus','{\"packageId\":\"P001\",\"menuIds\":[\"000113\",\"000114\",\"000115\",\"000116\",\"000117\",\"000118\",\"000119\",\"00011A\",\"000121\",\"000122\",\"000123\",\"000124\",\"000131\",\"000132\",\"000133\",\"000134\",\"000135\",\"000141\",\"000142\",\"000143\",\"000144\",\"000145\",\"000151\",\"000152\",\"000153\",\"000154\",\"000161\",\"000162\",\"000163\",\"000171\",\"000172\",\"000173\",\"000174\",\"000181\",\"000182\",\"000193\",\"000194\",\"000195\",\"000196\",\"000197\",\"000198\",\"325518182582456320\",\"325518338505707520\",\"325518440133693440\",\"325883052729438208\",\"business_finance_add_0001\",\"business_finance_edit_0001\",\"business_finance_export_0001\",\"business_finance_query_0001\",\"business_finance_remove_0001\",\"business_inventory_add_0001\",\"business_inventory_edit_0001\",\"business_inventory_export_0001\",\"business_inventory_query_0001\",\"business_inventory_remove_0001\",\"business_order_add_0001\",\"business_order_edit_0001\",\"business_order_export_0001\",\"business_order_query_0001\",\"business_order_remove_0001\",\"business_product_add_0001\",\"business_product_edit_0001\",\"business_product_export_0001\",\"business_product_query_0001\",\"business_product_remove_0001\",\"business_sales_add_0001\",\"business_sales_edit_0001\",\"business_sales_export_0001\",\"business_sales_query_0001\",\"business_sales_remove_0001\",\"file_manage_download_0001\",\"file_manage_remove_0001\",\"file_manage_upload_0001\",\"production_line_add_0001\",\"production_line_edit_0001\",\"production_line_export_0001\",\"production_line_query_0001\",\"production_line_remove_0001\",\"storage_config_add_0001\",\"storage_config_edit_0001\",\"storage_config_remove_0001\",\"000130\",\"000140\",\"000150\",\"000180\",\"storage_config_0001\",\"file_manage_0001\",\"000111\",\"000112\",\"production_line_0001\",\"business_order_0001\",\"business_product_0001\",\"business_finance_0001\",\"business_sales_0001\",\"business_inventory_0001\",\"file_center_0001\",\"000110\",\"000100\",\"000120\",\"000160\",\"000170\",\"000190\",\"327266832077688832\",\"327267036847804416\",\"327267207878938624\",\"000191\",\"000192\",\"327267400540098560\",\"327267345460498432\"]}',200,1,NULL,NULL,'127.0.0.1','Mozilla/5.0 (Windows NT 10.0; Win64; x64) AppleWebKit/537.36 (KHTML, like Gecko) Chrome/149.0.0.0 Safari/537.36',NULL,NULL,'2026-06-22 02:05:08',NULL),('327268173957173248','000000','000001','superadmin','user','ADD','新增用户','POST','/api/system/user/add','{\"username\":\"globalSearch\",\"nickname\":\"测试全局搜索\",\"realName\":\"暴龙神\",\"gender\":\"0\",\"email\":\"18569795075@163.com\",\"phone\":\"18569795075\",\"deptId\":\"325536911462633472\",\"isAdmin\":\"0\",\"status\":\"0\",\"roleIds\":[\"323642966914764800\"]}',200,1,NULL,NULL,'127.0.0.1','Mozilla/5.0 (Windows NT 10.0; Win64; x64) AppleWebKit/537.36 (KHTML, like Gecko) Chrome/149.0.0.0 Safari/537.36',NULL,NULL,'2026-06-22 02:06:54',NULL),('327274864941600768','000000','000001','superadmin','auth','LOGIN','用户登录','POST','/api/auth/login',NULL,200,1,NULL,NULL,'127.0.0.1','Mozilla/5.0 (Windows NT 10.0; Win64; x64) AppleWebKit/537.36 (KHTML, like Gecko) Chrome/149.0.0.0 Safari/537.36',NULL,NULL,'2026-06-22 02:33:29',NULL),('327278641799106560','000000','000001','superadmin','auth','LOGIN','用户登录','POST','/api/auth/login',NULL,200,1,NULL,NULL,'127.0.0.1','Mozilla/5.0 (Windows NT 10.0; Win64; x64) AppleWebKit/537.36 (KHTML, like Gecko) Chrome/149.0.0.0 Safari/537.36',NULL,NULL,'2026-06-22 02:48:30',NULL),('327283650670497792','000000','000001','superadmin','auth','LOGIN','用户登录','POST','/api/auth/login',NULL,200,1,NULL,NULL,'127.0.0.1','Mozilla/5.0 (Windows NT 10.0; Win64; x64) AppleWebKit/537.36 (KHTML, like Gecko) Chrome/149.0.0.0 Safari/537.36',NULL,NULL,'2026-06-22 03:08:24',NULL),('327287721007648768','000000','000001','superadmin','auth','LOGIN','用户登录','POST','/api/auth/login',NULL,200,1,NULL,NULL,'127.0.0.1','Mozilla/5.0 (Windows NT 10.0; Win64; x64) AppleWebKit/537.36 (KHTML, like Gecko) Chrome/149.0.0.0 Safari/537.36',NULL,NULL,'2026-06-22 03:24:34',NULL),('327292047151206400','000000','000001','superadmin','auth','LOGIN','用户登录','POST','/api/auth/login',NULL,200,1,NULL,NULL,'127.0.0.1','Mozilla/5.0 (Windows NT 10.0; Win64; x64) AppleWebKit/537.36 (KHTML, like Gecko) Chrome/149.0.0.0 Safari/537.36',NULL,NULL,'2026-06-22 03:41:46',NULL),('327323628741988352','000000','000001','superadmin','auth','LOGIN','用户登录','POST','/api/auth/login',NULL,200,1,NULL,NULL,'127.0.0.1','Mozilla/5.0 (Windows NT 10.0; Win64; x64) AppleWebKit/537.36 (KHTML, like Gecko) Chrome/149.0.0.0 Safari/537.36',NULL,NULL,'2026-06-22 05:47:14',NULL),('327327215337476096','000000','000001','superadmin','auth','LOGIN','用户登录','POST','/api/auth/login',NULL,200,1,NULL,NULL,'127.0.0.1','Mozilla/5.0 (Windows NT 10.0; Win64; x64) AppleWebKit/537.36 (KHTML, like Gecko) Chrome/149.0.0.0 Safari/537.36',NULL,NULL,'2026-06-22 06:01:29',NULL),('327327535006355456','000000','000001','superadmin','auth','LOGIN','用户登录','POST','/api/auth/login',NULL,200,1,NULL,NULL,'127.0.0.1','Mozilla/5.0 (Windows NT 10.0; Win64; x64) AppleWebKit/537.36 (KHTML, like Gecko) Chrome/149.0.0.0 Safari/537.36',NULL,NULL,'2026-06-22 06:02:45',NULL),('327331723849371648','000000','000001','superadmin','auth','LOGIN','用户登录','POST','/api/auth/login',NULL,200,1,NULL,NULL,'127.0.0.1','Mozilla/5.0 (Windows NT 10.0; Win64; x64) AppleWebKit/537.36 (KHTML, like Gecko) Chrome/149.0.0.0 Safari/537.36',NULL,NULL,'2026-06-22 06:19:24',NULL),('327337332346851328','000000','000001','superadmin','auth','LOGIN','用户登录','POST','/api/auth/login',NULL,200,1,NULL,NULL,'127.0.0.1','Mozilla/5.0 (Windows NT 10.0; Win64; x64) AppleWebKit/537.36 (KHTML, like Gecko) Chrome/149.0.0.0 Safari/537.36',NULL,NULL,'2026-06-22 06:41:41',NULL),('327341267887460352','000000','000001','superadmin','auth','LOGIN','用户登录','POST','/api/auth/login',NULL,200,1,NULL,NULL,'127.0.0.1','Mozilla/5.0 (Windows NT 10.0; Win64; x64) AppleWebKit/537.36 (KHTML, like Gecko) Chrome/149.0.0.0 Safari/537.36',NULL,NULL,'2026-06-22 06:57:20',NULL),('327347048917635072','000000','000001','superadmin','auth','LOGIN','用户登录','POST','/api/auth/login',NULL,200,1,NULL,NULL,'127.0.0.1','Mozilla/5.0 (Windows NT 10.0; Win64; x64) AppleWebKit/537.36 (KHTML, like Gecko) Chrome/149.0.0.0 Safari/537.36',NULL,NULL,'2026-06-22 07:20:18',NULL),('327359754055847936','000000','000001','superadmin','auth','LOGIN','用户登录','POST','/api/auth/login',NULL,200,1,NULL,NULL,'127.0.0.1','Mozilla/5.0 (Windows NT 10.0; Win64; x64) AppleWebKit/537.36 (KHTML, like Gecko) Chrome/149.0.0.0 Safari/537.36',NULL,NULL,'2026-06-22 08:10:47',NULL),('327360864845959168','000000','000001','superadmin','config','UPDATE','修改系统参数','PUT','/api/system/config/edit','{\"configId\":\"000405\",\"configKey\":\"sys.version\",\"configValue\":\"1.0.0\",\"configName\":\"版本号\",\"configType\":\"sys\",\"remark\":\"系统版本\",\"status\":\"0\"}',200,1,NULL,NULL,'127.0.0.1','Mozilla/5.0 (Windows NT 10.0; Win64; x64) AppleWebKit/537.36 (KHTML, like Gecko) Chrome/149.0.0.0 Safari/537.36',NULL,NULL,'2026-06-22 08:15:12',NULL),('327363867292340224','000000','000001','superadmin','auth','LOGIN','用户登录','POST','/api/auth/login',NULL,200,1,NULL,NULL,'127.0.0.1','Mozilla/5.0 (Windows NT 10.0; Win64; x64) AppleWebKit/537.36 (KHTML, like Gecko) Chrome/149.0.0.0 Safari/537.36',NULL,NULL,'2026-06-22 08:27:08',NULL),('327364615958827008','000000','000001','superadmin','user','UPDATE','修改个人资料','PUT','/api/system/user/profile','{\"nickname\":\"超级管理员\",\"realName\":\"暴龙神\",\"gender\":\"0\",\"email\":\"18569795073@163.com\",\"phone\":\"15866669999\",\"avatar\":\"https://s3.minion.xlcig.cn/public-assets/avatar/1782117005845_icon-192x192.png\",\"remark\":null}',200,1,NULL,NULL,'127.0.0.1','Mozilla/5.0 (Windows NT 10.0; Win64; x64) AppleWebKit/537.36 (KHTML, like Gecko) Chrome/149.0.0.0 Safari/537.36',NULL,NULL,'2026-06-22 08:30:06',NULL),('327365578824224768','000000','000001','superadmin','storage','DELETE','删除文件','DELETE','/api/system/storage/files/325151909738582016','{\"fileId\":\"325151909738582016\"}',200,1,NULL,NULL,'127.0.0.1','Mozilla/5.0 (Windows NT 10.0; Win64; x64) AppleWebKit/537.36 (KHTML, like Gecko) Chrome/149.0.0.0 Safari/537.36',NULL,NULL,'2026-06-22 08:33:56',NULL),('327365594166988800','000000','000001','superadmin','storage','DELETE','删除文件','DELETE','/api/system/storage/files/325155265907396608','{\"fileId\":\"325155265907396608\"}',200,1,NULL,NULL,'127.0.0.1','Mozilla/5.0 (Windows NT 10.0; Win64; x64) AppleWebKit/537.36 (KHTML, like Gecko) Chrome/149.0.0.0 Safari/537.36',NULL,NULL,'2026-06-22 08:34:00',NULL),('327365933322604544','000000','000001','superadmin','storage','DELETE','删除文件','DELETE','/api/system/storage/files/327365894550458368','{\"fileId\":\"327365894550458368\"}',200,1,NULL,NULL,'127.0.0.1','Mozilla/5.0 (Windows NT 10.0; Win64; x64) AppleWebKit/537.36 (KHTML, like Gecko) Chrome/149.0.0.0 Safari/537.36',NULL,NULL,'2026-06-22 08:35:20',NULL),('327366116492054528','000000','000001','superadmin','storage','DELETE','删除文件','DELETE','/api/system/storage/files/325442039544156160','{\"fileId\":\"325442039544156160\"}',200,1,NULL,NULL,'127.0.0.1','Mozilla/5.0 (Windows NT 10.0; Win64; x64) AppleWebKit/537.36 (KHTML, like Gecko) Chrome/149.0.0.0 Safari/537.36',NULL,NULL,'2026-06-22 08:36:04',NULL),('327366461863628800','000000','000001','superadmin','storage','DELETE','删除文件','DELETE','/api/system/storage/files/325456179692179456','{\"fileId\":\"325456179692179456\"}',200,1,NULL,NULL,'127.0.0.1','Mozilla/5.0 (Windows NT 10.0; Win64; x64) AppleWebKit/537.36 (KHTML, like Gecko) Chrome/149.0.0.0 Safari/537.36',NULL,NULL,'2026-06-22 08:37:27',NULL),('327640591863255040','000000','000001','superadmin','auth','LOGIN','用户登录','POST','/api/auth/login',NULL,200,1,NULL,NULL,'127.0.0.1','Mozilla/5.0 (Windows NT 10.0; Win64; x64) AppleWebKit/537.36 (KHTML, like Gecko) Chrome/149.0.0.0 Safari/537.36',NULL,NULL,'2026-06-23 02:46:45',NULL),('327648789114523648','000000','000001','superadmin','auth','LOGIN','用户登录','POST','/api/auth/login',NULL,200,1,NULL,NULL,'127.0.0.1','Mozilla/5.0 (Windows NT 10.0; Win64; x64) AppleWebKit/537.36 (KHTML, like Gecko) Chrome/149.0.0.0 Safari/537.36',NULL,NULL,'2026-06-23 03:19:20',NULL),('327654387428233216','000000','000001','superadmin','auth','LOGIN','用户登录','POST','/api/auth/login',NULL,200,1,NULL,NULL,'127.0.0.1','Mozilla/5.0 (Windows NT 10.0; Win64; x64) AppleWebKit/537.36 (KHTML, like Gecko) Chrome/149.0.0.0 Safari/537.36',NULL,NULL,'2026-06-23 03:41:35',NULL),('327686934094811136','000000','000001','superadmin','auth','LOGIN','用户登录','POST','/api/auth/login',NULL,200,1,NULL,NULL,'127.0.0.1','Mozilla/5.0 (Windows NT 10.0; Win64; x64) AppleWebKit/537.36 (KHTML, like Gecko) Chrome/149.0.0.0 Safari/537.36',NULL,NULL,'2026-06-23 05:50:53',NULL),('327691688812351488','000000','000001','superadmin','auth','LOGIN','用户登录','POST','/api/auth/login',NULL,200,1,NULL,NULL,'127.0.0.1','Mozilla/5.0 (Windows NT 10.0; Win64; x64) AppleWebKit/537.36 (KHTML, like Gecko) Chrome/149.0.0.0 Safari/537.36',NULL,NULL,'2026-06-23 06:09:47',NULL),('327692299498819584','000000','000001','superadmin','auth','LOGIN','用户登录','POST','/api/auth/login',NULL,200,1,NULL,NULL,'127.0.0.1','Mozilla/5.0 (Windows NT 10.0; Win64; x64) AppleWebKit/537.36 (KHTML, like Gecko) Chrome/149.0.0.0 Safari/537.36',NULL,NULL,'2026-06-23 06:12:12',NULL),('327696667530891264','000000','000001','superadmin','auth','LOGIN','用户登录','POST','/api/auth/login',NULL,200,1,NULL,NULL,'127.0.0.1','Mozilla/5.0 (Windows NT 10.0; Win64; x64) AppleWebKit/537.36 (KHTML, like Gecko) Chrome/149.0.0.0 Safari/537.36',NULL,NULL,'2026-06-23 06:29:34',NULL),('327705199374372864','100000','100001','admin','auth','LOGIN','用户登录','POST','/api/auth/login',NULL,200,1,NULL,NULL,'127.0.0.1','Mozilla/5.0 (Windows NT 10.0; Win64; x64) AppleWebKit/537.36 (KHTML, like Gecko) Chrome/149.0.0.0 Safari/537.36',NULL,NULL,'2026-06-23 07:03:28',NULL),('327705820777287680','000000','000001','superadmin','package','ASSIGN_MENUS','分配菜单','PUT','/api/system/package/P100/menus','{\"packageId\":\"P100\",\"menuIds\":[\"000121\",\"000122\",\"000123\",\"000124\",\"000131\",\"000132\",\"000133\",\"000134\",\"000135\",\"000141\",\"000142\",\"000143\",\"000144\",\"000145\",\"000161\",\"000162\",\"000163\",\"000181\",\"000182\",\"000193\",\"000194\",\"000195\",\"000196\",\"000197\",\"000198\",\"file_manage_download_0001\",\"file_manage_remove_0001\",\"file_manage_upload_0001\",\"000180\",\"file_manage_0001\",\"production_line_0001\",\"production_line_query_0001\",\"production_line_add_0001\",\"production_line_edit_0001\",\"production_line_remove_0001\",\"production_line_export_0001\",\"business_order_0001\",\"business_order_query_0001\",\"business_order_add_0001\",\"business_order_edit_0001\",\"business_order_remove_0001\",\"business_order_export_0001\",\"business_product_0001\",\"business_product_query_0001\",\"business_product_add_0001\",\"business_product_edit_0001\",\"business_product_remove_0001\",\"business_product_export_0001\",\"business_finance_0001\",\"business_finance_query_0001\",\"business_finance_add_0001\",\"business_finance_edit_0001\",\"business_finance_remove_0001\",\"business_finance_export_0001\",\"business_sales_0001\",\"business_sales_query_0001\",\"business_sales_add_0001\",\"business_sales_edit_0001\",\"business_sales_remove_0001\",\"business_sales_export_0001\",\"business_inventory_0001\",\"business_inventory_query_0001\",\"business_inventory_add_0001\",\"business_inventory_edit_0001\",\"business_inventory_remove_0001\",\"business_inventory_export_0001\",\"000191\",\"000192\",\"000120\",\"000130\",\"000140\",\"000160\",\"000190\",\"000100\",\"file_center_0001\"]}',200,1,NULL,NULL,'127.0.0.1','Mozilla/5.0 (Windows NT 10.0; Win64; x64) AppleWebKit/537.36 (KHTML, like Gecko) Chrome/149.0.0.0 Safari/537.36',NULL,NULL,'2026-06-23 07:05:56',NULL),('327706049182306304','000000','000001','superadmin','package','ADD','新增套餐','POST','/api/system/package/add','{\"packageName\":\"测试租户\",\"status\":\"0\",\"remark\":\"测试\"}',200,1,NULL,NULL,'127.0.0.1','Mozilla/5.0 (Windows NT 10.0; Win64; x64) AppleWebKit/537.36 (KHTML, like Gecko) Chrome/149.0.0.0 Safari/537.36',NULL,NULL,'2026-06-23 07:06:50',NULL),('327706142870474752','000000','000001','superadmin','package','ASSIGN_MENUS','分配菜单','PUT','/api/system/package/327706048414748672/menus','{\"packageId\":\"327706048414748672\",\"menuIds\":[\"production_line_0001\",\"production_line_query_0001\",\"production_line_add_0001\",\"production_line_edit_0001\",\"production_line_remove_0001\",\"production_line_export_0001\",\"business_order_0001\",\"business_order_query_0001\",\"business_order_add_0001\",\"business_order_edit_0001\",\"business_order_remove_0001\",\"business_order_export_0001\",\"business_product_0001\",\"business_product_query_0001\",\"business_product_add_0001\",\"business_product_edit_0001\",\"business_product_remove_0001\",\"business_product_export_0001\",\"business_finance_0001\",\"business_finance_query_0001\",\"business_finance_add_0001\",\"business_finance_edit_0001\",\"business_finance_remove_0001\",\"business_finance_export_0001\",\"business_sales_0001\",\"business_sales_query_0001\",\"business_sales_add_0001\",\"business_sales_edit_0001\",\"business_sales_remove_0001\",\"business_sales_export_0001\",\"business_inventory_0001\",\"business_inventory_query_0001\",\"business_inventory_add_0001\",\"business_inventory_edit_0001\",\"business_inventory_remove_0001\",\"business_inventory_export_0001\",\"file_center_0001\",\"storage_config_0001\",\"file_manage_0001\",\"storage_config_add_0001\",\"storage_config_edit_0001\",\"storage_config_remove_0001\",\"file_manage_upload_0001\",\"file_manage_remove_0001\",\"file_manage_download_0001\",\"000120\",\"000130\",\"000140\",\"000160\",\"000180\",\"000190\",\"327266832077688832\",\"000121\",\"000122\",\"000123\",\"000124\",\"325518182582456320\",\"000131\",\"000132\",\"000133\",\"000134\",\"000135\",\"325518338505707520\",\"000141\",\"000142\",\"000143\",\"000144\",\"000145\",\"327267036847804416\",\"000161\",\"000162\",\"000163\",\"000181\",\"000182\",\"000191\",\"000192\",\"327267400540098560\",\"000193\",\"000194\",\"327267345460498432\",\"000195\",\"000196\",\"000197\",\"000198\",\"000100\"]}',200,1,NULL,NULL,'127.0.0.1','Mozilla/5.0 (Windows NT 10.0; Win64; x64) AppleWebKit/537.36 (KHTML, like Gecko) Chrome/149.0.0.0 Safari/537.36',NULL,NULL,'2026-06-23 07:07:13',NULL),('327706173379842048','100000','100001','admin','auth','LOGOUT','用户退出','POST','/api/auth/logout',NULL,200,1,NULL,NULL,'127.0.0.1','Mozilla/5.0 (Windows NT 10.0; Win64; x64) AppleWebKit/537.36 (KHTML, like Gecko) Chrome/149.0.0.0 Safari/537.36',NULL,NULL,'2026-06-23 07:07:20',NULL),('327706669117214720','000000','000001','superadmin','package','UPDATE','修改套餐','PUT','/api/system/package/edit','{\"packageId\":\"327706048414748672\",\"packageName\":\"测试租户\",\"status\":\"0\",\"remark\":\"测试\"}',200,1,NULL,NULL,'127.0.0.1','Mozilla/5.0 (Windows NT 10.0; Win64; x64) AppleWebKit/537.36 (KHTML, like Gecko) Chrome/149.0.0.0 Safari/537.36',NULL,NULL,'2026-06-23 07:09:18',NULL),('327707698269392896','327707622562205696','327707622562205699','admin','auth','LOGIN','用户登录','POST','/api/auth/login',NULL,200,1,NULL,NULL,'127.0.0.1','Mozilla/5.0 (Windows NT 10.0; Win64; x64) AppleWebKit/537.36 (KHTML, like Gecko) Chrome/149.0.0.0 Safari/537.36',NULL,NULL,'2026-06-23 07:13:24',NULL),('327708671532470272','000000','000001','superadmin','auth','LOGOUT','用户退出','POST','/api/auth/logout',NULL,200,1,NULL,NULL,'127.0.0.1','Mozilla/5.0 (Windows NT 10.0; Win64; x64) AppleWebKit/537.36 (KHTML, like Gecko) Chrome/149.0.0.0 Safari/537.36',NULL,NULL,'2026-06-23 07:17:16',NULL),('327708703958634496','100000','100001','admin','auth','LOGIN','用户登录','POST','/api/auth/login',NULL,200,1,NULL,NULL,'127.0.0.1','Mozilla/5.0 (Windows NT 10.0; Win64; x64) AppleWebKit/537.36 (KHTML, like Gecko) Chrome/149.0.0.0 Safari/537.36',NULL,NULL,'2026-06-23 07:17:23',NULL),('327709152619139072','100000','100001','admin','auth','LOGOUT','用户退出','POST','/api/auth/logout',NULL,200,1,NULL,NULL,'127.0.0.1','Mozilla/5.0 (Windows NT 10.0; Win64; x64) AppleWebKit/537.36 (KHTML, like Gecko) Chrome/149.0.0.0 Safari/537.36',NULL,NULL,'2026-06-23 07:19:10',NULL),('327709181668888576','000000','000001','superadmin','auth','LOGIN','用户登录','POST','/api/auth/login',NULL,200,1,NULL,NULL,'127.0.0.1','Mozilla/5.0 (Windows NT 10.0; Win64; x64) AppleWebKit/537.36 (KHTML, like Gecko) Chrome/149.0.0.0 Safari/537.36',NULL,NULL,'2026-06-23 07:19:17',NULL),('327709862094049280','327707622562205696','327707622562205699','admin','auth','LOGIN','用户登录','POST','/api/auth/login',NULL,200,1,NULL,NULL,'127.0.0.1','Mozilla/5.0 (Windows NT 10.0; Win64; x64) AppleWebKit/537.36 (KHTML, like Gecko) Chrome/149.0.0.0 Safari/537.36',NULL,NULL,'2026-06-23 07:21:59',NULL),('327709936857518080','327707622562205696','327707622562205699','admin','auth','LOGOUT','用户退出','POST','/api/auth/logout',NULL,200,1,NULL,NULL,'127.0.0.1','Mozilla/5.0 (Windows NT 10.0; Win64; x64) AppleWebKit/537.36 (KHTML, like Gecko) Chrome/149.0.0.0 Safari/537.36',NULL,NULL,'2026-06-23 07:22:17',NULL),('327709971275976704','100000','100001','admin','auth','LOGIN','用户登录','POST','/api/auth/login',NULL,200,1,NULL,NULL,'127.0.0.1','Mozilla/5.0 (Windows NT 10.0; Win64; x64) AppleWebKit/537.36 (KHTML, like Gecko) Chrome/149.0.0.0 Safari/537.36',NULL,NULL,'2026-06-23 07:22:25',NULL),('327710861047238656','100000','100001','admin','auth','LOGOUT','用户退出','POST','/api/auth/logout',NULL,200,1,NULL,NULL,'127.0.0.1','Mozilla/5.0 (Windows NT 10.0; Win64; x64) AppleWebKit/537.36 (KHTML, like Gecko) Chrome/149.0.0.0 Safari/537.36',NULL,NULL,'2026-06-23 07:25:58',NULL),('327710898955358208','327707622562205696','327707622562205699','admin','auth','LOGIN','用户登录','POST','/api/auth/login',NULL,200,1,NULL,NULL,'127.0.0.1','Mozilla/5.0 (Windows NT 10.0; Win64; x64) AppleWebKit/537.36 (KHTML, like Gecko) Chrome/149.0.0.0 Safari/537.36',NULL,NULL,'2026-06-23 07:26:07',NULL),('327712591478657024','000000','000001','superadmin','config','UPDATE','修改系统参数','PUT','/api/system/config/edit','{\"configId\":\"000401\",\"configKey\":\"sys.user.defaultPassword\",\"configValue\":\"888888\",\"configName\":\"默认密码\",\"configType\":\"sys\",\"remark\":\"新用户默认密码\",\"status\":\"0\"}',200,1,NULL,NULL,'127.0.0.1','Mozilla/5.0 (Windows NT 10.0; Win64; x64) AppleWebKit/537.36 (KHTML, like Gecko) Chrome/149.0.0.0 Safari/537.36',NULL,NULL,'2026-06-23 07:32:50',NULL),('327712657664774144','000000','000001','superadmin','user','ADD','新增用户','POST','/api/system/user/add','{\"username\":\"abc123\",\"nickname\":\"ccc\",\"gender\":\"2\",\"isAdmin\":\"0\",\"status\":\"0\"}',200,1,NULL,NULL,'127.0.0.1','Mozilla/5.0 (Windows NT 10.0; Win64; x64) AppleWebKit/537.36 (KHTML, like Gecko) Chrome/149.0.0.0 Safari/537.36',NULL,NULL,'2026-06-23 07:33:06',NULL),('327712669022949376','000000','000001','superadmin','auth','LOGOUT','用户退出','POST','/api/auth/logout',NULL,200,1,NULL,NULL,'127.0.0.1','Mozilla/5.0 (Windows NT 10.0; Win64; x64) AppleWebKit/537.36 (KHTML, like Gecko) Chrome/149.0.0.0 Safari/537.36',NULL,NULL,'2026-06-23 07:33:09',NULL),('327712721917317120','000000',NULL,NULL,'auth','LOGOUT','用户退出','POST','/api/auth/logout',NULL,200,1,NULL,NULL,'127.0.0.1','Mozilla/5.0 (Windows NT 10.0; Win64; x64) AppleWebKit/537.36 (KHTML, like Gecko) Chrome/149.0.0.0 Safari/537.36',NULL,NULL,'2026-06-23 07:33:21',NULL),('327712748777639936','000000','000001','superadmin','auth','LOGIN','用户登录','POST','/api/auth/login',NULL,200,1,NULL,NULL,'127.0.0.1','Mozilla/5.0 (Windows NT 10.0; Win64; x64) AppleWebKit/537.36 (KHTML, like Gecko) Chrome/149.0.0.0 Safari/537.36',NULL,NULL,'2026-06-23 07:33:28',NULL),('327712819946590208','000000','000001','superadmin','user','UPDATE','修改用户','PUT','/api/system/user/edit','{\"username\":\"abc123\",\"nickname\":\"ccc\",\"realName\":null,\"avatar\":null,\"gender\":\"2\",\"email\":null,\"phone\":null,\"deptId\":null,\"isAdmin\":\"0\",\"status\":\"0\",\"remark\":null,\"roleIds\":[\"323300594838278144\"],\"userId\":\"327712656561672192\"}',200,1,NULL,NULL,'127.0.0.1','Mozilla/5.0 (Windows NT 10.0; Win64; x64) AppleWebKit/537.36 (KHTML, like Gecko) Chrome/149.0.0.0 Safari/537.36',NULL,NULL,'2026-06-23 07:33:45',NULL),('327712830369435648','000000','000001','superadmin','auth','LOGOUT','用户退出','POST','/api/auth/logout',NULL,200,1,NULL,NULL,'127.0.0.1','Mozilla/5.0 (Windows NT 10.0; Win64; x64) AppleWebKit/537.36 (KHTML, like Gecko) Chrome/149.0.0.0 Safari/537.36',NULL,NULL,'2026-06-23 07:33:47',NULL),('327712855388459008','000000',NULL,NULL,'auth','LOGOUT','用户退出','POST','/api/auth/logout',NULL,200,1,NULL,NULL,'127.0.0.1','Mozilla/5.0 (Windows NT 10.0; Win64; x64) AppleWebKit/537.36 (KHTML, like Gecko) Chrome/149.0.0.0 Safari/537.36',NULL,NULL,'2026-06-23 07:33:53',NULL),('327712947394711552','000000','327712656561672192','abc123','auth','LOGIN','用户登录','POST','/api/auth/login',NULL,200,1,NULL,NULL,'127.0.0.1','Mozilla/5.0 (Windows NT 10.0; Win64; x64) AppleWebKit/537.36 (KHTML, like Gecko) Chrome/149.0.0.0 Safari/537.36',NULL,NULL,'2026-06-23 07:34:15',NULL),('327712989899788288','000000','327712656561672192','abc123','auth','LOGOUT','用户退出','POST','/api/auth/logout',NULL,200,1,NULL,NULL,'127.0.0.1','Mozilla/5.0 (Windows NT 10.0; Win64; x64) AppleWebKit/537.36 (KHTML, like Gecko) Chrome/149.0.0.0 Safari/537.36',NULL,NULL,'2026-06-23 07:34:25',NULL),('327713019603849216','000000','000001','superadmin','auth','LOGIN','用户登录','POST','/api/auth/login',NULL,200,1,NULL,NULL,'127.0.0.1','Mozilla/5.0 (Windows NT 10.0; Win64; x64) AppleWebKit/537.36 (KHTML, like Gecko) Chrome/149.0.0.0 Safari/537.36',NULL,NULL,'2026-06-23 07:34:32',NULL),('327713422110232576','000000','000001','superadmin','user','ADD','新增用户','POST','/api/system/user/add','{\"username\":\"admin123\",\"nickname\":\"ddd\",\"gender\":\"2\",\"password\":\"admin\",\"deptId\":\"325536879892107264\",\"isAdmin\":\"0\",\"status\":\"0\",\"roleIds\":[\"323300594838278144\",\"323304627162451968\",\"323642966914764800\"]}',200,1,NULL,NULL,'127.0.0.1','Mozilla/5.0 (Windows NT 10.0; Win64; x64) AppleWebKit/537.36 (KHTML, like Gecko) Chrome/149.0.0.0 Safari/537.36',NULL,NULL,'2026-06-23 07:36:08',NULL),('327713437209726976','000000','000001','superadmin','auth','LOGOUT','用户退出','POST','/api/auth/logout',NULL,200,1,NULL,NULL,'127.0.0.1','Mozilla/5.0 (Windows NT 10.0; Win64; x64) AppleWebKit/537.36 (KHTML, like Gecko) Chrome/149.0.0.0 Safari/537.36',NULL,NULL,'2026-06-23 07:36:12',NULL),('327713476355166208','000000','327713420797415424','admin123','auth','LOGIN','用户登录','POST','/api/auth/login',NULL,200,1,NULL,NULL,'127.0.0.1','Mozilla/5.0 (Windows NT 10.0; Win64; x64) AppleWebKit/537.36 (KHTML, like Gecko) Chrome/149.0.0.0 Safari/537.36',NULL,NULL,'2026-06-23 07:36:21',NULL),('327713561260462080','000000','327713420797415424','admin123','auth','LOGOUT','用户退出','POST','/api/auth/logout',NULL,200,1,NULL,NULL,'127.0.0.1','Mozilla/5.0 (Windows NT 10.0; Win64; x64) AppleWebKit/537.36 (KHTML, like Gecko) Chrome/149.0.0.0 Safari/537.36',NULL,NULL,'2026-06-23 07:36:41',NULL),('327713597067235328','000000','000001','superadmin','auth','LOGIN','用户登录','POST','/api/auth/login',NULL,200,1,NULL,NULL,'127.0.0.1','Mozilla/5.0 (Windows NT 10.0; Win64; x64) AppleWebKit/537.36 (KHTML, like Gecko) Chrome/149.0.0.0 Safari/537.36',NULL,NULL,'2026-06-23 07:36:50',NULL),('327713782887485440','000000','000001','superadmin','auth','LOGOUT','用户退出','POST','/api/auth/logout',NULL,200,1,NULL,NULL,'127.0.0.1','Mozilla/5.0 (Windows NT 10.0; Win64; x64) AppleWebKit/537.36 (KHTML, like Gecko) Chrome/149.0.0.0 Safari/537.36',NULL,NULL,'2026-06-23 07:37:34',NULL),('327713809798139904','100000','100001','admin','auth','LOGIN','用户登录','POST','/api/auth/login',NULL,200,1,NULL,NULL,'127.0.0.1','Mozilla/5.0 (Windows NT 10.0; Win64; x64) AppleWebKit/537.36 (KHTML, like Gecko) Chrome/149.0.0.0 Safari/537.36',NULL,NULL,'2026-06-23 07:37:41',NULL),('327714042527485952','327707622562205696','327707622562205699','admin','auth','LOGOUT','用户退出','POST','/api/auth/logout',NULL,200,1,NULL,NULL,'127.0.0.1','Mozilla/5.0 (Windows NT 10.0; Win64; x64) AppleWebKit/537.36 (KHTML, like Gecko) Chrome/149.0.0.0 Safari/537.36',NULL,NULL,'2026-06-23 07:38:36',NULL),('327714079881957376','327707622562205696','327707622562205699','admin','auth','LOGIN','用户登录','POST','/api/auth/login',NULL,200,1,NULL,NULL,'127.0.0.1','Mozilla/5.0 (Windows NT 10.0; Win64; x64) AppleWebKit/537.36 (KHTML, like Gecko) Chrome/149.0.0.0 Safari/537.36',NULL,NULL,'2026-06-23 07:38:45',NULL),('327714361714020352','100000','100001','admin','auth','LOGOUT','用户退出','POST','/api/auth/logout',NULL,200,1,NULL,NULL,'127.0.0.1','Mozilla/5.0 (Windows NT 10.0; Win64; x64) AppleWebKit/537.36 (KHTML, like Gecko) Chrome/149.0.0.0 Safari/537.36',NULL,NULL,'2026-06-23 07:39:52',NULL),('327714392202416128','000000','000001','superadmin','auth','LOGIN','用户登录','POST','/api/auth/login',NULL,200,1,NULL,NULL,'127.0.0.1','Mozilla/5.0 (Windows NT 10.0; Win64; x64) AppleWebKit/537.36 (KHTML, like Gecko) Chrome/149.0.0.0 Safari/537.36',NULL,NULL,'2026-06-23 07:40:00',NULL),('327716834151370752','000000','000001','superadmin','package','ASSIGN_MENUS','分配菜单','PUT','/api/system/package/P100/menus','{\"packageId\":\"P100\",\"menuIds\":[\"000121\",\"000122\",\"000123\",\"000124\",\"000131\",\"000132\",\"000133\",\"000134\",\"000135\",\"000141\",\"000142\",\"000143\",\"000144\",\"000145\",\"000161\",\"000162\",\"000163\",\"000181\",\"000182\",\"000193\",\"000194\",\"000195\",\"000196\",\"000197\",\"000198\",\"business_finance_add_0001\",\"business_finance_edit_0001\",\"business_finance_export_0001\",\"business_finance_query_0001\",\"business_finance_remove_0001\",\"business_inventory_add_0001\",\"business_inventory_edit_0001\",\"business_inventory_export_0001\",\"business_inventory_query_0001\",\"business_inventory_remove_0001\",\"business_order_add_0001\",\"business_order_edit_0001\",\"business_order_export_0001\",\"business_order_query_0001\",\"business_order_remove_0001\",\"business_product_add_0001\",\"business_product_edit_0001\",\"business_product_export_0001\",\"business_product_query_0001\",\"business_product_remove_0001\",\"business_sales_add_0001\",\"business_sales_edit_0001\",\"business_sales_export_0001\",\"business_sales_query_0001\",\"business_sales_remove_0001\",\"file_manage_download_0001\",\"file_manage_remove_0001\",\"file_manage_upload_0001\",\"production_line_add_0001\",\"production_line_edit_0001\",\"production_line_export_0001\",\"production_line_query_0001\",\"production_line_remove_0001\",\"000180\",\"file_manage_0001\",\"production_line_0001\",\"business_order_0001\",\"business_product_0001\",\"business_finance_0001\",\"business_sales_0001\",\"business_inventory_0001\",\"327716763913555968\",\"000191\",\"000192\",\"000120\",\"000130\",\"000140\",\"000160\",\"000190\",\"000100\",\"file_center_0001\"]}',200,1,NULL,NULL,'127.0.0.1','Mozilla/5.0 (Windows NT 10.0; Win64; x64) AppleWebKit/537.36 (KHTML, like Gecko) Chrome/149.0.0.0 Safari/537.36',NULL,NULL,'2026-06-23 07:49:42',NULL),('327716945887629312','000000','000001','superadmin','package','ASSIGN_MENUS','分配菜单','PUT','/api/system/package/327706048414748672/menus','{\"packageId\":\"327706048414748672\",\"menuIds\":[\"000121\",\"000122\",\"000123\",\"000124\",\"000131\",\"000132\",\"000133\",\"000134\",\"000135\",\"000141\",\"000142\",\"000143\",\"000144\",\"000145\",\"000161\",\"000162\",\"000163\",\"000181\",\"000182\",\"000193\",\"000194\",\"000195\",\"000196\",\"000197\",\"000198\",\"325518182582456320\",\"325518338505707520\",\"327266832077688832\",\"327267036847804416\",\"327267345460498432\",\"327267400540098560\",\"business_finance_add_0001\",\"business_finance_edit_0001\",\"business_finance_export_0001\",\"business_finance_query_0001\",\"business_finance_remove_0001\",\"business_inventory_add_0001\",\"business_inventory_edit_0001\",\"business_inventory_export_0001\",\"business_inventory_query_0001\",\"business_inventory_remove_0001\",\"business_order_add_0001\",\"business_order_edit_0001\",\"business_order_export_0001\",\"business_order_query_0001\",\"business_order_remove_0001\",\"business_product_add_0001\",\"business_product_edit_0001\",\"business_product_export_0001\",\"business_product_query_0001\",\"business_product_remove_0001\",\"business_sales_add_0001\",\"business_sales_edit_0001\",\"business_sales_export_0001\",\"business_sales_query_0001\",\"business_sales_remove_0001\",\"file_manage_download_0001\",\"file_manage_remove_0001\",\"file_manage_upload_0001\",\"production_line_add_0001\",\"production_line_edit_0001\",\"production_line_export_0001\",\"production_line_query_0001\",\"production_line_remove_0001\",\"storage_config_add_0001\",\"storage_config_edit_0001\",\"storage_config_remove_0001\",\"000191\",\"000192\",\"000120\",\"000130\",\"000140\",\"000160\",\"000180\",\"000190\",\"storage_config_0001\",\"file_manage_0001\",\"production_line_0001\",\"business_order_0001\",\"business_product_0001\",\"business_finance_0001\",\"business_sales_0001\",\"business_inventory_0001\",\"file_center_0001\",\"327716763913555968\",\"000100\"]}',200,1,NULL,NULL,'127.0.0.1','Mozilla/5.0 (Windows NT 10.0; Win64; x64) AppleWebKit/537.36 (KHTML, like Gecko) Chrome/149.0.0.0 Safari/537.36',NULL,NULL,'2026-06-23 07:50:08',NULL),('327720156790919168','327707622562205696','327707622562205699','admin','auth','LOGIN','用户登录','POST','/api/auth/login',NULL,200,1,NULL,NULL,'127.0.0.1','Mozilla/5.0 (Windows NT 10.0; Win64; x64) AppleWebKit/537.36 (KHTML, like Gecko) Chrome/149.0.0.0 Safari/537.36',NULL,NULL,'2026-06-23 08:02:54',NULL),('327721576718012416','000000','000001','superadmin','auth','LOGIN','用户登录','POST','/api/auth/login',NULL,200,1,NULL,NULL,'127.0.0.1','Mozilla/5.0 (Windows NT 10.0; Win64; x64) AppleWebKit/537.36 (KHTML, like Gecko) Chrome/149.0.0.0 Safari/537.36',NULL,NULL,'2026-06-23 08:08:32',NULL),('327722752926683136','327707622562205696','327707622562205699','admin','auth','LOGOUT','用户退出','POST','/api/auth/logout',NULL,200,1,NULL,NULL,'127.0.0.1','Mozilla/5.0 (Windows NT 10.0; Win64; x64) AppleWebKit/537.36 (KHTML, like Gecko) Chrome/149.0.0.0 Safari/537.36',NULL,NULL,'2026-06-23 08:13:13',NULL),('327722805024133120','000000',NULL,NULL,'auth','LOGOUT','用户退出','POST','/api/auth/logout',NULL,200,1,NULL,NULL,'127.0.0.1','Mozilla/5.0 (Windows NT 10.0; Win64; x64) AppleWebKit/537.36 (KHTML, like Gecko) Chrome/149.0.0.0 Safari/537.36',NULL,NULL,'2026-06-23 08:13:25',NULL),('327722858409234432','000000',NULL,NULL,'auth','LOGOUT','用户退出','POST','/api/auth/logout',NULL,200,1,NULL,NULL,'127.0.0.1','Mozilla/5.0 (Windows NT 10.0; Win64; x64) AppleWebKit/537.36 (KHTML, like Gecko) Chrome/149.0.0.0 Safari/537.36',NULL,NULL,'2026-06-23 08:13:38',NULL),('327722904391389184','000000',NULL,NULL,'auth','LOGOUT','用户退出','POST','/api/auth/logout',NULL,200,1,NULL,NULL,'127.0.0.1','Mozilla/5.0 (Windows NT 10.0; Win64; x64) AppleWebKit/537.36 (KHTML, like Gecko) Chrome/149.0.0.0 Safari/537.36',NULL,NULL,'2026-06-23 08:13:49',NULL),('327723676696973312','000000',NULL,NULL,'auth','LOGOUT','用户退出','POST','/api/auth/logout',NULL,200,1,NULL,NULL,'127.0.0.1','Mozilla/5.0 (Windows NT 10.0; Win64; x64) AppleWebKit/537.36 (KHTML, like Gecko) Chrome/149.0.0.0 Safari/537.36',NULL,NULL,'2026-06-23 08:16:53',NULL),('327723732565102592','327722727416926208','327722727416926211','admin','auth','LOGIN','用户登录','POST','/api/auth/login',NULL,200,1,NULL,NULL,'127.0.0.1','Mozilla/5.0 (Windows NT 10.0; Win64; x64) AppleWebKit/537.36 (KHTML, like Gecko) Chrome/149.0.0.0 Safari/537.36',NULL,NULL,'2026-06-23 08:17:06',NULL),('327725330322296832','000000','000001','superadmin','package','ASSIGN_MENUS','分配菜单','PUT','/api/system/package/P100/menus','{\"packageId\":\"P100\",\"menuIds\":[\"000121\",\"000122\",\"000123\",\"000124\",\"000131\",\"000132\",\"000133\",\"000134\",\"000135\",\"000141\",\"000142\",\"000143\",\"000144\",\"000145\",\"000161\",\"000162\",\"000163\",\"000181\",\"000182\",\"000193\",\"000194\",\"000195\",\"000196\",\"000197\",\"000198\",\"327716763913555968\",\"business_finance_add_0001\",\"business_finance_edit_0001\",\"business_finance_export_0001\",\"business_finance_query_0001\",\"business_finance_remove_0001\",\"business_inventory_add_0001\",\"business_inventory_edit_0001\",\"business_inventory_export_0001\",\"business_inventory_query_0001\",\"business_inventory_remove_0001\",\"business_order_add_0001\",\"business_order_edit_0001\",\"business_order_export_0001\",\"business_order_query_0001\",\"business_order_remove_0001\",\"business_product_add_0001\",\"business_product_edit_0001\",\"business_product_export_0001\",\"business_product_query_0001\",\"business_product_remove_0001\",\"business_sales_add_0001\",\"business_sales_edit_0001\",\"business_sales_export_0001\",\"business_sales_query_0001\",\"business_sales_remove_0001\",\"file_manage_download_0001\",\"file_manage_remove_0001\",\"file_manage_upload_0001\",\"production_line_add_0001\",\"production_line_edit_0001\",\"production_line_export_0001\",\"production_line_query_0001\",\"production_line_remove_0001\",\"000180\",\"file_manage_0001\",\"production_line_0001\",\"business_order_0001\",\"business_product_0001\",\"business_finance_0001\",\"business_sales_0001\",\"business_inventory_0001\",\"file_center_0001\",\"storage_config_0001\",\"storage_config_add_0001\",\"storage_config_edit_0001\",\"storage_config_remove_0001\",\"000191\",\"000192\",\"000120\",\"000130\",\"000140\",\"000160\",\"000190\",\"000100\"]}',200,1,NULL,NULL,'127.0.0.1','Mozilla/5.0 (Windows NT 10.0; Win64; x64) AppleWebKit/537.36 (KHTML, like Gecko) Chrome/149.0.0.0 Safari/537.36',NULL,NULL,'2026-06-23 08:23:27',NULL),('327725881252515840','000000','000001','superadmin','auth','LOGIN','用户登录','POST','/api/auth/login',NULL,200,1,NULL,NULL,'127.0.0.1','Mozilla/5.0 (Windows NT 10.0; Win64; x64) AppleWebKit/537.36 (KHTML, like Gecko) Chrome/149.0.0.0 Safari/537.36',NULL,NULL,'2026-06-23 08:25:39',NULL),('328001322798419968','000000','000001','superadmin','auth','LOGIN','用户登录','POST','/api/auth/login',NULL,200,1,NULL,NULL,'127.0.0.1','Mozilla/5.0 (Windows NT 10.0; Win64; x64) AppleWebKit/537.36 (KHTML, like Gecko) Chrome/149.0.0.0 Safari/537.36',NULL,NULL,'2026-06-24 02:40:10',NULL),('328003921924722688','000000','000001','superadmin','package','ASSIGN_MENUS','分配菜单','PUT','/api/system/package/P001/menus','{\"packageId\":\"P001\",\"menuIds\":[\"000113\",\"000114\",\"000115\",\"000116\",\"000117\",\"000118\",\"000119\",\"00011A\",\"000121\",\"000122\",\"000123\",\"000124\",\"000131\",\"000132\",\"000133\",\"000134\",\"000135\",\"000141\",\"000142\",\"000143\",\"000144\",\"000145\",\"000151\",\"000152\",\"000153\",\"000154\",\"000161\",\"000162\",\"000163\",\"000171\",\"000172\",\"000173\",\"000174\",\"000181\",\"000182\",\"000193\",\"000194\",\"000195\",\"000196\",\"000197\",\"000198\",\"325518182582456320\",\"325518338505707520\",\"325518440133693440\",\"325883052729438208\",\"327266832077688832\",\"327267036847804416\",\"327267207878938624\",\"327267345460498432\",\"327267400540098560\",\"business_finance_add_0001\",\"business_finance_edit_0001\",\"business_finance_export_0001\",\"business_finance_query_0001\",\"business_finance_remove_0001\",\"business_inventory_add_0001\",\"business_inventory_edit_0001\",\"business_inventory_export_0001\",\"business_inventory_query_0001\",\"business_inventory_remove_0001\",\"business_order_add_0001\",\"business_order_edit_0001\",\"business_order_export_0001\",\"business_order_query_0001\",\"business_order_remove_0001\",\"business_product_add_0001\",\"business_product_edit_0001\",\"business_product_export_0001\",\"business_product_query_0001\",\"business_product_remove_0001\",\"business_sales_add_0001\",\"business_sales_edit_0001\",\"business_sales_export_0001\",\"business_sales_query_0001\",\"business_sales_remove_0001\",\"file_manage_download_0001\",\"file_manage_remove_0001\",\"file_manage_upload_0001\",\"production_line_add_0001\",\"production_line_edit_0001\",\"production_line_export_0001\",\"production_line_query_0001\",\"production_line_remove_0001\",\"storage_config_add_0001\",\"storage_config_edit_0001\",\"storage_config_remove_0001\",\"000191\",\"000192\",\"000120\",\"000130\",\"000140\",\"000150\",\"000160\",\"000170\",\"000180\",\"000190\",\"storage_config_0001\",\"file_manage_0001\",\"000111\",\"000112\",\"production_line_0001\",\"business_order_0001\",\"business_product_0001\",\"business_finance_0001\",\"business_sales_0001\",\"business_inventory_0001\",\"file_center_0001\",\"000110\",\"328003277641879552\",\"328003748184068096\",\"000100\"]}',200,1,NULL,NULL,'127.0.0.1','Mozilla/5.0 (Windows NT 10.0; Win64; x64) AppleWebKit/537.36 (KHTML, like Gecko) Chrome/149.0.0.0 Safari/537.36',NULL,NULL,'2026-06-24 02:50:30',NULL),('328008948806455296','000000','000001','superadmin','auth','LOGIN','用户登录','POST','/api/auth/login',NULL,200,1,NULL,NULL,'127.0.0.1','Mozilla/5.0 (Windows NT 10.0; Win64; x64) AppleWebKit/537.36 (KHTML, like Gecko) Chrome/149.0.0.0 Safari/537.36',NULL,NULL,'2026-06-24 03:10:29',NULL),('328009079899426816','000000','000001','superadmin','package','ASSIGN_MENUS','分配菜单','PUT','/api/system/package/P100/menus','{\"packageId\":\"P100\",\"menuIds\":[\"000121\",\"000122\",\"000123\",\"000124\",\"000131\",\"000132\",\"000133\",\"000134\",\"000135\",\"000141\",\"000142\",\"000143\",\"000144\",\"000145\",\"000161\",\"000162\",\"000163\",\"000181\",\"000182\",\"000193\",\"000194\",\"000195\",\"000196\",\"000197\",\"000198\",\"327716763913555968\",\"business_finance_add_0001\",\"business_finance_edit_0001\",\"business_finance_export_0001\",\"business_finance_query_0001\",\"business_finance_remove_0001\",\"business_inventory_add_0001\",\"business_inventory_edit_0001\",\"business_inventory_export_0001\",\"business_inventory_query_0001\",\"business_inventory_remove_0001\",\"business_order_add_0001\",\"business_order_edit_0001\",\"business_order_export_0001\",\"business_order_query_0001\",\"business_order_remove_0001\",\"business_product_add_0001\",\"business_product_edit_0001\",\"business_product_export_0001\",\"business_product_query_0001\",\"business_product_remove_0001\",\"business_sales_add_0001\",\"business_sales_edit_0001\",\"business_sales_export_0001\",\"business_sales_query_0001\",\"business_sales_remove_0001\",\"file_manage_download_0001\",\"file_manage_remove_0001\",\"file_manage_upload_0001\",\"storage_config_add_0001\",\"storage_config_edit_0001\",\"storage_config_remove_0001\",\"000180\",\"storage_config_0001\",\"file_manage_0001\",\"business_order_0001\",\"business_product_0001\",\"business_finance_0001\",\"business_sales_0001\",\"business_inventory_0001\",\"file_center_0001\",\"328003277641879552\",\"328003748184068096\",\"000191\",\"000192\",\"000120\",\"000130\",\"000140\",\"000160\",\"000190\",\"000100\"]}',200,1,NULL,NULL,'127.0.0.1','Mozilla/5.0 (Windows NT 10.0; Win64; x64) AppleWebKit/537.36 (KHTML, like Gecko) Chrome/149.0.0.0 Safari/537.36',NULL,NULL,'2026-06-24 03:11:00',NULL),('328009091517648896','000000','000001','superadmin','auth','LOGOUT','用户退出','POST','/api/auth/logout',NULL,200,1,NULL,NULL,'127.0.0.1','Mozilla/5.0 (Windows NT 10.0; Win64; x64) AppleWebKit/537.36 (KHTML, like Gecko) Chrome/149.0.0.0 Safari/537.36',NULL,NULL,'2026-06-24 03:11:03',NULL),('328009134945472512','000000',NULL,NULL,'auth','LOGOUT','用户退出','POST','/api/auth/logout',NULL,200,1,NULL,NULL,'127.0.0.1','Mozilla/5.0 (Windows NT 10.0; Win64; x64) AppleWebKit/537.36 (KHTML, like Gecko) Chrome/149.0.0.0 Safari/537.36',NULL,NULL,'2026-06-24 03:11:13',NULL),('328009203505565696','327722727416926208','327722727416926211','admin','auth','LOGIN','用户登录','POST','/api/auth/login',NULL,200,1,NULL,NULL,'127.0.0.1','Mozilla/5.0 (Windows NT 10.0; Win64; x64) AppleWebKit/537.36 (KHTML, like Gecko) Chrome/149.0.0.0 Safari/537.36',NULL,NULL,'2026-06-24 03:11:29',NULL),('328009684554485760','327722727416926208','327722727416926211','admin','config','UPDATE','修改系统参数','PUT','/api/system/config/edit','{\"configId\":\"327722730185166848\",\"configKey\":\"sys.app.name\",\"configValue\":\"气象经济博览会\",\"configName\":\"系统名称\",\"configType\":\"sys\",\"remark\":\"新建租户默认系统名称\",\"status\":\"0\"}',200,1,NULL,NULL,'127.0.0.1','Mozilla/5.0 (Windows NT 10.0; Win64; x64) AppleWebKit/537.36 (KHTML, like Gecko) Chrome/149.0.0.0 Safari/537.36',NULL,NULL,'2026-06-24 03:13:24',NULL),('328009892348694528','327722727416926208','327722727416926211','admin','auth','LOGOUT','用户退出','POST','/api/auth/logout',NULL,200,1,NULL,NULL,'127.0.0.1','Mozilla/5.0 (Windows NT 10.0; Win64; x64) AppleWebKit/537.36 (KHTML, like Gecko) Chrome/149.0.0.0 Safari/537.36',NULL,NULL,'2026-06-24 03:14:13',NULL),('328009947562512384','327722727416926208','327722727416926211','admin','auth','LOGIN','用户登录','POST','/api/auth/login',NULL,200,1,NULL,NULL,'127.0.0.1','Mozilla/5.0 (Windows NT 10.0; Win64; x64) AppleWebKit/537.36 (KHTML, like Gecko) Chrome/149.0.0.0 Safari/537.36',NULL,NULL,'2026-06-24 03:14:27',NULL),('328010508068327424','327722727416926208','327722727416926211','admin','auth','LOGOUT','用户退出','POST','/api/auth/logout',NULL,200,1,NULL,NULL,'127.0.0.1','Mozilla/5.0 (Windows NT 10.0; Win64; x64) AppleWebKit/537.36 (KHTML, like Gecko) Chrome/149.0.0.0 Safari/537.36',NULL,NULL,'2026-06-24 03:16:40',NULL),('328010536207912960','000000','000001','superadmin','auth','LOGIN','用户登录','POST','/api/auth/login',NULL,200,1,NULL,NULL,'127.0.0.1','Mozilla/5.0 (Windows NT 10.0; Win64; x64) AppleWebKit/537.36 (KHTML, like Gecko) Chrome/149.0.0.0 Safari/537.36',NULL,NULL,'2026-06-24 03:16:47',NULL),('328010605522980864','000000','000001','superadmin','package','ASSIGN_MENUS','分配菜单','PUT','/api/system/package/P100/menus','{\"packageId\":\"P100\",\"menuIds\":[\"000121\",\"000122\",\"000123\",\"000124\",\"000131\",\"000132\",\"000133\",\"000134\",\"000135\",\"000141\",\"000142\",\"000143\",\"000144\",\"000145\",\"000161\",\"000162\",\"000163\",\"000181\",\"000182\",\"000193\",\"000194\",\"000195\",\"000196\",\"000197\",\"000198\",\"327716763913555968\",\"file_manage_download_0001\",\"file_manage_remove_0001\",\"file_manage_upload_0001\",\"storage_config_add_0001\",\"storage_config_edit_0001\",\"storage_config_remove_0001\",\"000180\",\"storage_config_0001\",\"file_manage_0001\",\"file_center_0001\",\"328003277641879552\",\"328003748184068096\",\"000191\",\"000192\",\"000120\",\"000130\",\"000140\",\"000160\",\"000190\",\"000100\"]}',200,1,NULL,NULL,'127.0.0.1','Mozilla/5.0 (Windows NT 10.0; Win64; x64) AppleWebKit/537.36 (KHTML, like Gecko) Chrome/149.0.0.0 Safari/537.36',NULL,NULL,'2026-06-24 03:17:04',NULL),('328010620513423360','000000','000001','superadmin','auth','LOGOUT','用户退出','POST','/api/auth/logout',NULL,200,1,NULL,NULL,'127.0.0.1','Mozilla/5.0 (Windows NT 10.0; Win64; x64) AppleWebKit/537.36 (KHTML, like Gecko) Chrome/149.0.0.0 Safari/537.36',NULL,NULL,'2026-06-24 03:17:07',NULL),('328010661244309504','327722727416926208','327722727416926211','admin','auth','LOGIN','用户登录','POST','/api/auth/login',NULL,200,1,NULL,NULL,'127.0.0.1','Mozilla/5.0 (Windows NT 10.0; Win64; x64) AppleWebKit/537.36 (KHTML, like Gecko) Chrome/149.0.0.0 Safari/537.36',NULL,NULL,'2026-06-24 03:17:17',NULL),('328011028023611392','327722727416926208','327722727416926211','admin','auth','LOGOUT','用户退出','POST','/api/auth/logout',NULL,200,1,NULL,NULL,'127.0.0.1','Mozilla/5.0 (Windows NT 10.0; Win64; x64) AppleWebKit/537.36 (KHTML, like Gecko) Chrome/149.0.0.0 Safari/537.36',NULL,NULL,'2026-06-24 03:18:44',NULL),('328011054288343040','000000','000001','superadmin','auth','LOGIN','用户登录','POST','/api/auth/login',NULL,200,1,NULL,NULL,'127.0.0.1','Mozilla/5.0 (Windows NT 10.0; Win64; x64) AppleWebKit/537.36 (KHTML, like Gecko) Chrome/149.0.0.0 Safari/537.36',NULL,NULL,'2026-06-24 03:18:51',NULL),('328012425888665600','000000','000001','superadmin','package','ASSIGN_MENUS','分配菜单','PUT','/api/system/package/P100/menus','{\"packageId\":\"P100\",\"menuIds\":[\"000121\",\"000122\",\"000123\",\"000124\",\"000131\",\"000132\",\"000133\",\"000134\",\"000135\",\"000141\",\"000142\",\"000143\",\"000144\",\"000145\",\"000161\",\"000162\",\"000163\",\"000181\",\"000182\",\"000193\",\"000194\",\"000195\",\"000196\",\"000197\",\"000198\",\"327716763913555968\",\"328003748184068096\",\"file_manage_download_0001\",\"file_manage_remove_0001\",\"file_manage_upload_0001\",\"storage_config_add_0001\",\"storage_config_edit_0001\",\"storage_config_remove_0001\",\"000180\",\"storage_config_0001\",\"file_manage_0001\",\"file_center_0001\",\"328003277641879552\",\"328011351035351040\",\"328011617474318336\",\"328011837230682112\",\"328012120165847040\",\"000191\",\"000192\",\"000120\",\"000130\",\"000140\",\"000160\",\"000190\",\"000100\"]}',200,1,NULL,NULL,'127.0.0.1','Mozilla/5.0 (Windows NT 10.0; Win64; x64) AppleWebKit/537.36 (KHTML, like Gecko) Chrome/149.0.0.0 Safari/537.36',NULL,NULL,'2026-06-24 03:24:18',NULL),('328012433207726080','000000','000001','superadmin','auth','LOGOUT','用户退出','POST','/api/auth/logout',NULL,200,1,NULL,NULL,'127.0.0.1','Mozilla/5.0 (Windows NT 10.0; Win64; x64) AppleWebKit/537.36 (KHTML, like Gecko) Chrome/149.0.0.0 Safari/537.36',NULL,NULL,'2026-06-24 03:24:19',NULL),('328012467517132800','000000',NULL,NULL,'auth','LOGOUT','用户退出','POST','/api/auth/logout',NULL,200,1,NULL,NULL,'127.0.0.1','Mozilla/5.0 (Windows NT 10.0; Win64; x64) AppleWebKit/537.36 (KHTML, like Gecko) Chrome/149.0.0.0 Safari/537.36',NULL,NULL,'2026-06-24 03:24:27',NULL),('328012535590686720','327722727416926208','327722727416926211','admin','auth','LOGIN','用户登录','POST','/api/auth/login',NULL,200,1,NULL,NULL,'127.0.0.1','Mozilla/5.0 (Windows NT 10.0; Win64; x64) AppleWebKit/537.36 (KHTML, like Gecko) Chrome/149.0.0.0 Safari/537.36',NULL,NULL,'2026-06-24 03:24:44',NULL),('328012927917494272','327722727416926208','327722727416926211','admin','auth','LOGOUT','用户退出','POST','/api/auth/logout',NULL,200,1,NULL,NULL,'127.0.0.1','Mozilla/5.0 (Windows NT 10.0; Win64; x64) AppleWebKit/537.36 (KHTML, like Gecko) Chrome/149.0.0.0 Safari/537.36',NULL,NULL,'2026-06-24 03:26:17',NULL),('328012956585562112','000000','000001','superadmin','auth','LOGIN','用户登录','POST','/api/auth/login',NULL,200,1,NULL,NULL,'127.0.0.1','Mozilla/5.0 (Windows NT 10.0; Win64; x64) AppleWebKit/537.36 (KHTML, like Gecko) Chrome/149.0.0.0 Safari/537.36',NULL,NULL,'2026-06-24 03:26:24',NULL),('328018859917447168','000000','000001','superadmin','auth','LOGIN','用户登录','POST','/api/auth/login',NULL,200,1,NULL,NULL,'127.0.0.1','Mozilla/5.0 (Windows NT 10.0; Win64; x64) AppleWebKit/537.36 (KHTML, like Gecko) Chrome/149.0.0.0 Safari/537.36',NULL,NULL,'2026-06-24 03:49:50',NULL),('328018966771535872','000000','000001','superadmin','package','ASSIGN_MENUS','分配菜单','PUT','/api/system/package/P001/menus','{\"packageId\":\"P001\",\"menuIds\":[\"000113\",\"000114\",\"000115\",\"000116\",\"000117\",\"000118\",\"000119\",\"00011A\",\"000121\",\"000122\",\"000123\",\"000124\",\"000131\",\"000132\",\"000133\",\"000134\",\"000135\",\"000141\",\"000142\",\"000143\",\"000144\",\"000145\",\"000151\",\"000152\",\"000153\",\"000154\",\"000161\",\"000162\",\"000163\",\"000171\",\"000172\",\"000173\",\"000174\",\"000181\",\"000182\",\"000193\",\"000194\",\"000195\",\"000196\",\"000197\",\"000198\",\"325518182582456320\",\"325518338505707520\",\"325518440133693440\",\"325883052729438208\",\"327266832077688832\",\"327267036847804416\",\"327267207878938624\",\"327267345460498432\",\"327267400540098560\",\"328003748184068096\",\"business_finance_add_0001\",\"business_finance_edit_0001\",\"business_finance_export_0001\",\"business_finance_query_0001\",\"business_finance_remove_0001\",\"business_inventory_add_0001\",\"business_inventory_edit_0001\",\"business_inventory_export_0001\",\"business_inventory_query_0001\",\"business_inventory_remove_0001\",\"business_order_add_0001\",\"business_order_edit_0001\",\"business_order_export_0001\",\"business_order_query_0001\",\"business_order_remove_0001\",\"business_product_add_0001\",\"business_product_edit_0001\",\"business_product_export_0001\",\"business_product_query_0001\",\"business_product_remove_0001\",\"business_sales_add_0001\",\"business_sales_edit_0001\",\"business_sales_export_0001\",\"business_sales_query_0001\",\"business_sales_remove_0001\",\"file_manage_download_0001\",\"file_manage_remove_0001\",\"file_manage_upload_0001\",\"production_line_add_0001\",\"production_line_edit_0001\",\"production_line_export_0001\",\"production_line_query_0001\",\"production_line_remove_0001\",\"storage_config_add_0001\",\"storage_config_edit_0001\",\"storage_config_remove_0001\",\"000191\",\"000192\",\"000120\",\"000130\",\"000140\",\"000150\",\"000160\",\"000170\",\"000180\",\"000190\",\"storage_config_0001\",\"file_manage_0001\",\"000111\",\"000112\",\"production_line_0001\",\"business_order_0001\",\"business_product_0001\",\"business_finance_0001\",\"business_sales_0001\",\"business_inventory_0001\",\"file_center_0001\",\"000110\",\"328003277641879552\",\"328011351035351040\",\"328011617474318336\",\"328011837230682112\",\"328012120165847040\",\"000100\"]}',200,1,NULL,NULL,'127.0.0.1','Mozilla/5.0 (Windows NT 10.0; Win64; x64) AppleWebKit/537.36 (KHTML, like Gecko) Chrome/149.0.0.0 Safari/537.36',NULL,NULL,'2026-06-24 03:50:16',NULL),('328055054215024640','000000','000001','superadmin','auth','LOGIN','用户登录','POST','/api/auth/login',NULL,200,1,NULL,NULL,'127.0.0.1','Mozilla/5.0 (Windows NT 10.0; Win64; x64) AppleWebKit/537.36 (KHTML, like Gecko) Chrome/149.0.0.0 Safari/537.36',NULL,NULL,'2026-06-24 06:13:40',NULL),('328065360689500160','000000','000001','superadmin','auth','LOGIN','用户登录','POST','/api/auth/login',NULL,200,1,NULL,NULL,'127.0.0.1','Mozilla/5.0 (Windows NT 10.0; Win64; x64) AppleWebKit/537.36 (KHTML, like Gecko) Chrome/149.0.0.0 Safari/537.36',NULL,NULL,'2026-06-24 06:54:37',NULL),('328067481728061440','000000','000001','superadmin','auth','LOGOUT','用户退出','POST','/api/auth/logout',NULL,200,1,NULL,NULL,'127.0.0.1','Mozilla/5.0 (Windows NT 10.0; Win64; x64) AppleWebKit/537.36 (KHTML, like Gecko) Chrome/149.0.0.0 Safari/537.36',NULL,NULL,'2026-06-24 07:03:03',NULL),('328067498350088192','000000','000001','superadmin','auth','LOGIN','用户登录','POST','/api/auth/login',NULL,200,1,NULL,NULL,'127.0.0.1','Mozilla/5.0 (Windows NT 10.0; Win64; x64) AppleWebKit/537.36 (KHTML, like Gecko) Chrome/149.0.0.0 Safari/537.36',NULL,NULL,'2026-06-24 07:03:07',NULL),('328069810409836544','327722727416926208','327722727416926211','admin','auth','LOGIN','用户登录','POST','/api/auth/login',NULL,200,1,NULL,NULL,'127.0.0.1','Mozilla/5.0 (Windows NT 10.0; Win64; x64) AppleWebKit/537.36 (KHTML, like Gecko) Chrome/149.0.0.0 Safari/537.36',NULL,NULL,'2026-06-24 07:12:18',NULL),('328071649255624704','000000','000001','superadmin','auth','LOGIN','用户登录','POST','/api/auth/login',NULL,200,1,NULL,NULL,'127.0.0.1','Mozilla/5.0 (Windows NT 10.0; Win64; x64) AppleWebKit/537.36 (KHTML, like Gecko) Chrome/149.0.0.0 Safari/537.36',NULL,NULL,'2026-06-24 07:19:36',NULL),('328076364894834688','000000','000001','superadmin','auth','LOGIN','用户登录','POST','/api/auth/login',NULL,200,1,NULL,NULL,'10.12.1.216','Mozilla/5.0 (Windows NT 10.0; Win64; x64) AppleWebKit/537.36 (KHTML, like Gecko) Chrome/149.0.0.0 Safari/537.36',NULL,NULL,'2026-06-24 07:38:21',NULL),('328076372247449600','000000','000001','superadmin','auth','LOGIN','用户登录','POST','/api/auth/login',NULL,200,1,NULL,NULL,'10.12.1.216','Mozilla/5.0 (Windows NT 10.0; Win64; x64) AppleWebKit/537.36 (KHTML, like Gecko) Chrome/149.0.0.0 Safari/537.36',NULL,NULL,'2026-06-24 07:38:22',NULL),('328077138840391680','000000','000001','superadmin','package','ASSIGN_MENUS','分配菜单','PUT','/api/system/package/P100/menus','{\"packageId\":\"P100\",\"menuIds\":[\"000121\",\"000122\",\"000123\",\"000124\",\"000131\",\"000132\",\"000133\",\"000134\",\"000135\",\"000141\",\"000142\",\"000143\",\"000144\",\"000145\",\"000161\",\"000162\",\"000163\",\"000181\",\"000182\",\"000193\",\"000194\",\"000195\",\"000196\",\"000197\",\"000198\",\"327716763913555968\",\"328003748184068096\",\"328011351035351040\",\"328011837230682112\",\"328012120165847040\",\"file_manage_download_0001\",\"file_manage_remove_0001\",\"file_manage_upload_0001\",\"storage_config_add_0001\",\"storage_config_edit_0001\",\"storage_config_remove_0001\",\"000180\",\"storage_config_0001\",\"file_manage_0001\",\"file_center_0001\",\"328003277641879552\",\"328011617474318336\",\"328055290455003136\",\"328055365851811840\",\"328055449779834880\",\"328055532650893312\",\"000191\",\"000192\",\"000120\",\"000130\",\"000140\",\"000160\",\"000190\",\"000100\"]}',200,1,NULL,NULL,'127.0.0.1','Mozilla/5.0 (Windows NT 10.0; Win64; x64) AppleWebKit/537.36 (KHTML, like Gecko) Chrome/149.0.0.0 Safari/537.36',NULL,NULL,'2026-06-24 07:41:25',NULL),('328077153650479104','000000','000001','superadmin','auth','LOGIN','用户登录','POST','/api/auth/login',NULL,200,1,NULL,NULL,'10.12.1.216','Mozilla/5.0 (Windows NT 10.0; Win64; x64) AppleWebKit/537.36 (KHTML, like Gecko) Chrome/149.0.0.0 Safari/537.36',NULL,NULL,'2026-06-24 07:41:29',NULL),('328077154791329792','000000','000001','superadmin','auth','LOGIN','用户登录','POST','/api/auth/login',NULL,200,1,NULL,NULL,'10.12.1.216','Mozilla/5.0 (Windows NT 10.0; Win64; x64) AppleWebKit/537.36 (KHTML, like Gecko) Cursor/3.7.27 Chrome/142.0.7444.265 Electron/39.8.1 Safari/537.36',NULL,NULL,'2026-06-24 07:41:29',NULL),('328077154803912704','000000','000001','superadmin','auth','LOGIN','用户登录','POST','/api/auth/login',NULL,200,1,NULL,NULL,'10.12.1.216','Mozilla/5.0 (Windows NT 10.0; Win64; x64) AppleWebKit/537.36 (KHTML, like Gecko) Chrome/149.0.0.0 Safari/537.36',NULL,NULL,'2026-06-24 07:41:29',NULL),('328077679960133632','000000','000001','superadmin','auth','LOGIN','用户登录','POST','/api/auth/login',NULL,200,1,NULL,NULL,'10.12.1.216','Mozilla/5.0 (Windows NT 10.0; Win64; x64) AppleWebKit/537.36 (KHTML, like Gecko) Chrome/149.0.0.0 Safari/537.36',NULL,NULL,'2026-06-24 07:43:34',NULL),('328077681113567232','000000','000001','superadmin','auth','LOGIN','用户登录','POST','/api/auth/login',NULL,200,1,NULL,NULL,'10.12.1.216','Mozilla/5.0 (Windows NT 10.0; Win64; x64) AppleWebKit/537.36 (KHTML, like Gecko) Chrome/149.0.0.0 Safari/537.36',NULL,NULL,'2026-06-24 07:43:34',NULL),('328077681470083072','000000','000001','superadmin','auth','LOGIN','用户登录','POST','/api/auth/login',NULL,200,1,NULL,NULL,'10.12.1.216','Mozilla/5.0 (Windows NT 10.0; Win64; x64) AppleWebKit/537.36 (KHTML, like Gecko) Cursor/3.7.27 Chrome/142.0.7444.265 Electron/39.8.1 Safari/537.36',NULL,NULL,'2026-06-24 07:43:34',NULL),('328081673960951808','000000','000001','superadmin','auth','LOGIN','用户登录','POST','/api/auth/login',NULL,200,1,NULL,NULL,'10.12.1.216','Mozilla/5.0 (Windows NT 10.0; Win64; x64) AppleWebKit/537.36 (KHTML, like Gecko) Chrome/149.0.0.0 Safari/537.36',NULL,NULL,'2026-06-24 07:59:26',NULL),('328081674107752448','000000','000001','superadmin','auth','LOGIN','用户登录','POST','/api/auth/login',NULL,200,1,NULL,NULL,'10.12.1.216','Mozilla/5.0 (Windows NT 10.0; Win64; x64) AppleWebKit/537.36 (KHTML, like Gecko) Cursor/3.7.27 Chrome/142.0.7444.265 Electron/39.8.1 Safari/537.36',NULL,NULL,'2026-06-24 07:59:26',NULL),('328081707356000256','000000','000001','superadmin','auth','LOGIN','用户登录','POST','/api/auth/login',NULL,200,1,NULL,NULL,'10.12.1.216','Mozilla/5.0 (Windows NT 10.0; Win64; x64) AppleWebKit/537.36 (KHTML, like Gecko) Chrome/149.0.0.0 Safari/537.36',NULL,NULL,'2026-06-24 07:59:34',NULL),('328081707372777472','000000','000001','superadmin','auth','LOGIN','用户登录','POST','/api/auth/login',NULL,200,1,NULL,NULL,'10.12.1.216','Mozilla/5.0 (Windows NT 10.0; Win64; x64) AppleWebKit/537.36 (KHTML, like Gecko) Cursor/3.7.27 Chrome/142.0.7444.265 Electron/39.8.1 Safari/537.36',NULL,NULL,'2026-06-24 07:59:34',NULL),('328081719741779968','000000','000001','superadmin','auth','LOGIN','用户登录','POST','/api/auth/login',NULL,200,1,NULL,NULL,'10.12.1.216','Mozilla/5.0 (Windows NT 10.0; Win64; x64) AppleWebKit/537.36 (KHTML, like Gecko) Chrome/149.0.0.0 Safari/537.36',NULL,NULL,'2026-06-24 07:59:37',NULL),('328082144515723264','000000','000001','superadmin','auth','LOGIN','用户登录','POST','/api/auth/login',NULL,200,1,NULL,NULL,'10.12.1.216','Mozilla/5.0 (Windows NT 10.0; Win64; x64) AppleWebKit/537.36 (KHTML, like Gecko) Chrome/149.0.0.0 Safari/537.36',NULL,NULL,'2026-06-24 08:01:19',NULL),('328082190443352064','000000','000001','superadmin','auth','LOGIN','用户登录','POST','/api/auth/login',NULL,200,1,NULL,NULL,'10.12.1.216','Mozilla/5.0 (Windows NT 10.0; Win64; x64) AppleWebKit/537.36 (KHTML, like Gecko) Chrome/149.0.0.0 Safari/537.36',NULL,NULL,'2026-06-24 08:01:29',NULL),('328082259875860480','000000','000001','superadmin','auth','LOGIN','用户登录','POST','/api/auth/login',NULL,200,1,NULL,NULL,'10.12.1.216','Mozilla/5.0 (Windows NT 10.0; Win64; x64) AppleWebKit/537.36 (KHTML, like Gecko) Chrome/149.0.0.0 Safari/537.36',NULL,NULL,'2026-06-24 08:01:46',NULL),('328082318579339264','000000','000001','superadmin','auth','LOGIN','用户登录','POST','/api/auth/login',NULL,200,1,NULL,NULL,'10.12.1.216','Mozilla/5.0 (Windows NT 10.0; Win64; x64) AppleWebKit/537.36 (KHTML, like Gecko) Chrome/149.0.0.0 Safari/537.36',NULL,NULL,'2026-06-24 08:02:00',NULL),('328082516168806400','000000','000001','superadmin','auth','LOGIN','用户登录','POST','/api/auth/login',NULL,200,1,NULL,NULL,'10.12.1.216','Mozilla/5.0 (Windows NT 10.0; Win64; x64) AppleWebKit/537.36 (KHTML, like Gecko) Chrome/149.0.0.0 Safari/537.36',NULL,NULL,'2026-06-24 08:02:47',NULL),('328083754050523136','000000','000001','superadmin','auth','LOGIN','用户登录','POST','/api/auth/login',NULL,200,1,NULL,NULL,'10.12.1.216','Mozilla/5.0 (Windows NT 10.0; Win64; x64) AppleWebKit/537.36 (KHTML, like Gecko) Chrome/149.0.0.0 Safari/537.36',NULL,NULL,'2026-06-24 08:07:42',NULL),('328083835386466304','000000','000001','superadmin','auth','LOGIN','用户登录','POST','/api/auth/login',NULL,200,1,NULL,NULL,'10.12.1.216','Mozilla/5.0 (Windows NT 10.0; Win64; x64) AppleWebKit/537.36 (KHTML, like Gecko) Chrome/149.0.0.0 Safari/537.36',NULL,NULL,'2026-06-24 08:08:02',NULL),('328083835524878336','000000','000001','superadmin','auth','LOGIN','用户登录','POST','/api/auth/login',NULL,200,1,NULL,NULL,'10.12.1.216','Mozilla/5.0 (Windows NT 10.0; Win64; x64) AppleWebKit/537.36 (KHTML, like Gecko) Chrome/149.0.0.0 Safari/537.36',NULL,NULL,'2026-06-24 08:08:02',NULL),('328083835596181504','000000','000001','superadmin','auth','LOGIN','用户登录','POST','/api/auth/login',NULL,200,1,NULL,NULL,'10.12.1.216','Mozilla/5.0 (Windows NT 10.0; Win64; x64) AppleWebKit/537.36 (KHTML, like Gecko) Cursor/3.7.27 Chrome/142.0.7444.265 Electron/39.8.1 Safari/537.36',NULL,NULL,'2026-06-24 08:08:02',NULL),('328083895616671744','000000','000001','superadmin','auth','LOGIN','用户登录','POST','/api/auth/login',NULL,200,1,NULL,NULL,'10.12.1.216','Mozilla/5.0 (Windows NT 10.0; Win64; x64) AppleWebKit/537.36 (KHTML, like Gecko) Chrome/149.0.0.0 Safari/537.36',NULL,NULL,'2026-06-24 08:08:16',NULL),('328083895650226176','000000','000001','superadmin','auth','LOGIN','用户登录','POST','/api/auth/login',NULL,200,1,NULL,NULL,'10.12.1.216','Mozilla/5.0 (Windows NT 10.0; Win64; x64) AppleWebKit/537.36 (KHTML, like Gecko) Cursor/3.7.27 Chrome/142.0.7444.265 Electron/39.8.1 Safari/537.36',NULL,NULL,'2026-06-24 08:08:16',NULL),('328083895817998336','000000','000001','superadmin','auth','LOGIN','用户登录','POST','/api/auth/login',NULL,200,1,NULL,NULL,'10.12.1.216','Mozilla/5.0 (Windows NT 10.0; Win64; x64) AppleWebKit/537.36 (KHTML, like Gecko) Chrome/149.0.0.0 Safari/537.36',NULL,NULL,'2026-06-24 08:08:16',NULL),('328083928864919552','000000','000001','superadmin','auth','LOGIN','用户登录','POST','/api/auth/login',NULL,200,1,NULL,NULL,'10.12.1.216','Mozilla/5.0 (Windows NT 10.0; Win64; x64) AppleWebKit/537.36 (KHTML, like Gecko) Chrome/149.0.0.0 Safari/537.36',NULL,NULL,'2026-06-24 08:08:24',NULL),('328083930026741760','000000','000001','superadmin','auth','LOGIN','用户登录','POST','/api/auth/login',NULL,200,1,NULL,NULL,'10.12.1.216','Mozilla/5.0 (Windows NT 10.0; Win64; x64) AppleWebKit/537.36 (KHTML, like Gecko) Chrome/149.0.0.0 Safari/537.36',NULL,NULL,'2026-06-24 08:08:24',NULL),('328083930181931008','000000','000001','superadmin','auth','LOGIN','用户登录','POST','/api/auth/login',NULL,200,1,NULL,NULL,'10.12.1.216','Mozilla/5.0 (Windows NT 10.0; Win64; x64) AppleWebKit/537.36 (KHTML, like Gecko) Cursor/3.7.27 Chrome/142.0.7444.265 Electron/39.8.1 Safari/537.36',NULL,NULL,'2026-06-24 08:08:24',NULL),('328084385993723904','000000','000001','superadmin','auth','LOGIN','用户登录','POST','/api/auth/login',NULL,200,1,NULL,NULL,'10.12.1.216','Mozilla/5.0 (Windows NT 10.0; Win64; x64) AppleWebKit/537.36 (KHTML, like Gecko) Chrome/149.0.0.0 Safari/537.36',NULL,NULL,'2026-06-24 08:10:13',NULL),('328084537932386304','000000','000001','superadmin','auth','LOGIN','用户登录','POST','/api/auth/login',NULL,200,1,NULL,NULL,'10.12.1.216','Mozilla/5.0 (Windows NT 10.0; Win64; x64) AppleWebKit/537.36 (KHTML, like Gecko) Chrome/149.0.0.0 Safari/537.36',NULL,NULL,'2026-06-24 08:10:49',NULL),('328084909971345408','000000','000001','superadmin','auth','LOGIN','用户登录','POST','/api/auth/login',NULL,200,1,NULL,NULL,'10.12.1.216','Mozilla/5.0 (Windows NT 10.0; Win64; x64) AppleWebKit/537.36 (KHTML, like Gecko) Chrome/149.0.0.0 Safari/537.36',NULL,NULL,'2026-06-24 08:12:18',NULL),('328084947711692800','000000','000001','superadmin','auth','LOGIN','用户登录','POST','/api/auth/login',NULL,200,1,NULL,NULL,'10.12.1.216','Mozilla/5.0 (Windows NT 10.0; Win64; x64) AppleWebKit/537.36 (KHTML, like Gecko) Chrome/149.0.0.0 Safari/537.36',NULL,NULL,'2026-06-24 08:12:27',NULL),('328087070285369344','000000','000001','superadmin','auth','LOGIN','用户登录','POST','/api/auth/login',NULL,200,1,NULL,NULL,'127.0.0.1','Mozilla/5.0 (Windows NT 10.0; Win64; x64) AppleWebKit/537.36 (KHTML, like Gecko) Chrome/149.0.0.0 Safari/537.36',NULL,NULL,'2026-06-24 08:20:53',NULL),('328088523175497728','000000','000001','superadmin','auth','LOGIN','用户登录','POST','/api/auth/login',NULL,200,1,NULL,NULL,'10.12.1.216','Mozilla/5.0 (Windows NT 10.0; Win64; x64) AppleWebKit/537.36 (KHTML, like Gecko) Chrome/149.0.0.0 Safari/537.36',NULL,NULL,'2026-06-24 08:26:39',NULL),('328088524165353472','000000','000001','superadmin','auth','LOGIN','用户登录','POST','/api/auth/login',NULL,200,1,NULL,NULL,'10.12.1.216','Mozilla/5.0 (Windows NT 10.0; Win64; x64) AppleWebKit/537.36 (KHTML, like Gecko) Chrome/149.0.0.0 Safari/537.36',NULL,NULL,'2026-06-24 08:26:40',NULL),('328088524324737024','000000','000001','superadmin','auth','LOGIN','用户登录','POST','/api/auth/login',NULL,200,1,NULL,NULL,'10.12.1.216','Mozilla/5.0 (Windows NT 10.0; Win64; x64) AppleWebKit/537.36 (KHTML, like Gecko) Cursor/3.7.27 Chrome/142.0.7444.265 Electron/39.8.1 Safari/537.36',NULL,NULL,'2026-06-24 08:26:40',NULL),('328088593656582144','000000','000001','superadmin','auth','LOGIN','用户登录','POST','/api/auth/login',NULL,200,1,NULL,NULL,'10.12.1.216','Mozilla/5.0 (Windows NT 10.0; Win64; x64) AppleWebKit/537.36 (KHTML, like Gecko) Chrome/149.0.0.0 Safari/537.36',NULL,NULL,'2026-06-24 08:26:56',NULL),('328088675130937344','000000','000001','superadmin','auth','LOGIN','用户登录','POST','/api/auth/login',NULL,200,1,NULL,NULL,'10.12.1.216','Mozilla/5.0 (Windows NT 10.0; Win64; x64) AppleWebKit/537.36 (KHTML, like Gecko) Chrome/149.0.0.0 Safari/537.36',NULL,NULL,'2026-06-24 08:27:16',NULL),('328090430195503104','000000','000001','superadmin','auth','LOGIN','用户登录','POST','/api/auth/login',NULL,200,1,NULL,NULL,'127.0.0.1','Mozilla/5.0 (Windows NT 10.0; Win64; x64) AppleWebKit/537.36 (KHTML, like Gecko) Chrome/149.0.0.0 Safari/537.36',NULL,NULL,'2026-06-24 08:34:14',NULL),('328090440324747264','000000','000001','superadmin','auth','LOGIN','用户登录','POST','/api/auth/login',NULL,200,1,NULL,NULL,'127.0.0.1','Mozilla/5.0 (Windows NT 10.0; Win64; x64) AppleWebKit/537.36 (KHTML, like Gecko) Chrome/149.0.0.0 Safari/537.36',NULL,NULL,'2026-06-24 08:34:16',NULL),('328095898460622848','000000','000001','superadmin','auth','LOGIN','用户登录','POST','/api/auth/login',NULL,200,1,NULL,NULL,'10.12.1.216','Mozilla/5.0 (Windows NT 10.0; Win64; x64) AppleWebKit/537.36 (KHTML, like Gecko) Chrome/149.0.0.0 Safari/537.36',NULL,NULL,'2026-06-24 08:55:58',NULL),('328096467585732608','000000','000001','superadmin','auth','LOGIN','用户登录','POST','/api/auth/login',NULL,200,1,NULL,NULL,'10.12.1.216','Mozilla/5.0 (Windows NT 10.0; Win64; x64) AppleWebKit/537.36 (KHTML, like Gecko) Chrome/149.0.0.0 Safari/537.36',NULL,NULL,'2026-06-24 08:58:14',NULL),('328096880217165824','000000','000001','superadmin','auth','LOGIN','用户登录','POST','/api/auth/login',NULL,200,1,NULL,NULL,'10.12.1.216','Mozilla/5.0 (Windows NT 10.0; Win64; x64) AppleWebKit/537.36 (KHTML, like Gecko) Chrome/149.0.0.0 Safari/537.36',NULL,NULL,'2026-06-24 08:59:52',NULL),('328097402357682176','000000','000001','superadmin','auth','LOGIN','用户登录','POST','/api/auth/login',NULL,200,1,NULL,NULL,'10.12.1.216','Mozilla/5.0 (Windows NT 10.0; Win64; x64) AppleWebKit/537.36 (KHTML, like Gecko) Chrome/149.0.0.0 Safari/537.36',NULL,NULL,'2026-06-24 09:01:56',NULL),('328098372982542336','000000','000001','superadmin','auth','LOGIN','用户登录','POST','/api/auth/login',NULL,200,1,NULL,NULL,'10.12.1.216','Mozilla/5.0 (Windows NT 10.0; Win64; x64) AppleWebKit/537.36 (KHTML, like Gecko) Chrome/149.0.0.0 Safari/537.36',NULL,NULL,'2026-06-24 09:05:48',NULL),('328098867151245312','000000','000001','superadmin','auth','LOGIN','用户登录','POST','/api/auth/login',NULL,200,1,NULL,NULL,'10.12.1.216','Mozilla/5.0 (Windows NT 10.0; Win64; x64) AppleWebKit/537.36 (KHTML, like Gecko) Chrome/149.0.0.0 Safari/537.36',NULL,NULL,'2026-06-24 09:07:46',NULL),('328098935619063808','000000','000001','superadmin','auth','LOGIN','用户登录','POST','/api/auth/login',NULL,200,1,NULL,NULL,'10.12.1.216','Mozilla/5.0 (Windows NT 10.0; Win64; x64) AppleWebKit/537.36 (KHTML, like Gecko) Chrome/149.0.0.0 Safari/537.36',NULL,NULL,'2026-06-24 09:08:02',NULL),('328099233645334528','000000','000001','superadmin','auth','LOGIN','用户登录','POST','/api/auth/login',NULL,200,1,NULL,NULL,'10.12.1.216','Mozilla/5.0 (Windows NT 10.0; Win64; x64) AppleWebKit/537.36 (KHTML, like Gecko) Chrome/149.0.0.0 Safari/537.36',NULL,NULL,'2026-06-24 09:09:13',NULL),('328100742445535232','000000','000001','superadmin','auth','LOGIN','用户登录','POST','/api/auth/login',NULL,200,1,NULL,NULL,'10.12.1.216','Mozilla/5.0 (Windows NT 10.0; Win64; x64) AppleWebKit/537.36 (KHTML, like Gecko) Chrome/149.0.0.0 Safari/537.36',NULL,NULL,'2026-06-24 09:15:13',NULL),('328100997371138048','000000','000001','superadmin','auth','LOGIN','用户登录','POST','/api/auth/login',NULL,200,1,NULL,NULL,'10.12.1.216','Mozilla/5.0 (Windows NT 10.0; Win64; x64) AppleWebKit/537.36 (KHTML, like Gecko) Chrome/149.0.0.0 Safari/537.36',NULL,NULL,'2026-06-24 09:16:14',NULL),('328101259817127936','000000','000001','superadmin','auth','LOGIN','用户登录','POST','/api/auth/login',NULL,200,1,NULL,NULL,'10.12.1.216','Mozilla/5.0 (Windows NT 10.0; Win64; x64) AppleWebKit/537.36 (KHTML, like Gecko) Chrome/149.0.0.0 Safari/537.36',NULL,NULL,'2026-06-24 09:17:16',NULL),('328103668920487936','000000','000001','superadmin','auth','LOGIN','用户登录','POST','/api/auth/login',NULL,200,1,NULL,NULL,'10.12.1.216','Mozilla/5.0 (iPhone; CPU iPhone OS 18_5 like Mac OS X) AppleWebKit/605.1.15 (KHTML, like Gecko) Version/18.5 Mobile/15E148 Safari/604.1',NULL,NULL,'2026-06-24 09:26:50',NULL),('328103671730671616','000000','000001','superadmin','auth','LOGIN','用户登录','POST','/api/auth/login',NULL,200,1,NULL,NULL,'10.12.1.216','Mozilla/5.0 (Windows NT 10.0; Win64; x64) AppleWebKit/537.36 (KHTML, like Gecko) Chrome/149.0.0.0 Safari/537.36',NULL,NULL,'2026-06-24 09:26:51',NULL),('328103673093820416','000000','000001','superadmin','auth','LOGIN','用户登录','POST','/api/auth/login',NULL,200,1,NULL,NULL,'10.12.1.216','Mozilla/5.0 (Windows NT 10.0; Win64; x64) AppleWebKit/537.36 (KHTML, like Gecko) Cursor/3.7.27 Chrome/142.0.7444.265 Electron/39.8.1 Safari/537.36',NULL,NULL,'2026-06-24 09:26:51',NULL),('328104025964810240','000000','000001','superadmin','auth','LOGIN','用户登录','POST','/api/auth/login',NULL,200,1,NULL,NULL,'10.12.1.216','Mozilla/5.0 (Windows NT 10.0; Win64; x64) AppleWebKit/537.36 (KHTML, like Gecko) Chrome/149.0.0.0 Safari/537.36',NULL,NULL,'2026-06-24 09:28:16',NULL),('328104229208199168','000000','000001','superadmin','auth','LOGIN','用户登录','POST','/api/auth/login',NULL,200,1,NULL,NULL,'10.12.1.216','Mozilla/5.0 (Windows NT 10.0; Win64; x64) AppleWebKit/537.36 (KHTML, like Gecko) Chrome/149.0.0.0 Safari/537.36',NULL,NULL,'2026-06-24 09:29:04',NULL),('328104229346611200','000000','000001','superadmin','auth','LOGIN','用户登录','POST','/api/auth/login',NULL,200,1,NULL,NULL,'10.12.1.216','Mozilla/5.0 (Windows NT 10.0; Win64; x64) AppleWebKit/537.36 (KHTML, like Gecko) Chrome/149.0.0.0 Safari/537.36',NULL,NULL,'2026-06-24 09:29:04',NULL),('328104230164500480','000000','000001','superadmin','auth','LOGIN','用户登录','POST','/api/auth/login',NULL,200,1,NULL,NULL,'10.12.1.216','Mozilla/5.0 (Windows NT 10.0; Win64; x64) AppleWebKit/537.36 (KHTML, like Gecko) Cursor/3.7.27 Chrome/142.0.7444.265 Electron/39.8.1 Safari/537.36',NULL,NULL,'2026-06-24 09:29:04',NULL),('328104254885728256','000000','000001','superadmin','auth','LOGIN','用户登录','POST','/api/auth/login',NULL,200,1,NULL,NULL,'10.12.1.216','Mozilla/5.0 (Windows NT 10.0; Win64; x64) AppleWebKit/537.36 (KHTML, like Gecko) Chrome/149.0.0.0 Safari/537.36',NULL,NULL,'2026-06-24 09:29:10',NULL),('328104256005607424','000000','000001','superadmin','auth','LOGIN','用户登录','POST','/api/auth/login',NULL,200,1,NULL,NULL,'10.12.1.216','Mozilla/5.0 (Windows NT 10.0; Win64; x64) AppleWebKit/537.36 (KHTML, like Gecko) Cursor/3.7.27 Chrome/142.0.7444.265 Electron/39.8.1 Safari/537.36',NULL,NULL,'2026-06-24 09:29:10',NULL),('328104256362123264','000000','000001','superadmin','auth','LOGIN','用户登录','POST','/api/auth/login',NULL,200,1,NULL,NULL,'10.12.1.216','Mozilla/5.0 (Windows NT 10.0; Win64; x64) AppleWebKit/537.36 (KHTML, like Gecko) Chrome/149.0.0.0 Safari/537.36',NULL,NULL,'2026-06-24 09:29:11',NULL),('328104390936367104','000000','000001','superadmin','auth','LOGIN','用户登录','POST','/api/auth/login',NULL,200,1,NULL,NULL,'10.12.1.216','Mozilla/5.0 (Windows NT 10.0; Win64; x64) AppleWebKit/537.36 (KHTML, like Gecko) Chrome/149.0.0.0 Safari/537.36',NULL,NULL,'2026-06-24 09:29:43',NULL),('328104818935730176','000000','000001','superadmin','auth','LOGIN','用户登录','POST','/api/auth/login',NULL,200,1,NULL,NULL,'10.12.1.216','Mozilla/5.0 (Windows NT 10.0; Win64; x64) AppleWebKit/537.36 (KHTML, like Gecko) Chrome/149.0.0.0 Safari/537.36',NULL,NULL,'2026-06-24 09:31:25',NULL),('328104830071607296','000000','000001','superadmin','auth','LOGIN','用户登录','POST','/api/auth/login',NULL,200,1,NULL,NULL,'10.12.1.216','Mozilla/5.0 (Windows NT 10.0; Win64; x64) AppleWebKit/537.36 (KHTML, like Gecko) Chrome/149.0.0.0 Safari/537.36',NULL,NULL,'2026-06-24 09:31:27',NULL),('328104843006840832','000000','000001','superadmin','auth','LOGIN','用户登录','POST','/api/auth/login',NULL,200,1,NULL,NULL,'10.12.1.216','Mozilla/5.0 (Windows NT 10.0; Win64; x64) AppleWebKit/537.36 (KHTML, like Gecko) Chrome/149.0.0.0 Safari/537.36',NULL,NULL,'2026-06-24 09:31:30',NULL),('328105609499119616','000000','000001','superadmin','auth','LOGIN','用户登录','POST','/api/auth/login',NULL,200,1,NULL,NULL,'10.12.1.216','Mozilla/5.0 (Windows NT 10.0; Win64; x64) AppleWebKit/537.36 (KHTML, like Gecko) Chrome/149.0.0.0 Safari/537.36',NULL,NULL,'2026-06-24 09:34:33',NULL),('328105647159775232','000000','000001','superadmin','auth','LOGIN','用户登录','POST','/api/auth/login',NULL,200,1,NULL,NULL,'10.12.1.216','Mozilla/5.0 (Windows NT 10.0; Win64; x64) AppleWebKit/537.36 (KHTML, like Gecko) Chrome/149.0.0.0 Safari/537.36',NULL,NULL,'2026-06-24 09:34:42',NULL),('328106606405488640','000000','000001','superadmin','auth','LOGIN','用户登录','POST','/api/auth/login',NULL,200,1,NULL,NULL,'10.12.1.216','Mozilla/5.0 (Windows NT 10.0; Win64; x64) AppleWebKit/537.36 (KHTML, like Gecko) Chrome/149.0.0.0 Safari/537.36',NULL,NULL,'2026-06-24 09:38:31',NULL),('328106727297912832','000000','000001','superadmin','auth','LOGIN','用户登录','POST','/api/auth/login',NULL,200,1,NULL,NULL,'10.12.1.216','Mozilla/5.0 (Windows NT 10.0; Win64; x64) AppleWebKit/537.36 (KHTML, like Gecko) Chrome/149.0.0.0 Safari/537.36',NULL,NULL,'2026-06-24 09:39:00',NULL),('328106847531831296','000000','000001','superadmin','auth','LOGIN','用户登录','POST','/api/auth/login',NULL,200,1,NULL,NULL,'10.12.1.216','Mozilla/5.0 (Windows NT 10.0; Win64; x64) AppleWebKit/537.36 (KHTML, like Gecko) Chrome/149.0.0.0 Safari/537.36',NULL,NULL,'2026-06-24 09:39:28',NULL),('328106908386988032','000000','000001','superadmin','auth','LOGIN','用户登录','POST','/api/auth/login',NULL,200,1,NULL,NULL,'10.12.1.216','Mozilla/5.0 (Windows NT 10.0; Win64; x64) AppleWebKit/537.36 (KHTML, like Gecko) Chrome/149.0.0.0 Safari/537.36',NULL,NULL,'2026-06-24 09:39:43',NULL),('328107321123278848','000000','000001','superadmin','auth','LOGIN','用户登录','POST','/api/auth/login',NULL,200,1,NULL,NULL,'10.12.1.216','Mozilla/5.0 (Windows NT 10.0; Win64; x64) AppleWebKit/537.36 (KHTML, like Gecko) Chrome/148.0.0.0 Safari/537.36 Edg/148.0.0.0',NULL,NULL,'2026-06-24 09:41:21',NULL),('328107587558051840','000000','000001','superadmin','auth','LOGIN','用户登录','POST','/api/auth/login',NULL,200,1,NULL,NULL,'10.12.1.216','Mozilla/5.0 (Linux; Android 6.0; Nexus 5 Build/MRA58N) AppleWebKit/537.36 (KHTML, like Gecko) Chrome/148.0.0.0 Mobile Safari/537.36 Edg/148.0.0.0',NULL,NULL,'2026-06-24 09:42:25',NULL),('328107880962199552','000000','000001','superadmin','auth','LOGIN','用户登录','POST','/api/auth/login',NULL,200,1,NULL,NULL,'10.12.1.216','Mozilla/5.0 (Windows NT 10.0; Win64; x64) AppleWebKit/537.36 (KHTML, like Gecko) Chrome/149.0.0.0 Safari/537.36',NULL,NULL,'2026-06-24 09:43:35',NULL),('328108971615457280','000000','000001','superadmin','auth','LOGIN','用户登录','POST','/api/auth/login',NULL,200,1,NULL,NULL,'10.12.1.216','Mozilla/5.0 (Windows NT 10.0; Win64; x64) AppleWebKit/537.36 (KHTML, like Gecko) Chrome/149.0.0.0 Safari/537.36',NULL,NULL,'2026-06-24 09:47:55',NULL),('328109550228082688','000000','000001','superadmin','auth','LOGIN','用户登录','POST','/api/auth/login',NULL,200,1,NULL,NULL,'10.12.1.216','Mozilla/5.0 (Windows NT 10.0; Win64; x64) AppleWebKit/537.36 (KHTML, like Gecko) Chrome/149.0.0.0 Safari/537.36',NULL,NULL,'2026-06-24 09:50:13',NULL),('328109606469505024','000000','000001','superadmin','auth','LOGIN','用户登录','POST','/api/auth/login',NULL,200,1,NULL,NULL,'10.12.1.216','Mozilla/5.0 (Windows NT 10.0; Win64; x64) AppleWebKit/537.36 (KHTML, like Gecko) Chrome/149.0.0.0 Safari/537.36',NULL,NULL,'2026-06-24 09:50:26',NULL),('328112306775003136','000000','000001','superadmin','auth','LOGIN','用户登录','POST','/api/auth/login',NULL,200,1,NULL,NULL,'127.0.0.1','Mozilla/5.0 (Windows NT 10.0; Win64; x64) AppleWebKit/537.36 (KHTML, like Gecko) Chrome/149.0.0.0 Safari/537.36',NULL,NULL,'2026-06-24 10:01:10',NULL),('328131631737081856','000000','000001','superadmin','auth','LOGIN','用户登录','POST','/api/auth/login',NULL,200,1,NULL,NULL,'10.12.1.216','Mozilla/5.0 (Windows NT 10.0; Win64; x64) AppleWebKit/537.36 (KHTML, like Gecko) Chrome/148.0.0.0 Safari/537.36 Edg/148.0.0.0',NULL,NULL,'2026-06-24 11:17:57',NULL),('328344426848063488','000000','000001','superadmin','auth','LOGIN','用户登录','POST','/api/auth/login',NULL,200,1,NULL,NULL,'10.12.1.216','Mozilla/5.0 (Windows NT 10.0; Win64; x64) AppleWebKit/537.36 (KHTML, like Gecko) Chrome/149.0.0.0 Safari/537.36',NULL,NULL,'2026-06-25 01:23:33',NULL),('328344590853738496','000000','000001','superadmin','auth','LOGIN','用户登录','POST','/api/auth/login',NULL,200,1,NULL,NULL,'127.0.0.1','Mozilla/5.0 (Windows NT 10.0; Win64; x64) AppleWebKit/537.36 (KHTML, like Gecko) Chrome/149.0.0.0 Safari/537.36',NULL,NULL,'2026-06-25 01:24:12',NULL),('328346644368199680','000000','000001','superadmin','auth','LOGIN','用户登录','POST','/api/auth/login',NULL,200,1,NULL,NULL,'10.12.1.216','Mozilla/5.0 (Windows NT 10.0; Win64; x64) AppleWebKit/537.36 (KHTML, like Gecko) Chrome/149.0.0.0 Safari/537.36',NULL,NULL,'2026-06-25 01:32:21',NULL),('328346645571964928','000000','000001','superadmin','auth','LOGIN','用户登录','POST','/api/auth/login',NULL,200,1,NULL,NULL,'10.12.1.216','Mozilla/5.0 (Windows NT 10.0; Win64; x64) AppleWebKit/537.36 (KHTML, like Gecko) Cursor/3.7.27 Chrome/142.0.7444.265 Electron/39.8.1 Safari/537.36',NULL,NULL,'2026-06-25 01:32:22',NULL),('328346688513249280','000000','000001','superadmin','auth','LOGIN','用户登录','POST','/api/auth/login',NULL,200,1,NULL,NULL,'10.12.1.216','Mozilla/5.0 (Windows NT 10.0; Win64; x64) AppleWebKit/537.36 (KHTML, like Gecko) Chrome/149.0.0.0 Safari/537.36',NULL,NULL,'2026-06-25 01:32:32',NULL),('328347242706636800','000000','000001','superadmin','auth','LOGIN','用户登录','POST','/api/auth/login',NULL,200,1,NULL,NULL,'10.12.1.216','Mozilla/5.0 (Windows NT 10.0; Win64; x64) AppleWebKit/537.36 (KHTML, like Gecko) Chrome/149.0.0.0 Safari/537.36',NULL,NULL,'2026-06-25 01:34:44',NULL),('328350071244591104','000000','000001','superadmin','auth','LOGIN','用户登录','POST','/api/auth/login',NULL,200,1,NULL,NULL,'10.12.1.216','Mozilla/5.0 (Windows NT 10.0; Win64; x64) AppleWebKit/537.36 (KHTML, like Gecko) Chrome/149.0.0.0 Safari/537.36',NULL,NULL,'2026-06-25 01:45:58',NULL),('328352560446574592','000000','000001','superadmin','auth','LOGIN','用户登录','POST','/api/auth/login',NULL,200,1,NULL,NULL,'10.12.1.216','Mozilla/5.0 (Windows NT 10.0; Win64; x64) AppleWebKit/537.36 (KHTML, like Gecko) Cursor/3.7.27 Chrome/142.0.7444.265 Electron/39.8.1 Safari/537.36',NULL,NULL,'2026-06-25 01:55:52',NULL),('328360746138341376','000000','000001','superadmin','auth','LOGIN','用户登录','POST','/api/auth/login',NULL,200,1,NULL,NULL,'10.12.1.216','Mozilla/5.0 (Windows NT 10.0; Win64; x64) AppleWebKit/537.36 (KHTML, like Gecko) Chrome/149.0.0.0 Safari/537.36',NULL,NULL,'2026-06-25 02:28:24',NULL),('328360751653851136','000000','000001','superadmin','auth','LOGIN','用户登录','POST','/api/auth/login',NULL,200,1,NULL,NULL,'10.12.1.216','Mozilla/5.0 (Windows NT 10.0; Win64; x64) AppleWebKit/537.36 (KHTML, like Gecko) Chrome/149.0.0.0 Safari/537.36',NULL,NULL,'2026-06-25 02:28:25',NULL),('328360756674433024','000000','000001','superadmin','auth','LOGIN','用户登录','POST','/api/auth/login',NULL,200,1,NULL,NULL,'10.12.1.216','Mozilla/5.0 (Windows NT 10.0; Win64; x64) AppleWebKit/537.36 (KHTML, like Gecko) Cursor/3.7.27 Chrome/142.0.7444.265 Electron/39.8.1 Safari/537.36',NULL,NULL,'2026-06-25 02:28:26',NULL),('328361196841472000','000000','000001','superadmin','auth','LOGIN','用户登录','POST','/api/auth/login',NULL,200,1,NULL,NULL,'10.12.1.216','Mozilla/5.0 (iPhone; CPU iPhone OS 18_5 like Mac OS X) AppleWebKit/605.1.15 (KHTML, like Gecko) Version/18.5 Mobile/15E148 Safari/604.1',NULL,NULL,'2026-06-25 02:30:11',NULL),('328362520849027072','000000','000001','superadmin','auth','LOGIN','用户登录','POST','/api/auth/login',NULL,200,1,NULL,NULL,'10.12.1.216','Mozilla/5.0 (iPhone; CPU iPhone OS 18_5 like Mac OS X) AppleWebKit/605.1.15 (KHTML, like Gecko) Version/18.5 Mobile/15E148 Safari/604.1',NULL,NULL,'2026-06-25 02:35:27',NULL),('328364600024240128','000000','000001','superadmin','auth','LOGIN','用户登录','POST','/api/auth/login',NULL,200,1,NULL,NULL,'10.12.1.216','Mozilla/5.0 (Windows NT 10.0; Win64; x64) AppleWebKit/537.36 (KHTML, like Gecko) Chrome/149.0.0.0 Safari/537.36',NULL,NULL,'2026-06-25 02:43:42',NULL),('328364809202569216','000000','000001','superadmin','auth','LOGIN','用户登录','POST','/api/auth/login',NULL,200,1,NULL,NULL,'10.12.1.216','Mozilla/5.0 (Windows NT 10.0; Win64; x64) AppleWebKit/537.36 (KHTML, like Gecko) Chrome/149.0.0.0 Safari/537.36',NULL,NULL,'2026-06-25 02:44:32',NULL),('328364875376103424','000000','000001','superadmin','auth','LOGIN','用户登录','POST','/api/auth/login',NULL,200,1,NULL,NULL,'10.12.1.216','Mozilla/5.0 (Windows NT 10.0; Win64; x64) AppleWebKit/537.36 (KHTML, like Gecko) Chrome/149.0.0.0 Safari/537.36',NULL,NULL,'2026-06-25 02:44:48',NULL),('328364881906634752','000000','000001','superadmin','auth','LOGIN','用户登录','POST','/api/auth/login',NULL,200,1,NULL,NULL,'10.12.1.216','Mozilla/5.0 (Windows NT 10.0; Win64; x64) AppleWebKit/537.36 (KHTML, like Gecko) Chrome/149.0.0.0 Safari/537.36',NULL,NULL,'2026-06-25 02:44:50',NULL),('328366767518912512','000000','000001','superadmin','auth','LOGIN','用户登录','POST','/api/auth/login',NULL,200,1,NULL,NULL,'10.12.1.216','Mozilla/5.0 (Windows NT 10.0; Win64; x64) AppleWebKit/537.36 (KHTML, like Gecko) Chrome/149.0.0.0 Safari/537.36',NULL,NULL,'2026-06-25 02:52:19',NULL),('328367058096099328','000000','000001','superadmin','package','ASSIGN_MENUS','分配菜单','PUT','/api/system/package/P001/menus','{\"packageId\":\"P001\",\"menuIds\":[\"000113\",\"000114\",\"000115\",\"000116\",\"000117\",\"000118\",\"000119\",\"00011A\",\"000121\",\"000122\",\"000123\",\"000124\",\"000131\",\"000132\",\"000133\",\"000134\",\"000135\",\"000141\",\"000142\",\"000143\",\"000144\",\"000145\",\"000151\",\"000152\",\"000153\",\"000154\",\"000161\",\"000162\",\"000163\",\"000171\",\"000172\",\"000173\",\"000174\",\"000181\",\"000182\",\"000193\",\"000194\",\"000195\",\"000196\",\"000197\",\"000198\",\"325518182582456320\",\"325518338505707520\",\"325518440133693440\",\"327266832077688832\",\"327267036847804416\",\"327267207878938624\",\"327267345460498432\",\"327267400540098560\",\"328003748184068096\",\"328011351035351040\",\"328011837230682112\",\"328012120165847040\",\"business_finance_add_0001\",\"business_finance_edit_0001\",\"business_finance_export_0001\",\"business_finance_query_0001\",\"business_finance_remove_0001\",\"business_inventory_add_0001\",\"business_inventory_edit_0001\",\"business_inventory_export_0001\",\"business_inventory_query_0001\",\"business_inventory_remove_0001\",\"business_order_add_0001\",\"business_order_edit_0001\",\"business_order_export_0001\",\"business_order_query_0001\",\"business_order_remove_0001\",\"business_product_add_0001\",\"business_product_edit_0001\",\"business_product_export_0001\",\"business_product_query_0001\",\"business_product_remove_0001\",\"business_sales_add_0001\",\"business_sales_edit_0001\",\"business_sales_export_0001\",\"business_sales_query_0001\",\"business_sales_remove_0001\",\"file_manage_download_0001\",\"file_manage_remove_0001\",\"file_manage_upload_0001\",\"production_line_add_0001\",\"production_line_edit_0001\",\"production_line_export_0001\",\"production_line_query_0001\",\"production_line_remove_0001\",\"storage_config_add_0001\",\"storage_config_edit_0001\",\"storage_config_remove_0001\",\"000191\",\"000192\",\"000120\",\"000130\",\"000140\",\"000150\",\"000160\",\"000170\",\"000180\",\"000190\",\"storage_config_0001\",\"file_manage_0001\",\"000111\",\"000112\",\"production_line_0001\",\"business_order_0001\",\"business_product_0001\",\"business_finance_0001\",\"business_sales_0001\",\"business_inventory_0001\",\"file_center_0001\",\"000110\",\"328003277641879552\",\"328011617474318336\",\"328055290455003136\",\"328055365851811840\",\"328055449779834880\",\"328055532650893312\",\"327716763913555968\",\"000100\"]}',200,1,NULL,NULL,'127.0.0.1','Mozilla/5.0 (Windows NT 10.0; Win64; x64) AppleWebKit/537.36 (KHTML, like Gecko) Chrome/149.0.0.0 Safari/537.36',NULL,NULL,'2026-06-25 02:53:28',NULL),('328367324006584320','000000','000001','superadmin','user','ADD','新增用户','POST','/api/system/user/add','{\"username\":\"test123\",\"nickname\":\"气象测试账号\",\"gender\":\"2\",\"isAdmin\":\"0\",\"status\":\"0\",\"roleIds\":[\"328366891737419776\"]}',200,1,NULL,NULL,'127.0.0.1','Mozilla/5.0 (Windows NT 10.0; Win64; x64) AppleWebKit/537.36 (KHTML, like Gecko) Chrome/149.0.0.0 Safari/537.36',NULL,NULL,'2026-06-25 02:54:32',NULL),('328367782309793792','000000','328367322727321600','test123','auth','LOGIN','用户登录','POST','/api/auth/login',NULL,200,1,NULL,NULL,'127.0.0.1','Mozilla/5.0 (Windows NT 10.0; Win64; x64) AppleWebKit/537.36 (KHTML, like Gecko) Chrome/149.0.0.0 Safari/537.36',NULL,NULL,'2026-06-25 02:56:21',NULL),('328367799053455360','000000','328367322727321600','test123','auth','LOGIN','用户登录','POST','/api/auth/login',NULL,200,1,NULL,NULL,'127.0.0.1','Mozilla/5.0 (Windows NT 10.0; Win64; x64) AppleWebKit/537.36 (KHTML, like Gecko) Chrome/149.0.0.0 Safari/537.36',NULL,NULL,'2026-06-25 02:56:25',NULL),('328367878166417408','000000','000001','superadmin','auth','LOGIN','用户登录','POST','/api/auth/login',NULL,200,1,NULL,NULL,'10.12.1.216','Mozilla/5.0 (Windows NT 10.0; Win64; x64) AppleWebKit/537.36 (KHTML, like Gecko) Chrome/149.0.0.0 Safari/537.36',NULL,NULL,'2026-06-25 02:56:44',NULL),('328371095457632256','000000','000001','superadmin','auth','LOGIN','用户登录','POST','/api/auth/login',NULL,200,1,NULL,NULL,'10.12.1.216','Mozilla/5.0 (Windows NT 10.0; Win64; x64) AppleWebKit/537.36 (KHTML, like Gecko) Chrome/149.0.0.0 Safari/537.36',NULL,NULL,'2026-06-25 03:09:31',NULL),('328371525621256192','000000','000001','superadmin','auth','LOGIN','用户登录','POST','/api/auth/login',NULL,200,1,NULL,NULL,'127.0.0.1','Mozilla/5.0 (Macintosh; Intel Mac OS X 10_15_7) AppleWebKit/537.36 (KHTML, like Gecko) Chrome/149.0.0.0 Safari/537.36',NULL,NULL,'2026-06-25 03:11:14',NULL),('328373333445971968','000000','000001','superadmin','package','ADD','新增套餐','POST','/api/system/package/add','{\"packageName\":\"生成管理\",\"status\":\"0\"}',200,1,NULL,NULL,'127.0.0.1','Mozilla/5.0 (Windows NT 10.0; Win64; x64) AppleWebKit/537.36 (KHTML, like Gecko) Chrome/149.0.0.0 Safari/537.36',NULL,NULL,'2026-06-25 03:18:25',NULL),('328373403545374720','000000','000001','superadmin','package','ASSIGN_MENUS','分配菜单','PUT','/api/system/package/328373332758106112/menus','{\"packageId\":\"328373332758106112\",\"menuIds\":[\"production_line_0001\",\"production_line_query_0001\",\"production_line_add_0001\",\"production_line_edit_0001\",\"production_line_remove_0001\",\"production_line_export_0001\",\"business_order_0001\",\"business_order_query_0001\",\"business_order_add_0001\",\"business_order_edit_0001\",\"business_order_remove_0001\",\"business_order_export_0001\",\"business_product_0001\",\"business_product_query_0001\",\"business_product_add_0001\",\"business_product_edit_0001\",\"business_product_remove_0001\",\"business_product_export_0001\",\"business_finance_0001\",\"business_finance_query_0001\",\"business_finance_add_0001\",\"business_finance_edit_0001\",\"business_finance_remove_0001\",\"business_finance_export_0001\",\"business_sales_0001\",\"business_sales_query_0001\",\"business_sales_add_0001\",\"business_sales_edit_0001\",\"business_sales_remove_0001\",\"business_sales_export_0001\",\"business_inventory_0001\",\"business_inventory_query_0001\",\"business_inventory_add_0001\",\"business_inventory_edit_0001\",\"business_inventory_remove_0001\",\"business_inventory_export_0001\",\"000100\",\"325883052729438208\",\"327716763913555968\",\"000120\",\"000130\",\"000140\",\"000150\",\"000160\",\"000170\",\"000180\",\"000190\",\"327266832077688832\",\"000121\",\"000122\",\"000123\",\"000124\",\"325518182582456320\",\"000131\",\"000132\",\"000133\",\"000134\",\"000135\",\"325518338505707520\",\"000141\",\"000142\",\"000143\",\"000144\",\"000145\",\"325518440133693440\",\"000151\",\"000152\",\"000153\",\"000154\",\"327267036847804416\",\"000161\",\"000162\",\"000163\",\"327267207878938624\",\"000171\",\"000172\",\"000173\",\"000174\",\"000181\",\"000182\",\"000191\",\"000192\",\"327267400540098560\",\"000193\",\"000194\",\"327267345460498432\",\"000195\",\"000196\",\"000197\",\"000198\",\"file_center_0001\",\"storage_config_0001\",\"file_manage_0001\",\"storage_config_add_0001\",\"storage_config_edit_0001\",\"storage_config_remove_0001\",\"file_manage_upload_0001\",\"file_manage_remove_0001\",\"file_manage_download_0001\",\"000110\",\"000111\",\"000112\",\"000113\",\"000114\",\"000115\",\"000116\",\"000117\",\"000118\",\"000119\",\"00011A\"]}',200,1,NULL,NULL,'127.0.0.1','Mozilla/5.0 (Windows NT 10.0; Win64; x64) AppleWebKit/537.36 (KHTML, like Gecko) Chrome/149.0.0.0 Safari/537.36',NULL,NULL,'2026-06-25 03:18:41',NULL),('328373452790697984','000000','000001','superadmin','auth','LOGOUT','用户退出','POST','/api/auth/logout',NULL,200,1,NULL,NULL,'127.0.0.1','Mozilla/5.0 (Windows NT 10.0; Win64; x64) AppleWebKit/537.36 (KHTML, like Gecko) Chrome/149.0.0.0 Safari/537.36',NULL,NULL,'2026-06-25 03:18:53',NULL),('328373495258025984','328373289850376192','328373289850376195','admin','auth','LOGIN','用户登录','POST','/api/auth/login',NULL,200,1,NULL,NULL,'127.0.0.1','Mozilla/5.0 (Windows NT 10.0; Win64; x64) AppleWebKit/537.36 (KHTML, like Gecko) Chrome/149.0.0.0 Safari/537.36',NULL,NULL,'2026-06-25 03:19:03',NULL),('328373612383965184','328373289850376192','328373289850376195','admin','config','UPDATE','修改系统参数','PUT','/api/system/config/edit','{\"configId\":\"328373292530536448\",\"configKey\":\"sys.app.name\",\"configValue\":\"生产管理系统\",\"configName\":\"系统名称\",\"configType\":\"sys\",\"remark\":\"新建租户默认系统名称\",\"status\":\"0\"}',200,1,NULL,NULL,'127.0.0.1','Mozilla/5.0 (Windows NT 10.0; Win64; x64) AppleWebKit/537.36 (KHTML, like Gecko) Chrome/149.0.0.0 Safari/537.36',NULL,NULL,'2026-06-25 03:19:31',NULL),('328374393732468736','328373289850376192','328373289850376195','admin','auth','LOGOUT','用户退出','POST','/api/auth/logout',NULL,200,1,NULL,NULL,'127.0.0.1','Mozilla/5.0 (Windows NT 10.0; Win64; x64) AppleWebKit/537.36 (KHTML, like Gecko) Chrome/149.0.0.0 Safari/537.36',NULL,NULL,'2026-06-25 03:22:37',NULL),('328374672985034752','328373289850376192','328373289850376195','admin','auth','LOGIN','用户登录','POST','/api/auth/login',NULL,200,1,NULL,NULL,'127.0.0.1','Mozilla/5.0 (Windows NT 10.0; Win64; x64) AppleWebKit/537.36 (KHTML, like Gecko) Chrome/149.0.0.0 Safari/537.36',NULL,NULL,'2026-06-25 03:23:44',NULL),('328374699442704384','328373289850376192','328373289850376195','admin','auth','LOGOUT','用户退出','POST','/api/auth/logout',NULL,200,1,NULL,NULL,'127.0.0.1','Mozilla/5.0 (Windows NT 10.0; Win64; x64) AppleWebKit/537.36 (KHTML, like Gecko) Chrome/149.0.0.0 Safari/537.36',NULL,NULL,'2026-06-25 03:23:50',NULL),('328374728362430464','000000','000001','superadmin','auth','LOGIN','用户登录','POST','/api/auth/login',NULL,200,1,NULL,NULL,'127.0.0.1','Mozilla/5.0 (Windows NT 10.0; Win64; x64) AppleWebKit/537.36 (KHTML, like Gecko) Chrome/149.0.0.0 Safari/537.36',NULL,NULL,'2026-06-25 03:23:57',NULL),('328374834344103936','000000','000001','superadmin','auth','LOGOUT','用户退出','POST','/api/auth/logout',NULL,200,1,NULL,NULL,'127.0.0.1','Mozilla/5.0 (Windows NT 10.0; Win64; x64) AppleWebKit/537.36 (KHTML, like Gecko) Chrome/149.0.0.0 Safari/537.36',NULL,NULL,'2026-06-25 03:24:23',NULL),('328374867810455552','328373289850376192','328373289850376195','admin','auth','LOGIN','用户登录','POST','/api/auth/login',NULL,200,1,NULL,NULL,'127.0.0.1','Mozilla/5.0 (Windows NT 10.0; Win64; x64) AppleWebKit/537.36 (KHTML, like Gecko) Chrome/149.0.0.0 Safari/537.36',NULL,NULL,'2026-06-25 03:24:30',NULL),('328375338629468160','328373289850376192','328373289850376195','admin','auth','LOGIN','用户登录','POST','/api/auth/login',NULL,200,1,NULL,NULL,'127.0.0.1','Mozilla/5.0 (Macintosh; Intel Mac OS X 10_15_7) AppleWebKit/537.36 (KHTML, like Gecko) Chrome/149.0.0.0 Safari/537.36',NULL,NULL,'2026-06-25 03:26:23',NULL),('328375561514782720','328373289850376192','328373289850376195','admin','auth','LOGOUT','用户退出','POST','/api/auth/logout',NULL,200,1,NULL,NULL,'127.0.0.1','Mozilla/5.0 (Macintosh; Intel Mac OS X 10_15_7) AppleWebKit/537.36 (KHTML, like Gecko) Chrome/149.0.0.0 Safari/537.36',NULL,NULL,'2026-06-25 03:27:16',NULL),('328375632713093120','000000','000001','superadmin','auth','LOGIN','用户登录','POST','/api/auth/login',NULL,200,1,NULL,NULL,'127.0.0.1','Mozilla/5.0 (Windows NT 10.0; Win64; x64) AppleWebKit/537.36 (KHTML, like Gecko) Chrome/149.0.0.0 Safari/537.36',NULL,NULL,'2026-06-25 03:27:33',NULL),('328375691768893440','328373289850376192','328373289850376195','admin','auth','LOGIN','用户登录','POST','/api/auth/login',NULL,200,1,NULL,NULL,'127.0.0.1','Mozilla/5.0 (Macintosh; Intel Mac OS X 10_15_7) AppleWebKit/537.36 (KHTML, like Gecko) Chrome/149.0.0.0 Safari/537.36',NULL,NULL,'2026-06-25 03:27:47',NULL),('328379050273935360','000000','000001','superadmin','auth','LOGIN','用户登录','POST','/api/auth/login',NULL,200,1,NULL,NULL,'10.12.1.216','Mozilla/5.0 (Windows NT 10.0; Win64; x64) AppleWebKit/537.36 (KHTML, like Gecko) Chrome/149.0.0.0 Safari/537.36',NULL,NULL,'2026-06-25 03:41:06',NULL),('328379051729358848','000000','000001','superadmin','auth','LOGIN','用户登录','POST','/api/auth/login',NULL,200,1,NULL,NULL,'10.12.1.216','Mozilla/5.0 (Windows NT 10.0; Win64; x64) AppleWebKit/537.36 (KHTML, like Gecko) Cursor/3.7.27 Chrome/142.0.7444.265 Electron/39.8.1 Safari/537.36',NULL,NULL,'2026-06-25 03:41:06',NULL),('328379135430889472','000000','000001','superadmin','auth','LOGIN','用户登录','POST','/api/auth/login',NULL,200,1,NULL,NULL,'10.12.1.216','Mozilla/5.0 (Windows NT 10.0; Win64; x64) AppleWebKit/537.36 (KHTML, like Gecko) Chrome/149.0.0.0 Safari/537.36',NULL,NULL,'2026-06-25 03:41:26',NULL),('328379522745503744','000000','000001','superadmin','auth','LOGIN','用户登录','POST','/api/auth/login',NULL,200,1,NULL,NULL,'10.12.1.216','Mozilla/5.0 (Windows NT 10.0; Win64; x64) AppleWebKit/537.36 (KHTML, like Gecko) Chrome/149.0.0.0 Safari/537.36',NULL,NULL,'2026-06-25 03:42:59',NULL),('328379655918850048','000000','000001','superadmin','auth','LOGIN','用户登录','POST','/api/auth/login',NULL,200,1,NULL,NULL,'10.12.1.216','Mozilla/5.0 (Windows NT 10.0; Win64; x64) AppleWebKit/537.36 (KHTML, like Gecko) Chrome/149.0.0.0 Safari/537.36',NULL,NULL,'2026-06-25 03:43:30',NULL),('328379969271107584','000000','000001','superadmin','package','ASSIGN_MENUS','分配菜单','PUT','/api/system/package/328373332758106112/menus','{\"packageId\":\"328373332758106112\",\"menuIds\":[\"000121\",\"000122\",\"000123\",\"000124\",\"000131\",\"000132\",\"000133\",\"000134\",\"000135\",\"000141\",\"000142\",\"000143\",\"000144\",\"000145\",\"000151\",\"000152\",\"000153\",\"000154\",\"000161\",\"000162\",\"000163\",\"000171\",\"000172\",\"000173\",\"000174\",\"000181\",\"000182\",\"000193\",\"000194\",\"000195\",\"000196\",\"000197\",\"000198\",\"325518182582456320\",\"325518338505707520\",\"325518440133693440\",\"325883052729438208\",\"327266832077688832\",\"327267036847804416\",\"327267207878938624\",\"327267345460498432\",\"327267400540098560\",\"327716763913555968\",\"business_finance_add_0001\",\"business_finance_edit_0001\",\"business_finance_export_0001\",\"business_finance_query_0001\",\"business_finance_remove_0001\",\"business_inventory_add_0001\",\"business_inventory_edit_0001\",\"business_inventory_export_0001\",\"business_inventory_query_0001\",\"business_inventory_remove_0001\",\"business_order_add_0001\",\"business_order_edit_0001\",\"business_order_export_0001\",\"business_order_query_0001\",\"business_order_remove_0001\",\"business_product_add_0001\",\"business_product_edit_0001\",\"business_product_export_0001\",\"business_product_query_0001\",\"business_product_remove_0001\",\"business_sales_add_0001\",\"business_sales_edit_0001\",\"business_sales_export_0001\",\"business_sales_query_0001\",\"business_sales_remove_0001\",\"file_manage_download_0001\",\"file_manage_remove_0001\",\"file_manage_upload_0001\",\"production_line_add_0001\",\"production_line_edit_0001\",\"production_line_export_0001\",\"production_line_query_0001\",\"production_line_remove_0001\",\"storage_config_add_0001\",\"storage_config_edit_0001\",\"storage_config_remove_0001\",\"000191\",\"000192\",\"000120\",\"000130\",\"000140\",\"000150\",\"000160\",\"000170\",\"000180\",\"000190\",\"storage_config_0001\",\"file_manage_0001\",\"production_line_0001\",\"business_order_0001\",\"business_product_0001\",\"business_finance_0001\",\"business_sales_0001\",\"business_inventory_0001\",\"000100\",\"file_center_0001\"]}',200,1,NULL,NULL,'127.0.0.1','Mozilla/5.0 (Windows NT 10.0; Win64; x64) AppleWebKit/537.36 (KHTML, like Gecko) Chrome/149.0.0.0 Safari/537.36',NULL,NULL,'2026-06-25 03:44:45',NULL),('328433678973800448','000000','000001','superadmin','auth','LOGIN','用户登录','POST','/api/auth/login',NULL,200,1,NULL,NULL,'127.0.0.1','Mozilla/5.0 (Windows NT 10.0; Win64; x64) AppleWebKit/537.36 (KHTML, like Gecko) Chrome/149.0.0.0 Safari/537.36',NULL,NULL,'2026-06-25 07:18:10',NULL),('328433753087152128','000000','000001','superadmin','auth','LOGIN','用户登录','POST','/api/auth/login',NULL,200,1,NULL,NULL,'10.12.1.216','Mozilla/5.0 (Windows NT 10.0; Win64; x64) AppleWebKit/537.36 (KHTML, like Gecko) Chrome/149.0.0.0 Safari/537.36 Edg/149.0.0.0',NULL,NULL,'2026-06-25 07:18:28',NULL),('328434020662775808','000000','000001','superadmin','auth','LOGIN','用户登录','POST','/api/auth/login',NULL,200,1,NULL,NULL,'10.12.1.216','Mozilla/5.0 (Windows NT 10.0; Win64; x64) AppleWebKit/537.36 (KHTML, like Gecko) Chrome/149.0.0.0 Safari/537.36 Edg/149.0.0.0',NULL,NULL,'2026-06-25 07:19:31',NULL),('328434466576011264','000000','328367322727321600','test123','auth','LOGIN','用户登录','POST','/api/auth/login',NULL,200,1,NULL,NULL,'127.0.0.1','Mozilla/5.0 (Windows NT 10.0; Win64; x64) AppleWebKit/537.36 (KHTML, like Gecko) Chrome/149.0.0.0 Safari/537.36',NULL,NULL,'2026-06-25 07:21:18',NULL),('328434821569318912','000000','000001','superadmin','auth','LOGIN','用户登录','POST','/api/auth/login',NULL,200,1,NULL,NULL,'10.12.1.216','Mozilla/5.0 (Windows NT 10.0; Win64; x64) AppleWebKit/537.36 (KHTML, like Gecko) Chrome/149.0.0.0 Safari/537.36',NULL,NULL,'2026-06-25 07:22:42',NULL);
/*!40000 ALTER TABLE `sys_operation_log` ENABLE KEYS */;
UNLOCK TABLES;

--
-- Table structure for table `sys_package`
--

DROP TABLE IF EXISTS `sys_package`;
/*!40101 SET @saved_cs_client     = @@character_set_client */;
/*!50503 SET character_set_client = utf8mb4 */;
CREATE TABLE `sys_package` (
  `package_id` varchar(32) NOT NULL COMMENT '套餐ID',
  `package_name` varchar(100) NOT NULL COMMENT '套餐名称',
  `status` char(1) NOT NULL DEFAULT '0' COMMENT '0正常 1停用',
  `remark` varchar(500) DEFAULT NULL COMMENT '备注',
  `create_time` datetime NOT NULL DEFAULT CURRENT_TIMESTAMP COMMENT '创建时间',
  `update_time` datetime DEFAULT CURRENT_TIMESTAMP ON UPDATE CURRENT_TIMESTAMP COMMENT '更新时间',
  PRIMARY KEY (`package_id`)
) ENGINE=InnoDB DEFAULT CHARSET=utf8mb4 COLLATE=utf8mb4_0900_ai_ci COMMENT='租户套餐表';
/*!40101 SET character_set_client = @saved_cs_client */;

--
-- Dumping data for table `sys_package`
--

LOCK TABLES `sys_package` WRITE;
/*!40000 ALTER TABLE `sys_package` DISABLE KEYS */;
INSERT INTO `sys_package` VALUES ('327706048414748672','测试租户','0','测试','2026-06-23 07:06:50','2026-06-23 07:06:50'),('328373332758106112','生成管理','0',NULL,'2026-06-25 03:18:25','2026-06-25 03:18:25'),('P001','0','0','000000 平台租户使用，拥有全部菜单权限','2026-06-11 00:58:56','2026-06-12 02:05:18'),('P100','租户标准版套餐','0','普通租户标准版，默认不包含租户管理','2026-06-11 00:58:56','2026-06-11 00:58:56');
/*!40000 ALTER TABLE `sys_package` ENABLE KEYS */;
UNLOCK TABLES;

--
-- Table structure for table `sys_package_menu`
--

DROP TABLE IF EXISTS `sys_package_menu`;
/*!40101 SET @saved_cs_client     = @@character_set_client */;
/*!50503 SET character_set_client = utf8mb4 */;
CREATE TABLE `sys_package_menu` (
  `package_id` varchar(32) NOT NULL COMMENT '套餐ID',
  `menu_id` varchar(32) NOT NULL COMMENT '菜单ID',
  PRIMARY KEY (`package_id`,`menu_id`),
  KEY `idx_package_menu_menu` (`menu_id`)
) ENGINE=InnoDB DEFAULT CHARSET=utf8mb4 COLLATE=utf8mb4_0900_ai_ci COMMENT='套餐菜单关联表';
/*!40101 SET character_set_client = @saved_cs_client */;

--
-- Dumping data for table `sys_package_menu`
--

LOCK TABLES `sys_package_menu` WRITE;
/*!40000 ALTER TABLE `sys_package_menu` DISABLE KEYS */;
INSERT INTO `sys_package_menu` VALUES ('327706048414748672','000100'),('328373332758106112','000100'),('P001','000100'),('P100','000100'),('P001','000110'),('P001','000111'),('P001','000112'),('P001','000113'),('P001','000114'),('P001','000115'),('P001','000116'),('P001','000117'),('P001','000118'),('P001','000119'),('P001','00011A'),('327706048414748672','000120'),('328373332758106112','000120'),('P001','000120'),('P100','000120'),('327706048414748672','000121'),('328373332758106112','000121'),('P001','000121'),('P100','000121'),('327706048414748672','000122'),('328373332758106112','000122'),('P001','000122'),('P100','000122'),('327706048414748672','000123'),('328373332758106112','000123'),('P001','000123'),('P100','000123'),('327706048414748672','000124'),('328373332758106112','000124'),('P001','000124'),('P100','000124'),('327706048414748672','000130'),('328373332758106112','000130'),('P001','000130'),('P100','000130'),('327706048414748672','000131'),('328373332758106112','000131'),('P001','000131'),('P100','000131'),('327706048414748672','000132'),('328373332758106112','000132'),('P001','000132'),('P100','000132'),('327706048414748672','000133'),('328373332758106112','000133'),('P001','000133'),('P100','000133'),('327706048414748672','000134'),('328373332758106112','000134'),('P001','000134'),('P100','000134'),('327706048414748672','000135'),('328373332758106112','000135'),('P001','000135'),('P100','000135'),('327706048414748672','000140'),('328373332758106112','000140'),('P001','000140'),('P100','000140'),('327706048414748672','000141'),('328373332758106112','000141'),('P001','000141'),('P100','000141'),('327706048414748672','000142'),('328373332758106112','000142'),('P001','000142'),('P100','000142'),('327706048414748672','000143'),('328373332758106112','000143'),('P001','000143'),('P100','000143'),('327706048414748672','000144'),('328373332758106112','000144'),('P001','000144'),('P100','000144'),('327706048414748672','000145'),('328373332758106112','000145'),('P001','000145'),('P100','000145'),('328373332758106112','000150'),('P001','000150'),('328373332758106112','000151'),('P001','000151'),('328373332758106112','000152'),('P001','000152'),('328373332758106112','000153'),('P001','000153'),('328373332758106112','000154'),('P001','000154'),('327706048414748672','000160'),('328373332758106112','000160'),('P001','000160'),('P100','000160'),('327706048414748672','000161'),('328373332758106112','000161'),('P001','000161'),('P100','000161'),('327706048414748672','000162'),('328373332758106112','000162'),('P001','000162'),('P100','000162'),('327706048414748672','000163'),('328373332758106112','000163'),('P001','000163'),('P100','000163'),('328373332758106112','000170'),('P001','000170'),('328373332758106112','000171'),('P001','000171'),('328373332758106112','000172'),('P001','000172'),('328373332758106112','000173'),('P001','000173'),('328373332758106112','000174'),('P001','000174'),('327706048414748672','000180'),('328373332758106112','000180'),('P001','000180'),('P100','000180'),('327706048414748672','000181'),('328373332758106112','000181'),('P001','000181'),('P100','000181'),('327706048414748672','000182'),('328373332758106112','000182'),('P001','000182'),('P100','000182'),('327706048414748672','000190'),('328373332758106112','000190'),('P001','000190'),('P100','000190'),('327706048414748672','000191'),('328373332758106112','000191'),('P001','000191'),('P100','000191'),('327706048414748672','000192'),('328373332758106112','000192'),('P001','000192'),('P100','000192'),('327706048414748672','000193'),('328373332758106112','000193'),('P001','000193'),('P100','000193'),('327706048414748672','000194'),('328373332758106112','000194'),('P001','000194'),('P100','000194'),('327706048414748672','000195'),('328373332758106112','000195'),('P001','000195'),('P100','000195'),('327706048414748672','000196'),('328373332758106112','000196'),('P001','000196'),('P100','000196'),('327706048414748672','000197'),('328373332758106112','000197'),('P001','000197'),('P100','000197'),('327706048414748672','000198'),('328373332758106112','000198'),('P001','000198'),('P100','000198'),('327706048414748672','325518182582456320'),('328373332758106112','325518182582456320'),('P001','325518182582456320'),('327706048414748672','325518338505707520'),('328373332758106112','325518338505707520'),('P001','325518338505707520'),('328373332758106112','325518440133693440'),('P001','325518440133693440'),('328373332758106112','325883052729438208'),('327706048414748672','327266832077688832'),('328373332758106112','327266832077688832'),('P001','327266832077688832'),('327706048414748672','327267036847804416'),('328373332758106112','327267036847804416'),('P001','327267036847804416'),('328373332758106112','327267207878938624'),('P001','327267207878938624'),('327706048414748672','327267345460498432'),('328373332758106112','327267345460498432'),('P001','327267345460498432'),('327706048414748672','327267400540098560'),('328373332758106112','327267400540098560'),('P001','327267400540098560'),('327706048414748672','327716763913555968'),('328373332758106112','327716763913555968'),('P001','327716763913555968'),('P100','327716763913555968'),('P001','328003277641879552'),('P100','328003277641879552'),('P001','328003748184068096'),('P100','328003748184068096'),('P001','328011351035351040'),('P100','328011351035351040'),('P001','328011617474318336'),('P100','328011617474318336'),('P001','328011837230682112'),('P100','328011837230682112'),('P001','328012120165847040'),('P100','328012120165847040'),('P001','328055290455003136'),('P100','328055290455003136'),('P001','328055365851811840'),('P100','328055365851811840'),('P001','328055449779834880'),('P100','328055449779834880'),('P001','328055532650893312'),('P100','328055532650893312'),('327706048414748672','business_finance_0001'),('328373332758106112','business_finance_0001'),('P001','business_finance_0001'),('327706048414748672','business_finance_add_0001'),('328373332758106112','business_finance_add_0001'),('P001','business_finance_add_0001'),('327706048414748672','business_finance_edit_0001'),('328373332758106112','business_finance_edit_0001'),('P001','business_finance_edit_0001'),('327706048414748672','business_finance_export_0001'),('328373332758106112','business_finance_export_0001'),('P001','business_finance_export_0001'),('327706048414748672','business_finance_query_0001'),('328373332758106112','business_finance_query_0001'),('P001','business_finance_query_0001'),('327706048414748672','business_finance_remove_0001'),('328373332758106112','business_finance_remove_0001'),('P001','business_finance_remove_0001'),('327706048414748672','business_inventory_0001'),('328373332758106112','business_inventory_0001'),('P001','business_inventory_0001'),('327706048414748672','business_inventory_add_0001'),('328373332758106112','business_inventory_add_0001'),('P001','business_inventory_add_0001'),('327706048414748672','business_inventory_edit_0001'),('328373332758106112','business_inventory_edit_0001'),('P001','business_inventory_edit_0001'),('327706048414748672','business_inventory_export_0001'),('328373332758106112','business_inventory_export_0001'),('P001','business_inventory_export_0001'),('327706048414748672','business_inventory_query_0001'),('328373332758106112','business_inventory_query_0001'),('P001','business_inventory_query_0001'),('327706048414748672','business_inventory_remove_0001'),('328373332758106112','business_inventory_remove_0001'),('P001','business_inventory_remove_0001'),('327706048414748672','business_order_0001'),('328373332758106112','business_order_0001'),('P001','business_order_0001'),('327706048414748672','business_order_add_0001'),('328373332758106112','business_order_add_0001'),('P001','business_order_add_0001'),('327706048414748672','business_order_edit_0001'),('328373332758106112','business_order_edit_0001'),('P001','business_order_edit_0001'),('327706048414748672','business_order_export_0001'),('328373332758106112','business_order_export_0001'),('P001','business_order_export_0001'),('327706048414748672','business_order_query_0001'),('328373332758106112','business_order_query_0001'),('P001','business_order_query_0001'),('327706048414748672','business_order_remove_0001'),('328373332758106112','business_order_remove_0001'),('P001','business_order_remove_0001'),('327706048414748672','business_product_0001'),('328373332758106112','business_product_0001'),('P001','business_product_0001'),('327706048414748672','business_product_add_0001'),('328373332758106112','business_product_add_0001'),('P001','business_product_add_0001'),('327706048414748672','business_product_edit_0001'),('328373332758106112','business_product_edit_0001'),('P001','business_product_edit_0001'),('327706048414748672','business_product_export_0001'),('328373332758106112','business_product_export_0001'),('P001','business_product_export_0001'),('327706048414748672','business_product_query_0001'),('328373332758106112','business_product_query_0001'),('P001','business_product_query_0001'),('327706048414748672','business_product_remove_0001'),('328373332758106112','business_product_remove_0001'),('P001','business_product_remove_0001'),('327706048414748672','business_sales_0001'),('328373332758106112','business_sales_0001'),('P001','business_sales_0001'),('327706048414748672','business_sales_add_0001'),('328373332758106112','business_sales_add_0001'),('P001','business_sales_add_0001'),('327706048414748672','business_sales_edit_0001'),('328373332758106112','business_sales_edit_0001'),('P001','business_sales_edit_0001'),('327706048414748672','business_sales_export_0001'),('328373332758106112','business_sales_export_0001'),('P001','business_sales_export_0001'),('327706048414748672','business_sales_query_0001'),('328373332758106112','business_sales_query_0001'),('P001','business_sales_query_0001'),('327706048414748672','business_sales_remove_0001'),('328373332758106112','business_sales_remove_0001'),('P001','business_sales_remove_0001'),('327706048414748672','file_center_0001'),('328373332758106112','file_center_0001'),('P001','file_center_0001'),('P100','file_center_0001'),('327706048414748672','file_manage_0001'),('328373332758106112','file_manage_0001'),('P001','file_manage_0001'),('P100','file_manage_0001'),('327706048414748672','file_manage_download_0001'),('328373332758106112','file_manage_download_0001'),('P001','file_manage_download_0001'),('P100','file_manage_download_0001'),('327706048414748672','file_manage_remove_0001'),('328373332758106112','file_manage_remove_0001'),('P001','file_manage_remove_0001'),('P100','file_manage_remove_0001'),('327706048414748672','file_manage_upload_0001'),('328373332758106112','file_manage_upload_0001'),('P001','file_manage_upload_0001'),('P100','file_manage_upload_0001'),('327706048414748672','production_line_0001'),('328373332758106112','production_line_0001'),('P001','production_line_0001'),('327706048414748672','production_line_add_0001'),('328373332758106112','production_line_add_0001'),('P001','production_line_add_0001'),('327706048414748672','production_line_edit_0001'),('328373332758106112','production_line_edit_0001'),('P001','production_line_edit_0001'),('327706048414748672','production_line_export_0001'),('328373332758106112','production_line_export_0001'),('P001','production_line_export_0001'),('327706048414748672','production_line_query_0001'),('328373332758106112','production_line_query_0001'),('P001','production_line_query_0001'),('327706048414748672','production_line_remove_0001'),('328373332758106112','production_line_remove_0001'),('P001','production_line_remove_0001'),('327706048414748672','storage_config_0001'),('328373332758106112','storage_config_0001'),('P001','storage_config_0001'),('P100','storage_config_0001'),('327706048414748672','storage_config_add_0001'),('328373332758106112','storage_config_add_0001'),('P001','storage_config_add_0001'),('P100','storage_config_add_0001'),('327706048414748672','storage_config_edit_0001'),('328373332758106112','storage_config_edit_0001'),('P001','storage_config_edit_0001'),('P100','storage_config_edit_0001'),('327706048414748672','storage_config_remove_0001'),('328373332758106112','storage_config_remove_0001'),('P001','storage_config_remove_0001'),('P100','storage_config_remove_0001');
/*!40000 ALTER TABLE `sys_package_menu` ENABLE KEYS */;
UNLOCK TABLES;

--
-- Table structure for table `sys_role`
--

DROP TABLE IF EXISTS `sys_role`;
/*!40101 SET @saved_cs_client     = @@character_set_client */;
/*!50503 SET character_set_client = utf8mb4 */;
CREATE TABLE `sys_role` (
  `role_id` varchar(32) NOT NULL COMMENT '角色ID',
  `tenant_id` varchar(32) NOT NULL COMMENT '租户ID',
  `role_name` varchar(50) NOT NULL COMMENT '角色名称',
  `role_key` varchar(50) NOT NULL COMMENT '角色标识',
  `sort_num` int NOT NULL DEFAULT '0' COMMENT '排序',
  `status` char(1) NOT NULL DEFAULT '0' COMMENT '0正常 1停用',
  `remark` varchar(500) DEFAULT NULL COMMENT '备注',
  `deleted` tinyint NOT NULL DEFAULT '0' COMMENT '逻辑删除',
  `create_time` datetime NOT NULL DEFAULT CURRENT_TIMESTAMP COMMENT '创建时间',
  `update_time` datetime DEFAULT CURRENT_TIMESTAMP ON UPDATE CURRENT_TIMESTAMP COMMENT '更新时间',
  PRIMARY KEY (`role_id`),
  UNIQUE KEY `uk_role_tenant_key` (`tenant_id`,`role_key`),
  KEY `idx_role_tenant` (`tenant_id`)
) ENGINE=InnoDB DEFAULT CHARSET=utf8mb4 COLLATE=utf8mb4_0900_ai_ci COMMENT='角色表';
/*!40101 SET character_set_client = @saved_cs_client */;

--
-- Dumping data for table `sys_role`
--

LOCK TABLES `sys_role` WRITE;
/*!40000 ALTER TABLE `sys_role` DISABLE KEYS */;
INSERT INTO `sys_role` VALUES ('000001','000000','超级管理员','admin',1,'0','平台超级管理员角色',0,'2026-06-11 00:58:56','2026-06-11 00:58:56'),('100001','100000','租户管理员','tenant_admin',1,'0','默认租户管理员角色',0,'2026-06-11 00:58:56','2026-06-11 00:58:56'),('100002','100000','普通用户','user',2,'0','默认租户普通用户角色',0,'2026-06-11 00:58:56','2026-06-11 00:58:56'),('323300594838278144','000000','用户A','user:A',1,'0','普通用户',0,'2026-06-11 03:21:08','2026-06-11 03:21:08'),('323304627162451968','000000','用户B','用户B',0,'0',NULL,0,'2026-06-11 03:37:09','2026-06-11 03:37:09'),('323642966914764800','000000','用户C','用户c',0,'0',NULL,0,'2026-06-12 02:01:36','2026-06-12 06:33:14'),('327707622562205698','327707622562205696','租户管理员','tenant_admin',1,'0','租户默认管理员角色',0,'2026-06-23 07:13:06','2026-06-23 07:13:06'),('327714018372489216','327707622562205696','销售用','sales',1,'0',NULL,0,'2026-06-23 07:38:30','2026-06-23 07:38:30'),('327722727416926210','327722727416926208','租户管理员','tenant_admin',1,'0','租户默认管理员角色',0,'2026-06-23 08:13:07','2026-06-23 08:13:07'),('328366891737419776','000000','气象测试','qx:test',0,'0',NULL,0,'2026-06-25 02:52:49','2026-06-25 02:52:49'),('328373289850376194','328373289850376192','租户管理员','tenant_admin',1,'0','租户默认管理员角色',0,'2026-06-25 03:18:15','2026-06-25 03:18:15');
/*!40000 ALTER TABLE `sys_role` ENABLE KEYS */;
UNLOCK TABLES;

--
-- Table structure for table `sys_role_menu`
--

DROP TABLE IF EXISTS `sys_role_menu`;
/*!40101 SET @saved_cs_client     = @@character_set_client */;
/*!50503 SET character_set_client = utf8mb4 */;
CREATE TABLE `sys_role_menu` (
  `role_id` varchar(32) NOT NULL COMMENT '角色ID',
  `menu_id` varchar(32) NOT NULL COMMENT '菜单ID',
  PRIMARY KEY (`role_id`,`menu_id`)
) ENGINE=InnoDB DEFAULT CHARSET=utf8mb4 COLLATE=utf8mb4_0900_ai_ci COMMENT='角色菜单关联表';
/*!40101 SET character_set_client = @saved_cs_client */;

--
-- Dumping data for table `sys_role_menu`
--

LOCK TABLES `sys_role_menu` WRITE;
/*!40000 ALTER TABLE `sys_role_menu` DISABLE KEYS */;
INSERT INTO `sys_role_menu` VALUES ('000001','000100'),('000001','000110'),('000001','000111'),('000001','000112'),('000001','000113'),('000001','000114'),('000001','000115'),('000001','000116'),('000001','000117'),('000001','000118'),('000001','000119'),('000001','00011A'),('000001','000120'),('000001','000121'),('000001','000122'),('000001','000123'),('000001','000124'),('000001','000130'),('000001','000131'),('000001','000132'),('000001','000133'),('000001','000134'),('000001','000135'),('000001','000140'),('000001','000141'),('000001','000142'),('000001','000143'),('000001','000144'),('000001','000145'),('000001','000150'),('000001','000151'),('000001','000152'),('000001','000153'),('000001','000154'),('000001','000160'),('000001','000161'),('000001','000162'),('000001','000163'),('000001','000170'),('000001','000171'),('000001','000172'),('000001','000173'),('000001','000174'),('000001','000180'),('000001','000181'),('000001','000182'),('000001','000190'),('000001','000191'),('000001','000192'),('000001','000193'),('000001','000194'),('000001','000195'),('000001','000196'),('000001','000197'),('000001','000198'),('000001','325518182582456320'),('000001','325518338505707520'),('000001','325518440133693440'),('000001','325883052729438208'),('000001','327266832077688832'),('000001','327267036847804416'),('000001','327267207878938624'),('000001','327267345460498432'),('000001','327267400540098560'),('000001','328003277641879552'),('000001','328003748184068096'),('000001','328011351035351040'),('000001','328011617474318336'),('000001','328011837230682112'),('000001','328012120165847040'),('000001','business_finance_0001'),('000001','business_finance_add_0001'),('000001','business_finance_edit_0001'),('000001','business_finance_export_0001'),('000001','business_finance_query_0001'),('000001','business_finance_remove_0001'),('000001','business_inventory_0001'),('000001','business_inventory_add_0001'),('000001','business_inventory_edit_0001'),('000001','business_inventory_export_0001'),('000001','business_inventory_query_0001'),('000001','business_inventory_remove_0001'),('000001','business_order_0001'),('000001','business_order_add_0001'),('000001','business_order_edit_0001'),('000001','business_order_export_0001'),('000001','business_order_query_0001'),('000001','business_order_remove_0001'),('000001','business_product_0001'),('000001','business_product_add_0001'),('000001','business_product_edit_0001'),('000001','business_product_export_0001'),('000001','business_product_query_0001'),('000001','business_product_remove_0001'),('000001','business_sales_0001'),('000001','business_sales_add_0001'),('000001','business_sales_edit_0001'),('000001','business_sales_export_0001'),('000001','business_sales_query_0001'),('000001','business_sales_remove_0001'),('000001','file_center_0001'),('000001','file_manage_0001'),('000001','file_manage_download_0001'),('000001','file_manage_remove_0001'),('000001','file_manage_upload_0001'),('000001','production_line_0001'),('000001','production_line_add_0001'),('000001','production_line_edit_0001'),('000001','production_line_export_0001'),('000001','production_line_query_0001'),('000001','production_line_remove_0001'),('000001','storage_config_0001'),('000001','storage_config_add_0001'),('000001','storage_config_edit_0001'),('000001','storage_config_remove_0001'),('100001','000100'),('100001','000120'),('100001','000121'),('100001','000122'),('100001','000123'),('100001','000124'),('100001','000130'),('100001','000131'),('100001','000132'),('100001','000133'),('100001','000134'),('100001','000135'),('100001','000140'),('100001','000141'),('100001','000142'),('100001','000143'),('100001','000144'),('100001','000145'),('100001','000160'),('100001','000161'),('100001','000162'),('100001','000163'),('100001','000180'),('100001','000181'),('100001','000182'),('100001','000190'),('100001','000191'),('100001','000192'),('100001','000193'),('100001','000194'),('100001','000195'),('100001','000196'),('100001','000197'),('100001','000198'),('100001','business_finance_0001'),('100001','business_finance_add_0001'),('100001','business_finance_edit_0001'),('100001','business_finance_export_0001'),('100001','business_finance_query_0001'),('100001','business_finance_remove_0001'),('100001','business_inventory_0001'),('100001','business_inventory_add_0001'),('100001','business_inventory_edit_0001'),('100001','business_inventory_export_0001'),('100001','business_inventory_query_0001'),('100001','business_inventory_remove_0001'),('100001','business_order_0001'),('100001','business_order_add_0001'),('100001','business_order_edit_0001'),('100001','business_order_export_0001'),('100001','business_order_query_0001'),('100001','business_order_remove_0001'),('100001','business_product_0001'),('100001','business_product_add_0001'),('100001','business_product_edit_0001'),('100001','business_product_export_0001'),('100001','business_product_query_0001'),('100001','business_product_remove_0001'),('100001','business_sales_0001'),('100001','business_sales_add_0001'),('100001','business_sales_edit_0001'),('100001','business_sales_export_0001'),('100001','business_sales_query_0001'),('100001','business_sales_remove_0001'),('100001','file_center_0001'),('100001','file_manage_0001'),('100001','file_manage_download_0001'),('100001','file_manage_remove_0001'),('100001','file_manage_upload_0001'),('100001','production_line_0001'),('100001','production_line_add_0001'),('100001','production_line_edit_0001'),('100001','production_line_export_0001'),('100001','production_line_query_0001'),('100001','production_line_remove_0001'),('100002','000100'),('100002','000120'),('100002','000121'),('100002','000130'),('100002','000131'),('100002','000160'),('100002','000161'),('323642966914764800','000100'),('323642966914764800','000120'),('323642966914764800','000121'),('323642966914764800','000130'),('323642966914764800','000131'),('323642966914764800','000160'),('323642966914764800','000161'),('323642966914764800','000163'),('323642966914764800','000180'),('323642966914764800','000181'),('327707622562205698','000100'),('327707622562205698','000120'),('327707622562205698','000121'),('327707622562205698','000122'),('327707622562205698','000123'),('327707622562205698','000124'),('327707622562205698','000130'),('327707622562205698','000131'),('327707622562205698','000132'),('327707622562205698','000133'),('327707622562205698','000134'),('327707622562205698','000135'),('327707622562205698','000140'),('327707622562205698','000141'),('327707622562205698','000142'),('327707622562205698','000143'),('327707622562205698','000144'),('327707622562205698','000145'),('327707622562205698','000160'),('327707622562205698','000161'),('327707622562205698','000162'),('327707622562205698','000163'),('327707622562205698','000180'),('327707622562205698','000181'),('327707622562205698','000182'),('327707622562205698','000190'),('327707622562205698','000191'),('327707622562205698','000192'),('327707622562205698','000193'),('327707622562205698','000194'),('327707622562205698','000195'),('327707622562205698','000196'),('327707622562205698','000197'),('327707622562205698','000198'),('327707622562205698','325518182582456320'),('327707622562205698','325518338505707520'),('327707622562205698','327266832077688832'),('327707622562205698','327267036847804416'),('327707622562205698','327267345460498432'),('327707622562205698','327267400540098560'),('327707622562205698','327716763913555968'),('327707622562205698','business_finance_0001'),('327707622562205698','business_finance_add_0001'),('327707622562205698','business_finance_edit_0001'),('327707622562205698','business_finance_export_0001'),('327707622562205698','business_finance_query_0001'),('327707622562205698','business_finance_remove_0001'),('327707622562205698','business_inventory_0001'),('327707622562205698','business_inventory_add_0001'),('327707622562205698','business_inventory_edit_0001'),('327707622562205698','business_inventory_export_0001'),('327707622562205698','business_inventory_query_0001'),('327707622562205698','business_inventory_remove_0001'),('327707622562205698','business_order_0001'),('327707622562205698','business_order_add_0001'),('327707622562205698','business_order_edit_0001'),('327707622562205698','business_order_export_0001'),('327707622562205698','business_order_query_0001'),('327707622562205698','business_order_remove_0001'),('327707622562205698','business_product_0001'),('327707622562205698','business_product_add_0001'),('327707622562205698','business_product_edit_0001'),('327707622562205698','business_product_export_0001'),('327707622562205698','business_product_query_0001'),('327707622562205698','business_product_remove_0001'),('327707622562205698','business_sales_0001'),('327707622562205698','business_sales_add_0001'),('327707622562205698','business_sales_edit_0001'),('327707622562205698','business_sales_export_0001'),('327707622562205698','business_sales_query_0001'),('327707622562205698','business_sales_remove_0001'),('327707622562205698','file_center_0001'),('327707622562205698','file_manage_0001'),('327707622562205698','file_manage_download_0001'),('327707622562205698','file_manage_remove_0001'),('327707622562205698','file_manage_upload_0001'),('327707622562205698','production_line_0001'),('327707622562205698','production_line_add_0001'),('327707622562205698','production_line_edit_0001'),('327707622562205698','production_line_export_0001'),('327707622562205698','production_line_query_0001'),('327707622562205698','production_line_remove_0001'),('327707622562205698','storage_config_0001'),('327707622562205698','storage_config_add_0001'),('327707622562205698','storage_config_edit_0001'),('327707622562205698','storage_config_remove_0001'),('327722727416926210','000100'),('327722727416926210','000120'),('327722727416926210','000121'),('327722727416926210','000122'),('327722727416926210','000123'),('327722727416926210','000124'),('327722727416926210','000130'),('327722727416926210','000131'),('327722727416926210','000132'),('327722727416926210','000133'),('327722727416926210','000134'),('327722727416926210','000135'),('327722727416926210','000140'),('327722727416926210','000141'),('327722727416926210','000142'),('327722727416926210','000143'),('327722727416926210','000144'),('327722727416926210','000145'),('327722727416926210','000160'),('327722727416926210','000161'),('327722727416926210','000162'),('327722727416926210','000163'),('327722727416926210','000180'),('327722727416926210','000181'),('327722727416926210','000182'),('327722727416926210','000190'),('327722727416926210','000191'),('327722727416926210','000192'),('327722727416926210','000193'),('327722727416926210','000194'),('327722727416926210','000195'),('327722727416926210','000196'),('327722727416926210','000197'),('327722727416926210','000198'),('327722727416926210','327716763913555968'),('327722727416926210','328003277641879552'),('327722727416926210','328003748184068096'),('327722727416926210','328011351035351040'),('327722727416926210','328011617474318336'),('327722727416926210','328011837230682112'),('327722727416926210','328012120165847040'),('327722727416926210','328055290455003136'),('327722727416926210','328055365851811840'),('327722727416926210','328055449779834880'),('327722727416926210','328055532650893312'),('327722727416926210','file_center_0001'),('327722727416926210','file_manage_0001'),('327722727416926210','file_manage_download_0001'),('327722727416926210','file_manage_remove_0001'),('327722727416926210','file_manage_upload_0001'),('327722727416926210','storage_config_0001'),('327722727416926210','storage_config_add_0001'),('327722727416926210','storage_config_edit_0001'),('327722727416926210','storage_config_remove_0001'),('328366891737419776','000100'),('328366891737419776','000160'),('328366891737419776','000161'),('328366891737419776','000162'),('328366891737419776','000163'),('328366891737419776','000180'),('328366891737419776','000181'),('328366891737419776','000182'),('328366891737419776','327267036847804416'),('328366891737419776','327716763913555968'),('328366891737419776','328003277641879552'),('328366891737419776','328003748184068096'),('328366891737419776','328011351035351040'),('328366891737419776','328011617474318336'),('328366891737419776','328011837230682112'),('328366891737419776','328012120165847040'),('328366891737419776','328055290455003136'),('328366891737419776','328055365851811840'),('328366891737419776','328055449779834880'),('328366891737419776','328055532650893312'),('328373289850376194','000100'),('328373289850376194','000110'),('328373289850376194','000111'),('328373289850376194','000112'),('328373289850376194','000113'),('328373289850376194','000114'),('328373289850376194','000115'),('328373289850376194','000116'),('328373289850376194','000117'),('328373289850376194','000118'),('328373289850376194','000119'),('328373289850376194','00011A'),('328373289850376194','000120'),('328373289850376194','000121'),('328373289850376194','000122'),('328373289850376194','000123'),('328373289850376194','000124'),('328373289850376194','000130'),('328373289850376194','000131'),('328373289850376194','000132'),('328373289850376194','000133'),('328373289850376194','000134'),('328373289850376194','000135'),('328373289850376194','000140'),('328373289850376194','000141'),('328373289850376194','000142'),('328373289850376194','000143'),('328373289850376194','000144'),('328373289850376194','000145'),('328373289850376194','000150'),('328373289850376194','000151'),('328373289850376194','000152'),('328373289850376194','000153'),('328373289850376194','000154'),('328373289850376194','000160'),('328373289850376194','000161'),('328373289850376194','000162'),('328373289850376194','000163'),('328373289850376194','000170'),('328373289850376194','000171'),('328373289850376194','000172'),('328373289850376194','000173'),('328373289850376194','000174'),('328373289850376194','000180'),('328373289850376194','000181'),('328373289850376194','000182'),('328373289850376194','000190'),('328373289850376194','000191'),('328373289850376194','000192'),('328373289850376194','000193'),('328373289850376194','000194'),('328373289850376194','000195'),('328373289850376194','000196'),('328373289850376194','000197'),('328373289850376194','000198'),('328373289850376194','325518182582456320'),('328373289850376194','325518338505707520'),('328373289850376194','325518440133693440'),('328373289850376194','325883052729438208'),('328373289850376194','327266832077688832'),('328373289850376194','327267036847804416'),('328373289850376194','327267207878938624'),('328373289850376194','327267345460498432'),('328373289850376194','327267400540098560'),('328373289850376194','327716763913555968'),('328373289850376194','business_finance_0001'),('328373289850376194','business_finance_add_0001'),('328373289850376194','business_finance_edit_0001'),('328373289850376194','business_finance_export_0001'),('328373289850376194','business_finance_query_0001'),('328373289850376194','business_finance_remove_0001'),('328373289850376194','business_inventory_0001'),('328373289850376194','business_inventory_add_0001'),('328373289850376194','business_inventory_edit_0001'),('328373289850376194','business_inventory_export_0001'),('328373289850376194','business_inventory_query_0001'),('328373289850376194','business_inventory_remove_0001'),('328373289850376194','business_order_0001'),('328373289850376194','business_order_add_0001'),('328373289850376194','business_order_edit_0001'),('328373289850376194','business_order_export_0001'),('328373289850376194','business_order_query_0001'),('328373289850376194','business_order_remove_0001'),('328373289850376194','business_product_0001'),('328373289850376194','business_product_add_0001'),('328373289850376194','business_product_edit_0001'),('328373289850376194','business_product_export_0001'),('328373289850376194','business_product_query_0001'),('328373289850376194','business_product_remove_0001'),('328373289850376194','business_sales_0001'),('328373289850376194','business_sales_add_0001'),('328373289850376194','business_sales_edit_0001'),('328373289850376194','business_sales_export_0001'),('328373289850376194','business_sales_query_0001'),('328373289850376194','business_sales_remove_0001'),('328373289850376194','file_center_0001'),('328373289850376194','file_manage_0001'),('328373289850376194','file_manage_download_0001'),('328373289850376194','file_manage_remove_0001'),('328373289850376194','file_manage_upload_0001'),('328373289850376194','production_line_0001'),('328373289850376194','production_line_add_0001'),('328373289850376194','production_line_edit_0001'),('328373289850376194','production_line_export_0001'),('328373289850376194','production_line_query_0001'),('328373289850376194','production_line_remove_0001'),('328373289850376194','storage_config_0001'),('328373289850376194','storage_config_add_0001'),('328373289850376194','storage_config_edit_0001'),('328373289850376194','storage_config_remove_0001');
/*!40000 ALTER TABLE `sys_role_menu` ENABLE KEYS */;
UNLOCK TABLES;

--
-- Table structure for table `sys_search_index`
--

DROP TABLE IF EXISTS `sys_search_index`;
/*!40101 SET @saved_cs_client     = @@character_set_client */;
/*!50503 SET character_set_client = utf8mb4 */;
CREATE TABLE `sys_search_index` (
  `index_id` varchar(128) NOT NULL COMMENT '索引ID',
  `tenant_id` varchar(32) NOT NULL COMMENT '租户ID',
  `module_key` varchar(64) NOT NULL COMMENT '模块标识',
  `module_name` varchar(64) NOT NULL COMMENT '模块名称',
  `biz_id` varchar(64) NOT NULL COMMENT '业务主键ID',
  `title` varchar(255) NOT NULL COMMENT '搜索标题',
  `subtitle` varchar(255) DEFAULT NULL COMMENT '搜索副标题',
  `content` text COMMENT '搜索内容',
  `permission` varchar(128) NOT NULL COMMENT '搜索权限标识',
  `route_path` varchar(255) DEFAULT NULL COMMENT '前端跳转路径',
  `owner_id` varchar(32) DEFAULT NULL COMMENT '数据所属用户ID',
  `dept_id` varchar(32) DEFAULT NULL COMMENT '部门ID',
  `created_by` varchar(32) DEFAULT NULL COMMENT '创建人',
  `status` varchar(8) DEFAULT '0' COMMENT '状态：0正常 1停用',
  `deleted` tinyint DEFAULT '0' COMMENT '删除标记：0正常 1删除',
  `source_table` varchar(128) DEFAULT NULL COMMENT '来源业务表',
  `create_time` datetime DEFAULT CURRENT_TIMESTAMP COMMENT '创建时间',
  `update_time` datetime DEFAULT CURRENT_TIMESTAMP ON UPDATE CURRENT_TIMESTAMP COMMENT '更新时间',
  PRIMARY KEY (`index_id`),
  KEY `idx_search_tenant_module` (`tenant_id`,`module_key`),
  KEY `idx_search_tenant_permission` (`tenant_id`,`permission`),
  KEY `idx_search_tenant_status_deleted` (`tenant_id`,`status`,`deleted`),
  KEY `idx_search_owner` (`tenant_id`,`owner_id`),
  KEY `idx_search_created_by` (`tenant_id`,`created_by`),
  KEY `idx_search_dept` (`tenant_id`,`dept_id`),
  KEY `idx_search_biz` (`tenant_id`,`module_key`,`biz_id`),
  KEY `idx_search_title` (`tenant_id`,`title`),
  KEY `idx_search_subtitle` (`tenant_id`,`subtitle`)
) ENGINE=InnoDB DEFAULT CHARSET=utf8mb4 COLLATE=utf8mb4_0900_ai_ci COMMENT='统一搜索索引表';
/*!40101 SET character_set_client = @saved_cs_client */;

--
-- Dumping data for table `sys_search_index`
--

LOCK TABLES `sys_search_index` WRITE;
/*!40000 ALTER TABLE `sys_search_index` DISABLE KEYS */;
INSERT INTO `sys_search_index` VALUES ('000000:menu:000100','000000','menu','菜单管理','000100','系统管理',NULL,'系统管理,/system','system:menu:search','/system/menu',NULL,NULL,NULL,'0',0,'sys_menu','2026-06-17 08:05:37','2026-06-17 08:05:37'),('000000:menu:000110','000000','menu','菜单管理','000110','租户管理',NULL,'租户管理,/tenant','system:menu:search','/system/menu',NULL,NULL,NULL,'0',0,'sys_menu','2026-06-17 08:05:50','2026-06-17 08:05:50'),('000000:menu:325518182582456320','000000','menu','菜单管理','325518182582456320','全局搜索','system:user:search','全局搜索,system:user:search','system:menu:search','/system/menu',NULL,NULL,NULL,'0',0,'sys_menu','2026-06-17 06:13:03','2026-06-17 06:13:03'),('000000:menu:325518338505707520','000000','menu','菜单管理','325518338505707520','全局搜索','system:role:search','全局搜索,system:role:search','system:menu:search','/system/menu',NULL,NULL,NULL,'0',0,'sys_menu','2026-06-17 06:13:40','2026-06-17 06:13:40'),('000000:menu:325518440133693440','000000','menu','菜单管理','325518440133693440','全局搜索','system:menu:search','全局搜索,system:menu:search','system:menu:search','/system/menu',NULL,NULL,NULL,'0',0,'sys_menu','2026-06-17 06:14:04','2026-06-17 06:14:04'),('000000:menu:325883052729438208','000000','menu','菜单管理','325883052729438208','页面配置','system:pageconfig:list','页面配置,/system/page-config,system/page-config,system:pageconfig:list','system:menu:search','/system/menu',NULL,NULL,NULL,'1',0,'sys_menu','2026-06-22 06:58:54','2026-06-22 06:58:54'),('000000:menu:327266832077688832','000000','menu','菜单管理','327266832077688832','全局搜索','system:dept:search','全局搜索,system:dept:search','system:menu:search','/system/menu',NULL,NULL,NULL,'0',0,'sys_menu','2026-06-22 02:01:34','2026-06-22 02:01:34'),('000000:menu:327267036847804416','000000','menu','菜单管理','327267036847804416','全局搜索','system:config:search','全局搜索,system:config:search','system:menu:search','/system/menu',NULL,NULL,NULL,'0',0,'sys_menu','2026-06-22 02:02:23','2026-06-22 02:02:23'),('000000:menu:327267207878938624','000000','menu','菜单管理','327267207878938624','全局搜索','system:dict:search','全局搜索,system:dict:search','system:menu:search','/system/menu',NULL,NULL,NULL,'0',0,'sys_menu','2026-06-22 02:03:04','2026-06-22 02:03:04'),('000000:menu:327267345460498432','000000','menu','菜单管理','327267345460498432','全局搜索','system:log:search','全局搜索,system:log:search','system:menu:search','/system/menu',NULL,NULL,NULL,'0',0,'sys_menu','2026-06-22 02:03:37','2026-06-22 02:03:37'),('000000:menu:327267400540098560','000000','menu','菜单管理','327267400540098560','全局搜索','system:log:search','全局搜索,system:log:search','system:menu:search','/system/menu',NULL,NULL,NULL,'0',0,'sys_menu','2026-06-22 02:03:50','2026-06-22 02:03:50'),('000000:menu:327716763913555968','000000','menu','菜单管理','327716763913555968','字典专用','system:dict:list','字典专用,system:dict:list','system:menu:search','/system/menu',NULL,NULL,NULL,'0',0,'sys_menu','2026-06-23 07:49:25','2026-06-23 07:49:25'),('000000:menu:328003277641879552','000000','menu','菜单管理','328003277641879552','内容管理',NULL,'内容管理,/contentManagement','system:menu:search','/system/menu',NULL,NULL,NULL,'0',0,'sys_menu','2026-06-24 02:48:14','2026-06-24 02:48:14'),('000000:menu:328003748184068096','000000','menu','菜单管理','328003748184068096','首页配置','contentManagement:HomePageConfiguration:list','首页配置,/contentManagement/HomePageConfiguration,contentManagement/HomePageConfiguration,contentManagement:HomePageConfiguration:list','system:menu:search','/system/menu',NULL,NULL,NULL,'0',0,'sys_menu','2026-06-24 03:20:15','2026-06-24 03:20:15'),('000000:menu:328011351035351040','000000','menu','菜单管理','328011351035351040','会议信息','contentManagement:Meeting:list','会议信息,/contentManagement/Meeting,contentManagement/Meeting,contentManagement:Meeting:list','system:menu:search','/system/menu',NULL,NULL,NULL,'0',0,'sys_menu','2026-06-25 03:02:20','2026-06-25 03:02:20'),('000000:menu:328011617474318336','000000','menu','菜单管理','328011617474318336','新闻资讯','contentManagement:news:list','新闻资讯,/contentManagement/News,contentManagement/News,contentManagement:news:list','system:menu:search','/system/menu',NULL,NULL,NULL,'0',0,'sys_menu','2026-06-25 03:02:25','2026-06-25 03:02:25'),('000000:menu:328011837230682112','000000','menu','菜单管理','328011837230682112','特邀嘉宾','contentManagement:specialGuest:list','特邀嘉宾,/contentManagement/specialGuest,contentManagement/specialGuest,contentManagement:specialGuest:list','system:menu:search','/system/menu',NULL,NULL,NULL,'0',0,'sys_menu','2026-06-25 03:02:30','2026-06-25 03:02:30'),('000000:menu:328012120165847040','000000','menu','菜单管理','328012120165847040','下载中心','contentManagement:Download:list','下载中心,/contentManagement/Download,contentManagement/Download,contentManagement:Download:list','system:menu:search','/system/menu',NULL,NULL,NULL,'0',0,'sys_menu','2026-06-25 03:02:34','2026-06-25 03:02:34'),('000000:menu:328055290455003136','000000','menu','菜单管理','328055290455003136','新增','contentManagement:news:add','新增,contentManagement:news:add','system:menu:search','/system/menu',NULL,NULL,NULL,'0',0,'sys_menu','2026-06-24 06:14:36','2026-06-24 06:14:36'),('000000:menu:328055365851811840','000000','menu','菜单管理','328055365851811840','编辑','contentManagement:news:edit','编辑,contentManagement:news:edit','system:menu:search','/system/menu',NULL,NULL,NULL,'0',0,'sys_menu','2026-06-24 06:14:54','2026-06-24 06:14:54'),('000000:menu:328055449779834880','000000','menu','菜单管理','328055449779834880','删除','contentManagement:news:remove','删除,contentManagement:news:remove','system:menu:search','/system/menu',NULL,NULL,NULL,'0',0,'sys_menu','2026-06-24 06:15:14','2026-06-24 06:15:14'),('000000:menu:328055532650893312','000000','menu','菜单管理','328055532650893312','查询','contentManagement:news:list','查询,contentManagement:news:list','system:menu:search','/system/menu',NULL,NULL,NULL,'0',0,'sys_menu','2026-06-24 06:15:34','2026-06-24 06:15:34'),('000000:menu:business_inventory_0001','000000','menu','菜单管理','business_inventory_0001','库存管理','business:inventory:list','库存管理,/business/inventory,business/inventory,business:inventory:list','system:menu:search','/system/menu',NULL,NULL,NULL,'0',0,'sys_menu','2026-06-17 08:03:38','2026-06-17 08:03:38'),('000000:menu:business_order_0001','000000','menu','菜单管理','business_order_0001','订单管理','business:order:list','订单管理,/business/order,business/order,business:order:list','system:menu:search','/system/menu',NULL,NULL,NULL,'0',0,'sys_menu','2026-06-17 07:59:29','2026-06-17 07:59:29'),('000000:menu:business_sales_0001','000000','menu','菜单管理','business_sales_0001','销售管理','business:sales:list','销售管理,/business/sales,business/sales,business:sales:list','system:menu:search','/system/menu',NULL,NULL,NULL,'0',0,'sys_menu','2026-06-17 08:03:15','2026-06-17 08:03:15'),('000000:menu:production_line_0001','000000','menu','菜单管理','production_line_0001','生产管理','business:production-line:list','生产管理,/business/production-line,business/production-line,business:production-line:list','system:menu:search','/system/menu',NULL,NULL,NULL,'0',0,'sys_menu','2026-06-17 07:55:51','2026-06-17 07:55:51'),('000000:role:328366891737419776','000000','role','角色管理','328366891737419776','气象测试','qx:test','气象测试,qx:test','system:role:search','/system/role',NULL,NULL,NULL,'0',0,'sys_role','2026-06-25 02:52:49','2026-06-25 02:52:49'),('000000:user:327268172644356096','000000','user','用户管理','327268172644356096','globalSearch','测试全局搜索','globalSearch,测试全局搜索,暴龙神,18569795075,18569795075@163.com','system:user:search','/system/user',NULL,'325536911462633472',NULL,'0',0,'sys_user','2026-06-22 02:06:54','2026-06-22 02:06:54'),('000000:user:327712656561672192','000000','user','用户管理','327712656561672192','abc123','ccc','abc123,ccc','system:user:search','/system/user',NULL,NULL,NULL,'0',0,'sys_user','2026-06-23 07:33:44','2026-06-23 07:33:44'),('000000:user:327713420797415424','000000','user','用户管理','327713420797415424','admin123','ddd','admin123,ddd','system:user:search','/system/user',NULL,'325536879892107264',NULL,'0',0,'sys_user','2026-06-23 07:36:08','2026-06-23 07:36:08'),('000000:user:328367322727321600','000000','user','用户管理','328367322727321600','test123','气象测试账号','test123,气象测试账号','system:user:search','/system/user',NULL,NULL,NULL,'0',0,'sys_user','2026-06-25 02:54:32','2026-06-25 02:54:32'),('327707622562205696:role:327714018372489216','327707622562205696','role','角色管理','327714018372489216','销售用','sales','销售用,sales','system:role:search','/system/role',NULL,NULL,NULL,'0',0,'sys_role','2026-06-23 07:38:31','2026-06-23 07:38:31');
/*!40000 ALTER TABLE `sys_search_index` ENABLE KEYS */;
UNLOCK TABLES;

--
-- Table structure for table `sys_storage_config`
--

DROP TABLE IF EXISTS `sys_storage_config`;
/*!40101 SET @saved_cs_client     = @@character_set_client */;
/*!50503 SET character_set_client = utf8mb4 */;
CREATE TABLE `sys_storage_config` (
  `storage_id` varchar(32) COLLATE utf8mb4_unicode_ci NOT NULL COMMENT '存储配置ID',
  `tenant_id` varchar(32) COLLATE utf8mb4_unicode_ci NOT NULL DEFAULT '000000' COMMENT '租户ID，000000表示平台默认配置',
  `storage_name` varchar(100) COLLATE utf8mb4_unicode_ci NOT NULL COMMENT '存储名称',
  `storage_type` varchar(30) COLLATE utf8mb4_unicode_ci NOT NULL COMMENT '存储类型：minio/aliyun_oss/tencent_cos/qiniu_kodo/huawei_obs/aws_s3/local',
  `endpoint` varchar(255) COLLATE utf8mb4_unicode_ci DEFAULT NULL COMMENT '访问端点，不带协议，例如 s3.minion.xlcig.cn / oss-cn-hangzhou.aliyuncs.com',
  `region` varchar(100) COLLATE utf8mb4_unicode_ci DEFAULT NULL COMMENT '地域，例如 oss-cn-hangzhou / ap-shanghai',
  `port` int DEFAULT NULL COMMENT '端口，MinIO常用443/9000',
  `use_ssl` tinyint NOT NULL DEFAULT '1' COMMENT '是否使用HTTPS',
  `access_key` varchar(255) COLLATE utf8mb4_unicode_ci DEFAULT NULL COMMENT 'AccessKey，可加密',
  `secret_key` text COLLATE utf8mb4_unicode_ci COMMENT 'SecretKey，必须加密',
  `public_bucket` varchar(100) COLLATE utf8mb4_unicode_ci DEFAULT NULL COMMENT '公共桶',
  `private_bucket` varchar(100) COLLATE utf8mb4_unicode_ci DEFAULT NULL COMMENT '私有桶',
  `public_base_url` varchar(500) COLLATE utf8mb4_unicode_ci DEFAULT NULL COMMENT '公共访问基础URL',
  `private_base_url` varchar(500) COLLATE utf8mb4_unicode_ci DEFAULT NULL COMMENT '私有访问基础URL，一般可为空',
  `path_style` tinyint NOT NULL DEFAULT '0' COMMENT '是否Path Style访问，MinIO通常为1，云厂商通常为0',
  `config_json` json DEFAULT NULL COMMENT '厂商差异配置JSON',
  `policy_json` json DEFAULT NULL COMMENT '上传限制/访问策略JSON',
  `is_default` tinyint NOT NULL DEFAULT '0' COMMENT '是否默认配置',
  `status` tinyint NOT NULL DEFAULT '1' COMMENT '状态：1启用，0停用',
  `remark` varchar(500) COLLATE utf8mb4_unicode_ci DEFAULT NULL,
  `create_by` varchar(32) COLLATE utf8mb4_unicode_ci DEFAULT NULL,
  `create_time` datetime DEFAULT CURRENT_TIMESTAMP,
  `update_by` varchar(32) COLLATE utf8mb4_unicode_ci DEFAULT NULL,
  `update_time` datetime DEFAULT CURRENT_TIMESTAMP ON UPDATE CURRENT_TIMESTAMP,
  `deleted` tinyint NOT NULL DEFAULT '0',
  PRIMARY KEY (`storage_id`),
  KEY `idx_tenant_id` (`tenant_id`),
  KEY `idx_storage_type` (`storage_type`),
  KEY `idx_status` (`status`),
  KEY `idx_default` (`is_default`)
) ENGINE=InnoDB DEFAULT CHARSET=utf8mb4 COLLATE=utf8mb4_unicode_ci COMMENT='对象存储配置表';
/*!40101 SET character_set_client = @saved_cs_client */;

--
-- Dumping data for table `sys_storage_config`
--

LOCK TABLES `sys_storage_config` WRITE;
/*!40000 ALTER TABLE `sys_storage_config` DISABLE KEYS */;
INSERT INTO `sys_storage_config` VALUES ('000001','000000','MinIO分布式存储','minio','s3.minion.xlcig.cn',NULL,443,1,'admin','StrongPass123!','public-assets','private-assets','https://s3.minion.xlcig.cn/public-assets',NULL,1,'{\"nodes\": [{\"name\": \"minio1\", \"apiPort\": 9000, \"consolePort\": 9001}, {\"name\": \"minio2\", \"apiPort\": 9002, \"consolePort\": 9003}, {\"name\": \"minio3\", \"apiPort\": 9004, \"consolePort\": 9005}, {\"name\": \"minio4\", \"apiPort\": 9006, \"consolePort\": 9007}], \"apiUrl\": \"https://s3.minion.xlcig.cn\", \"consoleUrl\": \"https://minion.xlcig.cn\", \"clusterMode\": true, \"forcePathStyle\": true}','{\"maxSizeMB\": 100, \"allowedExt\": [\"jpg\", \"jpeg\", \"png\", \"gif\", \"webp\", \"pdf\", \"doc\", \"docx\", \"xls\", \"xlsx\", \"ppt\", \"pptx\", \"zip\"], \"blockedExt\": [\"exe\", \"bat\", \"cmd\", \"sh\", \"js\", \"msi\"], \"privateExpireSeconds\": 300}',1,0,'MinIO Docker 四节点分布式集群；控制台域名 minion.xlcig.cn；S3 API 域名 s3.minion.xlcig.cn',NULL,'2026-06-15 08:21:40',NULL,'2026-06-16 02:01:53',0);
/*!40000 ALTER TABLE `sys_storage_config` ENABLE KEYS */;
UNLOCK TABLES;

--
-- Table structure for table `sys_tenant`
--

DROP TABLE IF EXISTS `sys_tenant`;
/*!40101 SET @saved_cs_client     = @@character_set_client */;
/*!50503 SET character_set_client = utf8mb4 */;
CREATE TABLE `sys_tenant` (
  `tenant_id` varchar(32) NOT NULL COMMENT '租户ID，000000为平台租户，其他租户使用雪花ID字符串',
  `tenant_name` varchar(100) NOT NULL COMMENT '租户名称',
  `package_id` varchar(32) DEFAULT NULL COMMENT '绑定套餐ID',
  `expire_time` datetime DEFAULT NULL COMMENT '套餐到期时间，000000平台租户可为空表示永久有效',
  `domain_name` varchar(100) DEFAULT NULL COMMENT '绑定域名，如：admin.xxx.com',
  `contact_user` varchar(50) DEFAULT NULL COMMENT '联系人',
  `contact_phone` varchar(30) DEFAULT NULL COMMENT '联系电话',
  `status` char(1) NOT NULL DEFAULT '0' COMMENT '0正常 1停用',
  `remark` varchar(500) DEFAULT NULL COMMENT '备注',
  `create_time` datetime NOT NULL DEFAULT CURRENT_TIMESTAMP COMMENT '创建时间',
  `update_time` datetime DEFAULT CURRENT_TIMESTAMP ON UPDATE CURRENT_TIMESTAMP COMMENT '更新时间',
  PRIMARY KEY (`tenant_id`),
  UNIQUE KEY `uk_tenant_domain` (`domain_name`),
  KEY `idx_tenant_package` (`package_id`)
) ENGINE=InnoDB DEFAULT CHARSET=utf8mb4 COLLATE=utf8mb4_0900_ai_ci COMMENT='租户表';
/*!40101 SET character_set_client = @saved_cs_client */;

--
-- Dumping data for table `sys_tenant`
--

LOCK TABLES `sys_tenant` WRITE;
/*!40000 ALTER TABLE `sys_tenant` DISABLE KEYS */;
INSERT INTO `sys_tenant` VALUES ('000000','平台租户','P001',NULL,'10.12.1.216','系统管理员','00000000000','0','平台默认租户，永久有效','2026-06-11 00:58:56','2026-06-24 07:38:14'),('100000','默认租户','P100','2027-06-24 00:58:56','test.xxx.com','租户管理员','13800000000','0','开箱即用默认租户，标准版套餐','2026-06-11 00:58:56','2026-06-11 02:25:58'),('327707622562205696','测试租户','327706048414748672',NULL,NULL,NULL,NULL,'0',NULL,'2026-06-23 07:13:06','2026-06-23 07:13:06'),('327722727416926208','暴龙神有限公司','P100','2027-06-01 00:00:00','bls.xlcig.cn','暴龙神','18866665555','0',NULL,'2026-06-23 08:13:07','2026-06-23 08:13:07'),('328373289850376192','生产管理系统','328373332758106112',NULL,'tdp.jiuxiang.tech',NULL,NULL,'0',NULL,'2026-06-25 03:18:14','2026-06-25 03:45:02');
/*!40000 ALTER TABLE `sys_tenant` ENABLE KEYS */;
UNLOCK TABLES;

--
-- Table structure for table `sys_theme_config`
--

DROP TABLE IF EXISTS `sys_theme_config`;
/*!40101 SET @saved_cs_client     = @@character_set_client */;
/*!50503 SET character_set_client = utf8mb4 */;
CREATE TABLE `sys_theme_config` (
  `theme_id` varchar(32) NOT NULL COMMENT '主题配置ID',
  `tenant_id` varchar(32) NOT NULL DEFAULT '000000' COMMENT '租户ID',
  `nav_theme` varchar(20) NOT NULL DEFAULT 'light' COMMENT '导航主题',
  `color_primary` varchar(20) NOT NULL DEFAULT '#1677ff' COMMENT '主色',
  `layout` varchar(20) NOT NULL DEFAULT 'mix' COMMENT '布局',
  `content_width` varchar(20) NOT NULL DEFAULT 'Fluid' COMMENT '内容宽度',
  `fixed_header` tinyint NOT NULL DEFAULT '0' COMMENT '固定头部',
  `fix_siderbar` tinyint NOT NULL DEFAULT '1' COMMENT '固定侧栏',
  `color_weak` tinyint NOT NULL DEFAULT '0' COMMENT '色弱模式',
  `title` varchar(100) NOT NULL DEFAULT 'BLS Admin' COMMENT '标题',
  `logo` varchar(500) DEFAULT NULL COMMENT 'Logo',
  `iconfont_url` varchar(500) DEFAULT NULL COMMENT 'iconfont地址',
  `token_json` text COMMENT '主题Token(JSON字符串)',
  `status` char(1) NOT NULL DEFAULT '0' COMMENT '0正常 1停用',
  `remark` varchar(500) DEFAULT NULL COMMENT '备注',
  `deleted` tinyint NOT NULL DEFAULT '0' COMMENT '逻辑删除',
  `create_time` datetime NOT NULL DEFAULT CURRENT_TIMESTAMP,
  `update_time` datetime DEFAULT CURRENT_TIMESTAMP ON UPDATE CURRENT_TIMESTAMP,
  PRIMARY KEY (`theme_id`),
  UNIQUE KEY `uk_theme_tenant` (`tenant_id`)
) ENGINE=InnoDB DEFAULT CHARSET=utf8mb4 COLLATE=utf8mb4_0900_ai_ci COMMENT='系统主题配置表';
/*!40101 SET character_set_client = @saved_cs_client */;

--
-- Dumping data for table `sys_theme_config`
--

LOCK TABLES `sys_theme_config` WRITE;
/*!40000 ALTER TABLE `sys_theme_config` DISABLE KEYS */;
INSERT INTO `sys_theme_config` VALUES ('000501','000000','light','#722ED1','mix','Fluid',0,1,0,'BLS Management System','https://xux.xlcig.cn/logo.png','','{}','0',NULL,0,'2026-06-11 00:58:56','2026-06-23 07:43:10'),('100501','100000','light','#1677ff','mix','Fluid',0,1,0,'默认租户工作台',NULL,'','{}','0',NULL,0,'2026-06-11 00:58:56','2026-06-12 07:23:45'),('327707622562205700','327707622562205696','light','#1677ff','mix','Fluid',0,1,0,'测试租户',NULL,'','{}','0',NULL,0,'2026-06-23 07:13:06','2026-06-23 07:30:46'),('327722727416926212','327722727416926208','light','#FA541C','mix','Fluid',0,1,0,'暴龙神有限公司',NULL,'','{}','0',NULL,0,'2026-06-23 08:13:08','2026-06-23 08:18:26'),('328373289850376196','328373289850376192','light','#1677ff','mix','Fluid',0,1,0,'生成管理系统',NULL,'','{}','0',NULL,0,'2026-06-25 03:18:15','2026-06-25 03:19:06');
/*!40000 ALTER TABLE `sys_theme_config` ENABLE KEYS */;
UNLOCK TABLES;

--
-- Table structure for table `sys_upload_audit`
--

DROP TABLE IF EXISTS `sys_upload_audit`;
/*!40101 SET @saved_cs_client     = @@character_set_client */;
/*!50503 SET character_set_client = utf8mb4 */;
CREATE TABLE `sys_upload_audit` (
  `audit_id` varchar(32) NOT NULL COMMENT '审计ID',
  `tenant_id` varchar(32) NOT NULL DEFAULT '000000' COMMENT '租户ID',
  `user_id` varchar(32) DEFAULT NULL COMMENT '用户ID',
  `username` varchar(50) DEFAULT NULL COMMENT '用户名',
  `module_name` varchar(100) DEFAULT NULL COMMENT '模块名称',
  `access_type` char(10) NOT NULL COMMENT '访问类型：public/private',
  `storage_id` varchar(32) DEFAULT NULL COMMENT '存储配置ID',
  `storage_type` varchar(30) DEFAULT NULL COMMENT '存储类型：minio/aliyun_oss/aws_s3/local等',
  `bucket_name` varchar(100) DEFAULT NULL COMMENT '存储桶名称',
  `object_name` varchar(500) DEFAULT NULL COMMENT '对象名',
  `original_name` varchar(255) NOT NULL COMMENT '原始文件名',
  `safe_name` varchar(255) NOT NULL COMMENT '清洗后文件名',
  `file_ext` varchar(20) DEFAULT NULL COMMENT '文件后缀',
  `mime_type` varchar(100) DEFAULT NULL COMMENT 'MIME类型',
  `file_size` bigint NOT NULL COMMENT '文件大小(字节)',
  `max_upload_bytes` bigint DEFAULT NULL COMMENT '上传限制(字节)',
  `upload_status` char(1) NOT NULL DEFAULT '1' COMMENT '上传状态：1成功 0失败',
  `fail_reason` varchar(1000) DEFAULT NULL COMMENT '失败原因',
  `client_ip` varchar(45) DEFAULT NULL COMMENT '客户端IP',
  `user_agent` varchar(500) DEFAULT NULL COMMENT 'User-Agent',
  `request_id` varchar(64) DEFAULT NULL COMMENT '请求追踪ID',
  `file_id` varchar(32) DEFAULT NULL COMMENT '文件ID',
  `file_url` varchar(1000) DEFAULT NULL COMMENT '文件URL',
  `create_time` datetime NOT NULL DEFAULT CURRENT_TIMESTAMP COMMENT '创建时间',
  PRIMARY KEY (`audit_id`),
  KEY `idx_upload_audit_tenant_time` (`tenant_id`,`create_time`),
  KEY `idx_upload_audit_user_time` (`user_id`,`create_time`),
  KEY `idx_upload_audit_status` (`upload_status`),
  KEY `idx_upload_audit_storage` (`storage_id`),
  KEY `idx_upload_audit_request_id` (`request_id`),
  KEY `idx_upload_audit_file_id` (`file_id`)
) ENGINE=InnoDB DEFAULT CHARSET=utf8mb4 COLLATE=utf8mb4_0900_ai_ci COMMENT='文件上传审计表';
/*!40101 SET character_set_client = @saved_cs_client */;

--
-- Dumping data for table `sys_upload_audit`
--

LOCK TABLES `sys_upload_audit` WRITE;
/*!40000 ALTER TABLE `sys_upload_audit` DISABLE KEYS */;
INSERT INTO `sys_upload_audit` VALUES ('325441925152903168','000000',NULL,NULL,'头像','private','000001','minio','private-assets','头像/1781658600976_jaihao@2x.png','jaihao@2x.png','jaihao@2x.png','.png','image/png',190,20971520,'1',NULL,NULL,NULL,NULL,'325441924779610112',NULL,'2026-06-17 01:10:01'),('325442039732899840','000000',NULL,NULL,'头像','public','000001','minio','public-assets','头像/1781658628415_sanjiao@2x.png','sanjiao@2x.png','sanjiao@2x.png','.png','image/png',454,20971520,'1',NULL,NULL,NULL,NULL,'325442039544156160','https://s3.minion.xlcig.cn/public-assets/头像/1781658628415_sanjiao@2x.png','2026-06-17 01:10:29'),('325452100395995136','000000',NULL,NULL,'头像','public','000001','minio','public-assets','头像/1781661026961_jian@2x.png','jian@2x.png','jian@2x.png','.png','image/png',702,20971520,'1',NULL,NULL,NULL,NULL,'325452100014313472','https://s3.minion.xlcig.cn/public-assets/头像/1781661026961_jian@2x.png','2026-06-17 01:50:27'),('325456137048690688','000000',NULL,NULL,'avatar','public','000001','minio','public-assets','avatar/1781661989382_images.jpg','images.jpg','images.jpg','.jpg','image/jpeg',5354,20971520,'1',NULL,NULL,NULL,NULL,'325456136671203328','https://s3.minion.xlcig.cn/public-assets/avatar/1781661989382_images.jpg','2026-06-17 02:06:30'),('325456180069666816','000000',NULL,NULL,'avatar','public','000001','minio','public-assets','avatar/1781661999673_images.jpg','images.jpg','images.jpg','.jpg','image/jpeg',5354,20971520,'1',NULL,NULL,NULL,NULL,'325456179692179456','https://s3.minion.xlcig.cn/public-assets/avatar/1781661999673_images.jpg','2026-06-17 02:06:40'),('327364300819795968','000000',NULL,NULL,'Logo','public','000001','minio','public-assets','Logo/1782116930943_icon-512x512.png','icon-512x512.png','icon-512x512.png','.png','image/png',140523,20971520,'1',NULL,NULL,NULL,NULL,'327364300417142784','https://s3.minion.xlcig.cn/public-assets/Logo/1782116930943_icon-512x512.png','2026-06-22 08:28:51'),('327364429966610432','000000',NULL,NULL,'Logo','public','000001','minio','public-assets','Logo/1782116961918_icon-128x128.png','icon-128x128.png','icon-128x128.png','.png','image/png',17728,20971520,'1',NULL,NULL,NULL,NULL,'327364429765283840','https://s3.minion.xlcig.cn/public-assets/Logo/1782116961918_icon-128x128.png','2026-06-22 08:29:22'),('327364614406934528','000000',NULL,NULL,'avatar','public','000001','minio','public-assets','avatar/1782117005845_icon-192x192.png','icon-192x192.png','icon-192x192.png','.png','image/png',31774,20971520,'1',NULL,NULL,NULL,NULL,'327364614016864256','https://s3.minion.xlcig.cn/public-assets/avatar/1782117005845_icon-192x192.png','2026-06-22 08:30:06'),('327365894755979264','000000',NULL,NULL,'test','private','000001','minio','private-assets','test/1782117310918_13号馆图纸-2026.5.22给[1].png','13号馆图纸-2026.5.22给[1].png','13号馆图纸-2026.5.22给[1].png','.png','image/png',396484,20971520,'1',NULL,NULL,NULL,NULL,'327365894550458368',NULL,'2026-06-22 08:35:11'),('327367429971906560','000000',NULL,NULL,'test','private','000001','minio','private-assets','test/1782117676996_icon-512x512.png','icon-512x512.png','icon-512x512.png','.png','image/png',140523,20971520,'1',NULL,NULL,NULL,NULL,'327367429577641984',NULL,'2026-06-22 08:41:17'),('327367574968995840','000000',NULL,NULL,'test','public','000001','minio','public-assets','test/1782117711674_icon-512x512.png','icon-512x512.png','icon-512x512.png','.png','image/png',140523,20971520,'1',NULL,NULL,NULL,NULL,'327367574755086336','https://s3.minion.xlcig.cn/public-assets/test/1782117711674_icon-512x512.png','2026-06-22 08:41:52'),('328070674834919424','000000',NULL,NULL,NULL,'private','000001','minio','private-assets','common/1782285343616_icon-512x512.png','icon-512x512.png','icon-512x512.png','.png','image/png',140523,20971520,'1',NULL,NULL,NULL,NULL,'328070674444849152',NULL,'2026-06-24 07:15:44'),('328071085373394944','000000',NULL,NULL,'news','public','000001','minio','public-assets','news/1782285441568_icon-512x512.png','icon-512x512.png','icon-512x512.png','.png','image/png',140523,20971520,'1',NULL,NULL,NULL,NULL,'328071085004296192','https://s3.minion.xlcig.cn/public-assets/news/1782285441568_icon-512x512.png','2026-06-24 07:17:22'),('328073285185179648','000000',NULL,NULL,'news','public','000001','minio','public-assets','news/1782285966054_icon-512x512.png','icon-512x512.png','icon-512x512.png','.png','image/png',140523,20971520,'1',NULL,NULL,NULL,NULL,'328073284988047360','https://s3.minion.xlcig.cn/public-assets/news/1782285966054_icon-512x512.png','2026-06-24 07:26:06'),('328073576957743104','000000',NULL,NULL,'news','public','000001','minio','public-assets','news/1782286035615_icon-512x512.png','icon-512x512.png','icon-512x512.png','.png','image/png',140523,20971520,'1',NULL,NULL,NULL,NULL,'328073576576061440','https://s3.minion.xlcig.cn/public-assets/news/1782286035615_icon-512x512.png','2026-06-24 07:27:16'),('328371822397624320','000000',NULL,NULL,'download-center','public','000001','minio','public-assets','download-center/1782357142210_OneDrive_入门.pdf','OneDrive 入门.pdf','OneDrive_入门.pdf','.pdf','application/pdf',1247350,20971520,'1',NULL,NULL,NULL,NULL,'328371822036914176','https://s3.minion.xlcig.cn/public-assets/download-center/1782357142210_OneDrive_入门.pdf','2026-06-25 03:12:24'),('328371907730739200','000000',NULL,NULL,'download-center','public','000001','minio','public-assets','download-center/1782357162853_Document.docx','Document.docx','Document.docx','.docx','application/vnd.openxmlformats-officedocument.wordprocessingml.document',881540,20971520,'1',NULL,NULL,NULL,NULL,'328371907353251840','https://s3.minion.xlcig.cn/public-assets/download-center/1782357162853_Document.docx','2026-06-25 03:12:45'),('328372133539483648','000000',NULL,NULL,'download-center','public','000001','minio','public-assets','download-center/1782357217177_system-user-template.xlsx','system-user-template.xlsx','system-user-template.xlsx','.xlsx','application/vnd.openxmlformats-officedocument.spreadsheetml.sheet',6637,20971520,'1',NULL,NULL,NULL,NULL,'328372133178773504','https://s3.minion.xlcig.cn/public-assets/download-center/1782357217177_system-user-template.xlsx','2026-06-25 03:13:39');
/*!40000 ALTER TABLE `sys_upload_audit` ENABLE KEYS */;
UNLOCK TABLES;

--
-- Table structure for table `sys_user`
--

DROP TABLE IF EXISTS `sys_user`;
/*!40101 SET @saved_cs_client     = @@character_set_client */;
/*!50503 SET character_set_client = utf8mb4 */;
CREATE TABLE `sys_user` (
  `user_id` varchar(32) NOT NULL COMMENT '用户ID',
  `tenant_id` varchar(32) NOT NULL COMMENT '租户ID',
  `username` varchar(50) NOT NULL COMMENT '登录账号',
  `password` varchar(100) CHARACTER SET utf8mb4 COLLATE utf8mb4_0900_ai_ci NOT NULL COMMENT 'MD5密码',
  `nickname` varchar(50) NOT NULL COMMENT '用户昵称',
  `real_name` varchar(50) DEFAULT NULL COMMENT '真实姓名',
  `avatar` varchar(500) DEFAULT NULL COMMENT '头像地址',
  `gender` char(1) NOT NULL DEFAULT '2' COMMENT '性别：0男 1女 2未知',
  `email` varchar(100) DEFAULT NULL COMMENT '邮箱',
  `phone` varchar(30) DEFAULT NULL COMMENT '手机号',
  `dept_id` varchar(32) DEFAULT NULL COMMENT '部门ID',
  `is_admin` char(1) NOT NULL DEFAULT '0' COMMENT '是否管理员：0否 1是',
  `status` char(1) NOT NULL DEFAULT '0' COMMENT '状态：0正常 1停用',
  `last_login_ip` varchar(45) DEFAULT NULL COMMENT '最后登录IP',
  `last_login_time` datetime DEFAULT NULL COMMENT '最后登录时间',
  `password_update_time` datetime DEFAULT NULL COMMENT '密码更新时间',
  `remark` varchar(500) DEFAULT NULL COMMENT '备注',
  `deleted` tinyint NOT NULL DEFAULT '0' COMMENT '逻辑删除：0未删除 1已删除',
  `create_by` varchar(32) DEFAULT NULL COMMENT '创建人ID',
  `update_by` varchar(32) DEFAULT NULL COMMENT '更新人ID',
  `create_time` datetime NOT NULL DEFAULT CURRENT_TIMESTAMP COMMENT '创建时间',
  `update_time` datetime DEFAULT CURRENT_TIMESTAMP ON UPDATE CURRENT_TIMESTAMP COMMENT '更新时间',
  PRIMARY KEY (`user_id`),
  UNIQUE KEY `uk_user_tenant_username` (`tenant_id`,`username`),
  KEY `idx_user_tenant` (`tenant_id`),
  KEY `idx_user_phone` (`phone`),
  KEY `idx_user_email` (`email`),
  KEY `idx_user_dept` (`dept_id`)
) ENGINE=InnoDB DEFAULT CHARSET=utf8mb4 COLLATE=utf8mb4_0900_ai_ci COMMENT='系统用户表';
/*!40101 SET character_set_client = @saved_cs_client */;

--
-- Dumping data for table `sys_user`
--

LOCK TABLES `sys_user` WRITE;
/*!40000 ALTER TABLE `sys_user` DISABLE KEYS */;
INSERT INTO `sys_user` VALUES ('000001','000000','superadmin','e10adc3949ba59abbe56e057f20f883e','超级管理员','暴龙神','https://s3.minion.xlcig.cn/public-assets/avatar/1782117005845_icon-192x192.png','0','18569795073@163.com','15866669999','000001','1','0',NULL,NULL,NULL,NULL,0,NULL,NULL,'2026-06-11 00:58:56','2026-06-22 08:30:06'),('100001','100000','admin','e10adc3949ba59abbe56e057f20f883e','租户管理员','租户管理员',NULL,'2',NULL,NULL,'100001','1','0',NULL,NULL,NULL,'默认租户管理员',0,NULL,NULL,'2026-06-11 00:58:56','2026-06-11 03:12:44'),('100002','100000','user','e10adc3949ba59abbe56e057f20f883e','普通用户',NULL,NULL,'2',NULL,NULL,NULL,'0','0',NULL,NULL,NULL,'默认租户普通用户',0,NULL,NULL,'2026-06-11 00:58:56','2026-06-11 07:47:37'),('323300735171301376','000000','usera','e10adc3949ba59abbe56e057f20f883e','用户A',NULL,NULL,'2',NULL,NULL,'323381860459745280','0','0',NULL,NULL,NULL,NULL,0,NULL,NULL,'2026-06-11 03:21:41','2026-06-12 08:19:50'),('323367925727760384','100000','user2','e10adc3949ba59abbe56e057f20f883e','用户2',NULL,NULL,'2',NULL,NULL,NULL,'1','0',NULL,NULL,NULL,NULL,0,NULL,NULL,'2026-06-11 07:48:41','2026-06-11 07:48:41'),('323736538880020480','000000','testUser2','e10adc3949ba59abbe56e057f20f883e','c测试用户',NULL,NULL,'2',NULL,NULL,'323719748447768576','1','0',NULL,NULL,NULL,'test',0,NULL,NULL,'2026-06-12 08:13:26','2026-06-12 08:16:31'),('327268172644356096','000000','globalSearch','e10adc3949ba59abbe56e057f20f883e','测试全局搜索','暴龙神',NULL,'0','18569795075@163.com','18569795075','325536911462633472','0','0',NULL,NULL,NULL,NULL,0,NULL,NULL,'2026-06-22 02:06:54','2026-06-22 02:06:54'),('327707622562205699','327707622562205696','admin','e10adc3949ba59abbe56e057f20f883e','租户管理员','租户管理员',NULL,'2',NULL,NULL,'327707622562205697','1','0',NULL,NULL,NULL,'租户默认管理员',0,NULL,NULL,'2026-06-23 07:13:06','2026-06-23 07:13:06'),('327712656561672192','000000','abc123','e10adc3949ba59abbe56e057f20f883e','ccc',NULL,NULL,'2',NULL,NULL,NULL,'0','0',NULL,NULL,NULL,NULL,0,NULL,NULL,'2026-06-23 07:33:06','2026-06-23 07:33:06'),('327713420797415424','000000','admin123','21232f297a57a5a743894a0e4a801fc3','ddd',NULL,NULL,'2',NULL,NULL,'325536879892107264','0','0',NULL,NULL,NULL,NULL,0,NULL,NULL,'2026-06-23 07:36:08','2026-06-23 07:36:08'),('327722727416926211','327722727416926208','admin','21218cca77804d2ba1922c33e0151105','租户管理员','租户管理员',NULL,'2',NULL,NULL,'327722727416926209','1','0',NULL,NULL,NULL,'租户默认管理员',0,NULL,NULL,'2026-06-23 08:13:07','2026-06-23 08:13:07'),('328367322727321600','000000','test123','e10adc3949ba59abbe56e057f20f883e','气象测试账号',NULL,NULL,'2',NULL,NULL,NULL,'0','0',NULL,NULL,NULL,NULL,0,NULL,NULL,'2026-06-25 02:54:32','2026-06-25 02:54:32'),('328373289850376195','328373289850376192','admin','e10adc3949ba59abbe56e057f20f883e','租户管理员','租户管理员',NULL,'2',NULL,NULL,'328373289850376193','1','0',NULL,NULL,NULL,'租户默认管理员',0,NULL,NULL,'2026-06-25 03:18:15','2026-06-25 03:18:15');
/*!40000 ALTER TABLE `sys_user` ENABLE KEYS */;
UNLOCK TABLES;

--
-- Table structure for table `sys_user_role`
--

DROP TABLE IF EXISTS `sys_user_role`;
/*!40101 SET @saved_cs_client     = @@character_set_client */;
/*!50503 SET character_set_client = utf8mb4 */;
CREATE TABLE `sys_user_role` (
  `user_id` varchar(32) NOT NULL COMMENT '用户ID',
  `role_id` varchar(32) NOT NULL COMMENT '角色ID',
  PRIMARY KEY (`user_id`,`role_id`)
) ENGINE=InnoDB DEFAULT CHARSET=utf8mb4 COLLATE=utf8mb4_0900_ai_ci COMMENT='用户角色关联表';
/*!40101 SET character_set_client = @saved_cs_client */;

--
-- Dumping data for table `sys_user_role`
--

LOCK TABLES `sys_user_role` WRITE;
/*!40000 ALTER TABLE `sys_user_role` DISABLE KEYS */;
INSERT INTO `sys_user_role` VALUES ('000001','000001'),('000001','323304627162451968'),('000001','323642966914764800'),('100001','100001'),('323300735171301376','323642966914764800'),('327268172644356096','323642966914764800'),('327707622562205699','327707622562205698'),('327712656561672192','323300594838278144'),('327713420797415424','323300594838278144'),('327713420797415424','323304627162451968'),('327713420797415424','323642966914764800'),('327722727416926211','327722727416926210'),('328367322727321600','328366891737419776'),('328373289850376195','328373289850376194');
/*!40000 ALTER TABLE `sys_user_role` ENABLE KEYS */;
UNLOCK TABLES;
/*!40103 SET TIME_ZONE=@OLD_TIME_ZONE */;

/*!40101 SET SQL_MODE=@OLD_SQL_MODE */;
/*!40014 SET FOREIGN_KEY_CHECKS=@OLD_FOREIGN_KEY_CHECKS */;
/*!40014 SET UNIQUE_CHECKS=@OLD_UNIQUE_CHECKS */;
/*!40101 SET CHARACTER_SET_CLIENT=@OLD_CHARACTER_SET_CLIENT */;
/*!40101 SET CHARACTER_SET_RESULTS=@OLD_CHARACTER_SET_RESULTS */;
/*!40101 SET COLLATION_CONNECTION=@OLD_COLLATION_CONNECTION */;
/*!40111 SET SQL_NOTES=@OLD_SQL_NOTES */;

-- Dump completed on 2026-06-29  6:51:10
