-- MySQL dump 10.13  Distrib 8.0.46, for Linux (x86_64)
--
-- Host: localhost    Database: kox
-- ------------------------------------------------------
-- Server version	8.0.46

/*!40101 SET @OLD_CHARACTER_SET_CLIENT=@@CHARACTER_SET_CLIENT */;
/*!40101 SET @OLD_CHARACTER_SET_RESULTS=@@CHARACTER_SET_RESULTS */;
/*!40101 SET @OLD_COLLATION_CONNECTION=@@COLLATION_CONNECTION */;
/*!50503 SET NAMES utf8mb4 */;
/*!40103 SET @OLD_TIME_ZONE=@@TIME_ZONE */;
/*!40103 SET TIME_ZONE='+00:00' */;
/*!40014 SET @OLD_UNIQUE_CHECKS=@@UNIQUE_CHECKS, UNIQUE_CHECKS=0 */;
/*!40014 SET @OLD_FOREIGN_KEY_CHECKS=@@FOREIGN_KEY_CHECKS, FOREIGN_KEY_CHECKS=0 */;
/*!40101 SET @OLD_SQL_MODE=@@SQL_MODE, SQL_MODE='NO_AUTO_VALUE_ON_ZERO' */;
/*!40111 SET @OLD_SQL_NOTES=@@SQL_NOTES, SQL_NOTES=0 */;

--
-- Table structure for table `outbox_event`
--

DROP TABLE IF EXISTS `outbox_event`;
/*!40101 SET @saved_cs_client     = @@character_set_client */;
/*!50503 SET character_set_client = utf8mb4 */;
CREATE TABLE `outbox_event` (
  `event_id` varchar(32) NOT NULL,
  `tenant_id` varchar(32) NOT NULL,
  `event_type` varchar(64) NOT NULL COMMENT 'USER_CREATED/FILE_UPLOADED/...',
  `aggregate_type` varchar(64) DEFAULT NULL,
  `aggregate_id` varchar(32) DEFAULT NULL,
  `payload_json` json DEFAULT NULL,
  `status` enum('pending','processing','published','failed','dead') NOT NULL DEFAULT 'pending',
  `retry_count` int NOT NULL DEFAULT '0',
  `next_retry_at` datetime DEFAULT NULL,
  `created_at` datetime NOT NULL DEFAULT CURRENT_TIMESTAMP,
  `published_at` datetime DEFAULT NULL,
  PRIMARY KEY (`event_id`),
  KEY `idx_status_retry` (`status`,`next_retry_at`),
  KEY `idx_tenant_type` (`tenant_id`,`event_type`)
) ENGINE=InnoDB DEFAULT CHARSET=utf8mb4 COLLATE=utf8mb4_0900_ai_ci COMMENT='Outbox 事件表';
/*!40101 SET character_set_client = @saved_cs_client */;

--
-- Dumping data for table `outbox_event`
--

LOCK TABLES `outbox_event` WRITE;
/*!40000 ALTER TABLE `outbox_event` DISABLE KEYS */;
/*!40000 ALTER TABLE `outbox_event` ENABLE KEYS */;
UNLOCK TABLES;

--
-- Table structure for table `sys_config`
--

DROP TABLE IF EXISTS `sys_config`;
/*!40101 SET @saved_cs_client     = @@character_set_client */;
/*!50503 SET character_set_client = utf8mb4 */;
CREATE TABLE `sys_config` (
  `config_id` varchar(32) NOT NULL COMMENT '参数ID',
  `tenant_id` varchar(32) NOT NULL DEFAULT '000000' COMMENT '租户ID',
  `config_key` varchar(100) NOT NULL COMMENT '参数键名',
  `config_value` text NOT NULL COMMENT '参数键值',
  `config_name` varchar(100) NOT NULL COMMENT '参数名称',
  `config_type` varchar(20) NOT NULL DEFAULT 'sys' COMMENT 'sys/theme/dict',
  `status` char(1) NOT NULL DEFAULT '0' COMMENT '0正常 1停用',
  `remark` varchar(500) DEFAULT NULL COMMENT '备注',
  `deleted` tinyint NOT NULL DEFAULT '0' COMMENT '逻辑删除',
  `create_time` datetime NOT NULL DEFAULT CURRENT_TIMESTAMP,
  `update_time` datetime DEFAULT CURRENT_TIMESTAMP ON UPDATE CURRENT_TIMESTAMP,
  PRIMARY KEY (`config_id`),
  UNIQUE KEY `uk_config_tenant_key` (`tenant_id`,`config_key`),
  KEY `idx_config_tenant` (`tenant_id`)
) ENGINE=InnoDB DEFAULT CHARSET=utf8mb4 COLLATE=utf8mb4_0900_ai_ci COMMENT='系统参数表';
/*!40101 SET character_set_client = @saved_cs_client */;

--
-- Dumping data for table `sys_config`
--

LOCK TABLES `sys_config` WRITE;
/*!40000 ALTER TABLE `sys_config` DISABLE KEYS */;
INSERT INTO `sys_config` VALUES ('000401','000000','sys.user.defaultPassword','123456','默认密码','sys','0','新用户默认密码',0,'2026-06-11 00:58:56','2026-06-23 08:17:48'),('000402','000000','sys.app.name','KOX Management System','系统名称','sys','0','前后端展示名称',0,'2026-06-11 00:58:56','2026-06-15 02:33:47'),('000403','000000','sys.demo.enabled','true','演示模式开关','sys','0','是否开启演示数据',0,'2026-06-11 00:58:56','2026-06-11 00:58:56'),('000404','000000','sys.upload.maxSize','20','文件上传限制(MB)','sys','0','文件上传大小限制，默认大小50MB',0,'2026-06-11 00:58:56','2026-06-17 03:08:19'),('000405','000000','sys.version','2.0.0','版本号','sys','0','系统版本',0,'2026-06-11 00:58:56','2026-07-09 09:26:33'),('100401','100000','sys.app.name','默认租户工作台','系统名称','sys','0','默认租户展示名称',0,'2026-06-11 00:58:56','2026-06-11 00:58:56'),('324733162540371968','000000','sys.app.logo','https://xux.xlcig.cn/logo.png','系统Logo','sys','0','请在文件管理上传后复制-使用公开桶',0,'2026-06-15 02:13:40','2026-06-16 06:59:33'),('324735307117367296','000000','sys.user.defaultAvatar','https://i.scdn.co/image/ab67616d00001e020c1faab9fa6c0b91f9f4e465','用户默认头像','sys','0','用户未设置头像时使用',0,'2026-06-15 02:22:11','2026-06-15 02:25:33'),('324800409917067264','000000','sys.login.multiDevice','1','多开登录','sys','0','1 = 允许多开；0 = 只允许单端。默认1',0,'2026-06-15 06:40:52','2026-06-17 09:21:29'),('327722729845428224','327722727416926208','sys.user.defaultPassword','123456','默认密码','sys','0','新建租户默认管理员初始密码',0,'2026-06-23 08:13:07','2026-06-23 08:13:07'),('327722730185166848','327722727416926208','sys.app.name','气象经济博览会','系统名称','sys','0','新建租户默认系统名称',0,'2026-06-23 08:13:07','2026-06-24 03:13:24'),('327722730357133312','327722727416926208','sys.demo.enabled','0','演示模式','sys','0','新建租户默认是否启用演示模式',0,'2026-06-23 08:13:08','2026-06-23 08:13:08'),('327722730524905472','327722727416926208','sys.upload.maxSize','20','上传大小限制','sys','0','新建租户默认上传限制，单位 MB',0,'2026-06-23 08:13:08','2026-06-23 08:13:08'),('327722730696871936','327722727416926208','sys.version','1.0.0','系统版本','sys','0','新建租户默认系统版本',0,'2026-06-23 08:13:08','2026-06-23 08:13:08'),('327722730864644096','327722727416926208','sys.app.logo','','系统 Logo','sys','0','新建租户默认系统 Logo',0,'2026-06-23 08:13:08','2026-06-23 08:13:08'),('327722731040804864','327722727416926208','sys.user.defaultAvatar','','默认头像','sys','0','新建租户默认用户头像',0,'2026-06-23 08:13:08','2026-06-23 08:13:08'),('327722731208577024','327722727416926208','theme.default','{\"navTheme\":\"light\",\"colorPrimary\":\"#1677ff\",\"layout\":\"mix\",\"contentWidth\":\"Fluid\"}','默认主题','theme','0','新建租户默认主题配置',0,'2026-06-23 08:13:08','2026-06-23 08:13:08'),('328373292199186432','328373289850376192','sys.user.defaultPassword','123456','默认密码','sys','0','新建租户默认管理员初始密码',0,'2026-06-25 03:18:15','2026-06-25 03:18:15'),('328373292530536448','328373289850376192','sys.app.name','生产管理系统','系统名称','sys','0','新建租户默认系统名称',0,'2026-06-25 03:18:15','2026-06-25 03:19:31'),('328373292694114304','328373289850376192','sys.demo.enabled','0','演示模式','sys','0','新建租户默认是否启用演示模式',0,'2026-06-25 03:18:15','2026-06-25 03:18:15'),('328373292861886464','328373289850376192','sys.upload.maxSize','20','上传大小限制','sys','0','新建租户默认上传限制，单位 MB',0,'2026-06-25 03:18:15','2026-06-25 03:18:15'),('328373293029658624','328373289850376192','sys.version','1.0.0','系统版本','sys','0','新建租户默认系统版本',0,'2026-06-25 03:18:15','2026-06-25 03:18:15'),('328373293193236480','328373289850376192','sys.app.logo','','系统 Logo','sys','0','新建租户默认系统 Logo',0,'2026-06-25 03:18:15','2026-06-25 03:18:15'),('328373293361008640','328373289850376192','sys.user.defaultAvatar','','默认头像','sys','0','新建租户默认用户头像',0,'2026-06-25 03:18:15','2026-06-25 03:18:15'),('328373293524586496','328373289850376192','theme.default','{\"navTheme\":\"light\",\"colorPrimary\":\"#1677ff\",\"layout\":\"mix\",\"contentWidth\":\"Fluid\"}','默认主题','theme','0','新建租户默认主题配置',0,'2026-06-25 03:18:15','2026-06-25 03:18:15');
/*!40000 ALTER TABLE `sys_config` ENABLE KEYS */;
UNLOCK TABLES;

--
-- Table structure for table `sys_dept`
--

DROP TABLE IF EXISTS `sys_dept`;
/*!40101 SET @saved_cs_client     = @@character_set_client */;
/*!50503 SET character_set_client = utf8mb4 */;
CREATE TABLE `sys_dept` (
  `dept_id` varchar(32) NOT NULL COMMENT '部门ID',
  `tenant_id` varchar(32) NOT NULL COMMENT '租户ID',
  `parent_id` varchar(32) NOT NULL DEFAULT '000000' COMMENT '父部门ID，000000表示根节点',
  `dept_name` varchar(50) NOT NULL COMMENT '部门名称',
  `sort_num` int DEFAULT '0' COMMENT '排序',
  `status` char(1) DEFAULT '0' COMMENT '0正常 1停用',
  `deleted` tinyint NOT NULL DEFAULT '0' COMMENT '逻辑删除：0未删除 1已删除',
  `create_time` datetime DEFAULT CURRENT_TIMESTAMP COMMENT '创建时间',
  `update_time` datetime DEFAULT CURRENT_TIMESTAMP ON UPDATE CURRENT_TIMESTAMP COMMENT '更新时间',
  PRIMARY KEY (`dept_id`),
  KEY `idx_dept_tenant` (`tenant_id`),
  KEY `idx_dept_parent` (`parent_id`)
) ENGINE=InnoDB DEFAULT CHARSET=utf8mb4 COLLATE=utf8mb4_0900_ai_ci COMMENT='部门表';
/*!40101 SET character_set_client = @saved_cs_client */;

--
-- Dumping data for table `sys_dept`
--

LOCK TABLES `sys_dept` WRITE;
/*!40000 ALTER TABLE `sys_dept` DISABLE KEYS */;
INSERT INTO `sys_dept` VALUES ('000001','000000','000000','平台总部',1,'0',0,'2026-06-11 00:58:56','2026-06-11 00:58:56'),('100001','100000','000000','默认租户总部',1,'0',0,'2026-06-11 00:58:56','2026-06-11 00:58:56'),('100002','100000','100001','技术部',2,'0',0,'2026-06-11 00:58:56','2026-06-11 00:58:56'),('100003','100000','100001','运营部',3,'0',0,'2026-06-11 00:58:56','2026-06-11 00:58:56'),('323381860459745280','000000','000000','行政部',1,'0',0,'2026-06-11 08:44:03','2026-06-17 07:27:07'),('323719748447768576','000000','323381860459745280','暴风雪',0,'0',0,'2026-06-12 07:06:42','2026-06-12 07:06:42'),('325536879892107264','000000','000000','财务部',0,'0',0,'2026-06-17 07:27:21','2026-06-17 07:27:21'),('325536911462633472','000000','000000','生产部',0,'0',0,'2026-06-17 07:27:28','2026-06-17 07:27:28'),('325536948397674496','000000','000000','市场部',0,'0',0,'2026-06-17 07:27:37','2026-06-17 07:27:37'),('325537043469963264','000000','325536948397674496','售前部',0,'0',0,'2026-06-17 07:28:00','2026-06-17 07:28:30'),('325537094283956224','000000','325536948397674496','销售部',0,'0',0,'2026-06-17 07:28:12','2026-06-17 07:28:12'),('325537143713828864','000000','325536948397674496','售后部',0,'0',0,'2026-06-17 07:28:24','2026-06-17 07:28:24'),('327707622562205697','327707622562205696','000000','测试租户总部',1,'0',0,'2026-06-23 07:13:06','2026-06-23 07:13:06'),('327722727416926209','327722727416926208','000000','暴龙神有限公司总部',1,'0',0,'2026-06-23 08:13:07','2026-06-23 08:13:07'),('328373289850376193','328373289850376192','000000','生成管理系统总部',1,'0',0,'2026-06-25 03:18:14','2026-06-25 03:18:14'),('333515071303061504','000000','325537143713828864','测试',0,'0',0,'2026-07-09 07:49:49','2026-07-09 07:49:49');
/*!40000 ALTER TABLE `sys_dept` ENABLE KEYS */;
UNLOCK TABLES;

--
-- Table structure for table `sys_dict_data`
--

DROP TABLE IF EXISTS `sys_dict_data`;
/*!40101 SET @saved_cs_client     = @@character_set_client */;
/*!50503 SET character_set_client = utf8mb4 */;
CREATE TABLE `sys_dict_data` (
  `dict_data_id` varchar(32) NOT NULL COMMENT '字典数据ID',
  `dict_type_id` varchar(32) NOT NULL COMMENT '字典类型ID',
  `dict_label` varchar(100) NOT NULL COMMENT '字典标签',
  `dict_value` varchar(100) NOT NULL COMMENT '字典值',
  `dict_sort` int NOT NULL DEFAULT '0' COMMENT '排序',
  `tag` varchar(30) DEFAULT 'default' COMMENT '标签颜色,antd Tag: success/processing/error/warning/default/magenta/red/volcano/orange/gold/lime/green/cyan/blue/geekblue/purple',
  `status` char(1) NOT NULL DEFAULT '0' COMMENT '0正常 1停用',
  `remark` varchar(500) DEFAULT NULL COMMENT '备注',
  `tenant_id` varchar(32) NOT NULL DEFAULT '000000' COMMENT '租户ID',
  `deleted` tinyint NOT NULL DEFAULT '0' COMMENT '逻辑删除',
  `create_time` datetime NOT NULL DEFAULT CURRENT_TIMESTAMP,
  `update_time` datetime DEFAULT CURRENT_TIMESTAMP ON UPDATE CURRENT_TIMESTAMP,
  PRIMARY KEY (`dict_data_id`),
  KEY `idx_dict_data_type` (`dict_type_id`),
  KEY `idx_dict_data_tenant` (`tenant_id`)
) ENGINE=InnoDB DEFAULT CHARSET=utf8mb4 COLLATE=utf8mb4_0900_ai_ci COMMENT='字典数据表';
/*!40101 SET character_set_client = @saved_cs_client */;

--
-- Dumping data for table `sys_dict_data`
--

LOCK TABLES `sys_dict_data` WRITE;
/*!40000 ALTER TABLE `sys_dict_data` DISABLE KEYS */;
INSERT INTO `sys_dict_data` VALUES ('000310','000201','男','0',1,'blue','0','男性','000000',0,'2026-07-09 03:28:25','2026-07-09 03:28:25'),('000311','000201','女','1',2,'pink','0','女性','000000',0,'2026-07-09 03:28:25','2026-07-09 03:28:25'),('000312','000201','未知','2',3,'default','0','未设置性别','000000',0,'2026-07-09 03:28:25','2026-07-09 03:28:25'),('000313','000202','正常','0',1,'green','0','正常状态','000000',0,'2026-07-09 03:28:25','2026-07-09 03:28:25'),('000314','000206','密码登录','password',1,'blue','0','用户名密码登录','000000',0,'2026-06-16 09:28:16','2026-06-16 09:28:16'),('000315','000206','刷新令牌','refresh',2,'lime','0','refreshToken 刷新','000000',0,'2026-06-16 09:28:16','2026-06-16 09:28:16'),('000316','000206','验证码登录','sms',3,'orange','0','短信验证码登录','000000',0,'2026-06-16 09:28:16','2026-06-16 09:28:16'),('000317','000206','单点登录','sso',4,'purple','0','SSO 登录','000000',0,'2026-06-16 09:28:16','2026-06-16 09:28:16'),('000318','000202','停用','1',2,'red','0','停用状态','000000',0,'2026-07-09 03:28:25','2026-07-09 03:28:25'),('000319','000204','是','1',1,'blue','0','是','000000',0,'2026-07-09 03:28:25','2026-07-09 03:28:25'),('000320','000204','否','0',2,'default','0','否','000000',0,'2026-07-09 03:28:25','2026-07-09 03:28:25'),('000321','000203','目录','0',1,'blue','0','目录类型菜单','000000',0,'2026-07-09 03:28:25','2026-07-09 03:28:25'),('000322','000203','菜单','1',2,'green','0','页面类型菜单','000000',0,'2026-07-09 03:28:25','2026-07-09 03:28:25'),('000323','000203','按钮','2',3,'default','0','按钮权限','000000',0,'2026-07-09 03:28:25','2026-07-09 03:28:25'),('000324','000205','系统配置','sys',1,'blue','0','系统级参数','000000',0,'2026-07-09 03:28:25','2026-07-09 03:28:25'),('000325','000205','主题配置','theme',2,'purple','0','主题相关参数','000000',0,'2026-07-09 03:28:25','2026-07-09 03:28:25'),('000326','000205','字典配置','dict',3,'cyan','0','字典相关参数','000000',0,'2026-07-09 03:28:25','2026-07-09 03:28:25'),('000327','000207','新增','ADD',1,'green','0','新增操作','000000',0,'2026-07-09 03:28:25','2026-07-09 03:28:25'),('000328','000207','修改','UPDATE',2,'blue','0','修改操作','000000',0,'2026-07-09 03:28:25','2026-07-09 03:28:25'),('000329','000207','删除','DELETE',3,'red','0','删除操作','000000',0,'2026-07-09 03:28:25','2026-07-09 03:28:25'),('000330','000207','上传','UPLOAD',4,'purple','0','上传操作','000000',0,'2026-07-09 03:28:25','2026-07-09 03:28:25'),('000331','000207','下载','DOWNLOAD',5,'cyan','0','下载操作','000000',0,'2026-07-09 03:28:25','2026-07-09 03:28:25'),('000332','000207','导出','EXPORT',6,'orange','0','导出操作','000000',0,'2026-07-09 03:28:25','2026-07-09 03:28:25'),('000333','000207','登录','LOGIN',7,'lime','0','登录操作','000000',0,'2026-07-09 03:28:25','2026-07-09 03:28:25'),('000334','000207','退出','LOGOUT',8,'gold','0','退出操作','000000',0,'2026-07-09 03:28:25','2026-07-09 03:28:25'),('000335','000207','保存','SAVE',9,'geekblue','0','保存操作','000000',0,'2026-07-09 03:28:25','2026-07-09 03:28:25'),('000336','000207','列表','LIST',10,'cyan','0','列表查询','000000',0,'2026-07-09 03:28:25','2026-07-09 03:28:25'),('000337','000207','导入','IMPORT',11,'volcano','0','导入操作','000000',0,'2026-07-09 03:28:25','2026-07-09 03:28:25'),('000338','000207','其他','OTHER',12,'default','0','其他操作','000000',0,'2026-07-09 03:28:25','2026-07-09 03:28:25'),('000339','000208','成功','1',1,'green','0','上传/操作成功','000000',0,'2026-07-09 03:28:25','2026-07-09 03:28:25'),('000340','000208','失败','0',2,'red','0','上传/操作失败','000000',0,'2026-07-09 03:28:25','2026-07-09 03:28:25'),('000341','000209','公共访问','public',1,'cyan','0','公开可访问','000000',0,'2026-07-09 03:28:25','2026-07-09 03:28:25'),('000342','000209','私有访问','private',2,'orange','0','需鉴权访问','000000',0,'2026-07-09 03:28:25','2026-07-09 03:28:25'),('000343','324832179827904512','MinIO','minio',1,'blue','0','MinIO 对象存储','000000',0,'2026-07-09 03:28:25','2026-07-09 03:28:25'),('000344','324832179827904512','阿里云OSS','aliyun_oss',2,'orange','0','阿里云对象存储','000000',0,'2026-07-09 03:28:25','2026-07-09 03:28:25'),('000345','324832179827904512','腾讯云COS','tencent_cos',3,'cyan','0','腾讯云对象存储','000000',0,'2026-07-09 03:28:25','2026-07-09 03:28:25'),('000346','324832179827904512','七牛云Kodo','qiniu_kodo',4,'green','0','七牛云对象存储','000000',0,'2026-07-09 03:28:25','2026-07-09 03:28:25'),('000347','324832179827904512','华为云OBS','huawei_obs',5,'red','0','华为云对象存储','000000',0,'2026-07-09 03:28:25','2026-07-09 03:28:25'),('000348','324832179827904512','AWS S3','aws_s3',6,'purple','0','AWS S3 存储','000000',0,'2026-07-09 03:28:25','2026-07-09 03:28:25'),('000349','324832179827904512','本地存储','local',7,'default','0','服务器本地存储','000000',0,'2026-07-09 03:28:25','2026-07-09 03:28:25'),('000350','DT001','亮色菜单风格','light',1,'blue','0','亮色主题导航','000000',0,'2026-07-09 03:28:25','2026-07-09 03:28:25'),('000351','DT001','暗色菜单风格','dark',2,'volcano','0','暗色主题导航','000000',0,'2026-07-09 03:28:25','2026-07-09 03:28:25'),('000352','DT001','暗黑模式','realDark',3,'red','0','纯暗黑模式','000000',0,'2026-07-09 03:28:25','2026-07-09 03:28:25'),('000353','DT002','侧边菜单布局','side',1,'blue','0','侧边栏布局','000000',0,'2026-07-09 03:28:25','2026-07-09 03:28:25'),('000354','DT002','顶部菜单布局','top',2,'green','0','顶部栏布局','000000',0,'2026-07-09 03:28:25','2026-07-09 03:28:25'),('000355','DT002','混合布局','mix',3,'purple','0','混合布局模式','000000',0,'2026-07-09 03:28:25','2026-07-09 03:28:25'),('000356','DT003','流式','Fluid',1,'cyan','0','自适应宽度','000000',0,'2026-07-09 03:28:25','2026-07-09 03:28:25'),('000357','DT003','定宽','Fixed',2,'orange','0','固定宽度','000000',0,'2026-07-09 03:28:25','2026-07-09 03:28:25'),('325153647082213376','325153530858049536','公共桶','public',1,'cyan','0','公开可访问文件','000000',0,'2026-06-16 06:04:30','2026-06-16 06:04:30'),('325153773272043520','325153530858049536','私有桶','private',2,'orange','0','需鉴权或签名访问文件','000000',0,'2026-06-16 06:05:00','2026-06-16 06:05:00');
/*!40000 ALTER TABLE `sys_dict_data` ENABLE KEYS */;
UNLOCK TABLES;

--
-- Table structure for table `sys_dict_type`
--

DROP TABLE IF EXISTS `sys_dict_type`;
/*!40101 SET @saved_cs_client     = @@character_set_client */;
/*!50503 SET character_set_client = utf8mb4 */;
CREATE TABLE `sys_dict_type` (
  `dict_type_id` varchar(32) NOT NULL COMMENT '字典类型ID',
  `dict_name` varchar(100) NOT NULL COMMENT '字典名称',
  `dict_type` varchar(100) NOT NULL COMMENT '字典类型',
  `status` char(1) NOT NULL DEFAULT '0' COMMENT '0正常 1停用',
  `remark` varchar(500) DEFAULT NULL COMMENT '备注',
  `tenant_id` varchar(32) NOT NULL DEFAULT '000000' COMMENT '租户ID',
  `deleted` tinyint NOT NULL DEFAULT '0' COMMENT '逻辑删除',
  `create_time` datetime NOT NULL DEFAULT CURRENT_TIMESTAMP,
  `update_time` datetime DEFAULT CURRENT_TIMESTAMP ON UPDATE CURRENT_TIMESTAMP,
  PRIMARY KEY (`dict_type_id`),
  UNIQUE KEY `uk_dict_type_tenant` (`tenant_id`,`dict_type`),
  KEY `idx_dict_type_tenant` (`tenant_id`)
) ENGINE=InnoDB DEFAULT CHARSET=utf8mb4 COLLATE=utf8mb4_0900_ai_ci COMMENT='字典类型表';
/*!40101 SET character_set_client = @saved_cs_client */;

--
-- Dumping data for table `sys_dict_type`
--

LOCK TABLES `sys_dict_type` WRITE;
/*!40000 ALTER TABLE `sys_dict_type` DISABLE KEYS */;
INSERT INTO `sys_dict_type` VALUES ('000201','性别','sys_gender','0','用户性别字典','000000',0,'2026-06-11 00:58:56','2026-06-11 00:58:56'),('000202','状态','sys_status','0','通用状态字典','000000',0,'2026-06-11 00:58:56','2026-06-11 00:58:56'),('000203','菜单类型','sys_menu_type','0','菜单类型字典','000000',0,'2026-06-11 00:58:56','2026-06-11 00:58:56'),('000204','是否','sys_yes_no','0','是否字典','000000',0,'2026-06-11 00:58:56','2026-06-11 00:58:56'),('000205','配置类型','sys_config_type','0','系统配置类型','000000',0,'2026-06-11 00:58:56','2026-06-12 03:12:04'),('000206','登录类型','sys_login_type','0','系统登录方式','000000',0,'2026-06-16 09:28:16','2026-06-16 09:28:16'),('000207','业务类型','sys_business_type','0','系统操作业务类型','000000',0,'2026-06-16 09:28:20','2026-06-16 09:28:20'),('000208','上传状态','sys_upload_status','0','文件上传结果状态','000000',0,'2026-06-16 09:28:24','2026-06-16 09:28:24'),('000209','访问类型','sys_access_type','0','上传文件访问类型','000000',0,'2026-06-16 09:28:30','2026-06-16 09:28:30'),('324832179827904512','OSS类型配置','sys_storage_type','0','minio|阿里云|腾讯云...','000000',0,'2026-06-15 08:47:07','2026-06-15 08:47:07'),('325153530858049536','桶访问类型','sys_bucket_access_type','0','用于区分文件上传到公共桶或私有桶','000000',0,'2026-06-16 06:04:03','2026-06-16 06:04:03'),('DT001','导航主题','sys_nav_theme','0','light/dark/realDark','000000',0,'2026-07-09 09:00:00','2026-07-09 09:00:00'),('DT002','布局类型','sys_layout_type','0','side/top/mix','000000',0,'2026-07-09 09:00:00','2026-07-09 09:00:00'),('DT003','内容宽度','sys_content_width','0','Fluid/Fixed','000000',0,'2026-07-09 09:00:00','2026-07-09 09:00:00');
/*!40000 ALTER TABLE `sys_dict_type` ENABLE KEYS */;
UNLOCK TABLES;

--
-- Table structure for table `sys_file`
--

DROP TABLE IF EXISTS `sys_file`;
/*!40101 SET @saved_cs_client     = @@character_set_client */;
/*!50503 SET character_set_client = utf8mb4 */;
CREATE TABLE `sys_file` (
  `file_id` varchar(32) CHARACTER SET utf8mb4 COLLATE utf8mb4_unicode_ci NOT NULL COMMENT '文件ID',
  `tenant_id` varchar(32) CHARACTER SET utf8mb4 COLLATE utf8mb4_unicode_ci NOT NULL COMMENT '租户ID',
  `storage_id` varchar(32) CHARACTER SET utf8mb4 COLLATE utf8mb4_unicode_ci NOT NULL COMMENT '存储配置ID',
  `bucket_name` varchar(100) CHARACTER SET utf8mb4 COLLATE utf8mb4_unicode_ci NOT NULL COMMENT '桶名称',
  `object_name` varchar(512) CHARACTER SET utf8mb4 COLLATE utf8mb4_unicode_ci NOT NULL COMMENT '对象路径',
  `original_name` varchar(255) CHARACTER SET utf8mb4 COLLATE utf8mb4_unicode_ci NOT NULL COMMENT '原始文件名',
  `file_name` varchar(255) CHARACTER SET utf8mb4 COLLATE utf8mb4_unicode_ci NOT NULL COMMENT '存储文件名',
  `file_ext` varchar(32) CHARACTER SET utf8mb4 COLLATE utf8mb4_unicode_ci DEFAULT NULL COMMENT '文件后缀',
  `mime_type` varchar(128) CHARACTER SET utf8mb4 COLLATE utf8mb4_unicode_ci DEFAULT NULL COMMENT 'MIME类型',
  `file_size` bigint NOT NULL DEFAULT '0' COMMENT '文件大小',
  `access_type` varchar(20) CHARACTER SET utf8mb4 COLLATE utf8mb4_unicode_ci NOT NULL DEFAULT 'private' COMMENT 'public/private',
  `module_name` varchar(64) CHARACTER SET utf8mb4 COLLATE utf8mb4_unicode_ci DEFAULT NULL COMMENT '业务模块',
  `url` varchar(1000) CHARACTER SET utf8mb4 COLLATE utf8mb4_unicode_ci DEFAULT NULL COMMENT '公共文件URL，私有文件为空',
  `create_by` varchar(32) CHARACTER SET utf8mb4 COLLATE utf8mb4_unicode_ci DEFAULT NULL,
  `create_time` datetime DEFAULT CURRENT_TIMESTAMP,
  `update_by` varchar(32) CHARACTER SET utf8mb4 COLLATE utf8mb4_unicode_ci DEFAULT NULL,
  `update_time` datetime DEFAULT CURRENT_TIMESTAMP ON UPDATE CURRENT_TIMESTAMP,
  `deleted` tinyint NOT NULL DEFAULT '0',
  PRIMARY KEY (`file_id`),
  KEY `idx_tenant_id` (`tenant_id`),
  KEY `idx_storage_id` (`storage_id`),
  KEY `idx_bucket_object` (`bucket_name`,`object_name`),
  KEY `idx_access_type` (`access_type`),
  KEY `idx_module_name` (`module_name`)
) ENGINE=InnoDB DEFAULT CHARSET=utf8mb4 COLLATE=utf8mb4_unicode_ci COMMENT='文件资源表';
/*!40101 SET character_set_client = @saved_cs_client */;

--
-- Dumping data for table `sys_file`
--

LOCK TABLES `sys_file` WRITE;
/*!40000 ALTER TABLE `sys_file` DISABLE KEYS */;
INSERT INTO `sys_file` VALUES ('325151909738582016','000000','000001','private-assets','头像/1781589455662_images.jpg','images.jpg','images.jpg','jpg','image/jpeg',5354,'private','头像',NULL,NULL,'2026-06-16 05:57:36',NULL,'2026-06-22 08:33:56',1),('325155265907396608','000000','000001','public-assets','头像/1781590255855_images.jpg','images.jpg','images.jpg','jpg','image/jpeg',5354,'public','头像','https://s3.minion.xlcig.cn/public-assets/头像/1781590255855_images.jpg',NULL,'2026-06-16 06:10:56',NULL,'2026-06-22 08:34:00',1),('325441325367431168','000000','000001','private-assets','头像/1781658458065_jaihao@2x.png','jaihao@2x.png','jaihao@2x.png','png','image/png',190,'private','头像',NULL,NULL,'2026-06-17 01:07:38',NULL,'2026-06-17 01:10:20',1),('325441335437955072','000000','000001','private-assets','头像/1781658460626_jaihao@2x.png','jaihao@2x.png','jaihao@2x.png','png','image/png',190,'private','头像',NULL,NULL,'2026-06-17 01:07:41',NULL,'2026-06-17 01:10:17',1),('325441758840360960','000000','000001','private-assets','头像/1781658561442_jaihao@2x.png','jaihao@2x.png','jaihao@2x.png','png','image/png',190,'private','头像',NULL,NULL,'2026-06-17 01:09:22',NULL,'2026-06-17 01:10:14',1),('325441924779610112','000000','000001','private-assets','头像/1781658600976_jaihao@2x.png','jaihao@2x.png','jaihao@2x.png','png','image/png',190,'private','头像',NULL,NULL,'2026-06-17 01:10:01',NULL,'2026-06-17 01:10:11',1),('325442039544156160','000000','000001','public-assets','头像/1781658628415_sanjiao@2x.png','sanjiao@2x.png','sanjiao@2x.png','png','image/png',454,'public','头像','https://s3.minion.xlcig.cn/public-assets/头像/1781658628415_sanjiao@2x.png',NULL,'2026-06-17 01:10:29',NULL,'2026-06-22 08:36:04',1),('325452100014313472','000000','000001','public-assets','头像/1781661026961_jian@2x.png','jian@2x.png','jian@2x.png','png','image/png',702,'public','头像','https://s3.minion.xlcig.cn/public-assets/头像/1781661026961_jian@2x.png',NULL,'2026-06-17 01:50:27',NULL,'2026-06-17 01:50:27',0),('325456136671203328','000000','000001','public-assets','avatar/1781661989382_images.jpg','images.jpg','images.jpg','jpg','image/jpeg',5354,'public','avatar','https://s3.minion.xlcig.cn/public-assets/avatar/1781661989382_images.jpg',NULL,'2026-06-17 02:06:30',NULL,'2026-06-17 02:06:30',0),('325456179692179456','000000','000001','public-assets','avatar/1781661999673_images.jpg','images.jpg','images.jpg','jpg','image/jpeg',5354,'public','avatar','https://s3.minion.xlcig.cn/public-assets/avatar/1781661999673_images.jpg',NULL,'2026-06-17 02:06:40',NULL,'2026-06-22 08:37:26',1),('327364300417142784','000000','000001','public-assets','Logo/1782116930943_icon-512x512.png','icon-512x512.png','icon-512x512.png','png','image/png',140523,'public','Logo','https://s3.minion.xlcig.cn/public-assets/Logo/1782116930943_icon-512x512.png',NULL,'2026-06-22 08:28:51',NULL,'2026-06-22 08:28:51',0),('327364429765283840','000000','000001','public-assets','Logo/1782116961918_icon-128x128.png','icon-128x128.png','icon-128x128.png','png','image/png',17728,'public','Logo','https://s3.minion.xlcig.cn/public-assets/Logo/1782116961918_icon-128x128.png',NULL,'2026-06-22 08:29:22',NULL,'2026-06-22 08:29:22',0),('327364614016864256','000000','000001','public-assets','avatar/1782117005845_icon-192x192.png','icon-192x192.png','icon-192x192.png','png','image/png',31774,'public','avatar','https://s3.minion.xlcig.cn/public-assets/avatar/1782117005845_icon-192x192.png',NULL,'2026-06-22 08:30:06',NULL,'2026-06-22 08:30:06',0),('327365894550458368','000000','000001','private-assets','test/1782117310918_13号馆图纸-2026.5.22给[1].png','13号馆图纸-2026.5.22给[1].png','13号馆图纸-2026.5.22给[1].png','png','image/png',396484,'private','test',NULL,NULL,'2026-06-22 08:35:11',NULL,'2026-06-22 08:35:20',1),('327367429577641984','000000','000001','private-assets','test/1782117676996_icon-512x512.png','icon-512x512.png','icon-512x512.png','png','image/png',140523,'private','test',NULL,NULL,'2026-06-22 08:41:17',NULL,'2026-06-22 08:41:17',0),('327367574755086336','000000','000001','public-assets','test/1782117711674_icon-512x512.png','icon-512x512.png','icon-512x512.png','png','image/png',140523,'public','test','https://s3.minion.xlcig.cn/public-assets/test/1782117711674_icon-512x512.png',NULL,'2026-06-22 08:41:52',NULL,'2026-06-22 08:41:52',0),('328371822036914176','000000','000001','public-assets','download-center/1782357142210_OneDrive_入门.pdf','OneDrive 入门.pdf','OneDrive_入门.pdf','pdf','application/pdf',1247350,'public','download-center','https://s3.minion.xlcig.cn/public-assets/download-center/1782357142210_OneDrive_入门.pdf',NULL,'2026-06-25 03:12:24',NULL,'2026-06-25 03:12:24',0),('328371907353251840','000000','000001','public-assets','download-center/1782357162853_Document.docx','Document.docx','Document.docx','docx','application/vnd.openxmlformats-officedocument.wordprocessingml.document',881540,'public','download-center','https://s3.minion.xlcig.cn/public-assets/download-center/1782357162853_Document.docx',NULL,'2026-06-25 03:12:45',NULL,'2026-06-25 03:12:45',0),('328372133178773504','000000','000001','public-assets','download-center/1782357217177_system-user-template.xlsx','system-user-template.xlsx','system-user-template.xlsx','xlsx','application/vnd.openxmlformats-officedocument.spreadsheetml.sheet',6637,'public','download-center','https://s3.minion.xlcig.cn/public-assets/download-center/1782357217177_system-user-template.xlsx',NULL,'2026-06-25 03:13:39',NULL,'2026-06-25 03:13:39',0),('333535451614941184','000000','000001','public-assets','test/1783588248281_images.jpg','images.jpg','1783588248281_images.jpg','jpg','image/jpeg',12646,'public','test','http://127.0.0.1:9000/public-assets/test/1783588248281_images.jpg',NULL,'2026-07-09 09:10:48',NULL,'2026-07-09 09:10:48',0);
/*!40000 ALTER TABLE `sys_file` ENABLE KEYS */;
UNLOCK TABLES;

--
-- Table structure for table `sys_global_search_config`
--

DROP TABLE IF EXISTS `sys_global_search_config`;
/*!40101 SET @saved_cs_client     = @@character_set_client */;
/*!50503 SET character_set_client = utf8mb4 */;
CREATE TABLE `sys_global_search_config` (
  `search_id` varchar(32) NOT NULL COMMENT '搜索配置ID',
  `module_key` varchar(64) NOT NULL COMMENT '模块标识',
  `module_name` varchar(64) NOT NULL COMMENT '模块名称',
  `permission` varchar(128) NOT NULL COMMENT '全局搜索权限标识',
  `route_path` varchar(255) DEFAULT NULL COMMENT '前端跳转路径',
  `source_table` varchar(128) DEFAULT NULL COMMENT '来源业务表',
  `biz_id_field` varchar(128) DEFAULT NULL COMMENT '业务主键字段',
  `title_field` varchar(128) DEFAULT NULL COMMENT '标题字段',
  `subtitle_field` varchar(128) DEFAULT NULL COMMENT '副标题字段',
  `content_fields` varchar(1000) DEFAULT NULL COMMENT '内容字段，逗号分隔',
  `tenant_field` varchar(64) DEFAULT 'tenant_id' COMMENT '租户字段',
  `owner_field` varchar(64) DEFAULT NULL COMMENT '负责人字段',
  `dept_field` varchar(64) DEFAULT NULL COMMENT '部门字段',
  `created_by_field` varchar(64) DEFAULT 'created_by' COMMENT '创建人字段',
  `status_field` varchar(64) DEFAULT 'status' COMMENT '状态字段',
  `deleted_field` varchar(64) DEFAULT 'deleted' COMMENT '删除字段',
  `enabled` tinyint DEFAULT '1' COMMENT '是否启用：1启用 0停用',
  `sort` int DEFAULT '0' COMMENT '排序',
  `remark` varchar(500) DEFAULT NULL COMMENT '备注',
  `deleted` tinyint NOT NULL DEFAULT '0' COMMENT '逻辑删除',
  `create_time` datetime NOT NULL DEFAULT CURRENT_TIMESTAMP,
  `update_time` datetime DEFAULT CURRENT_TIMESTAMP ON UPDATE CURRENT_TIMESTAMP,
  PRIMARY KEY (`search_id`),
  UNIQUE KEY `uk_search_module` (`module_key`),
  KEY `idx_search_config_enabled` (`enabled`,`sort`)
) ENGINE=InnoDB DEFAULT CHARSET=utf8mb4 COLLATE=utf8mb4_0900_ai_ci COMMENT='全局搜索配置表';
/*!40101 SET character_set_client = @saved_cs_client */;

--
-- Dumping data for table `sys_global_search_config`
--

LOCK TABLES `sys_global_search_config` WRITE;
/*!40000 ALTER TABLE `sys_global_search_config` DISABLE KEYS */;
INSERT INTO `sys_global_search_config` VALUES ('GS_CONFIG','config','系统参数','system:config:search','/system/config','sys_config','config_id','config_name','config_key','config_name,config_key,config_value,remark','tenant_id',NULL,NULL,'create_by','status','deleted',1,70,'系统参数全局搜索',0,'2026-06-17 00:00:00','2026-06-17 00:00:00'),('GS_DEPT','dept','部门管理','system:dept:search','/system/dept','sys_dept','dept_id','dept_name',NULL,'dept_name','tenant_id',NULL,NULL,'create_by','status','deleted',1,40,'部门管理全局搜索',0,'2026-06-17 00:00:00','2026-06-17 00:00:00'),('GS_DICT_DATA','dict-data','字典数据','system:dict:search','/system/dict','sys_dict_data','dict_data_id','dict_label','dict_value','dict_label,dict_value,remark','tenant_id',NULL,NULL,'create_by','status','deleted',1,60,'字典数据全局搜索',0,'2026-06-17 00:00:00','2026-06-17 00:00:00'),('GS_DICT_TYPE','dict-type','字典类型','system:dict:search','/system/dict','sys_dict_type','dict_type_id','dict_name','dict_type','dict_name,dict_type,remark','tenant_id',NULL,NULL,'create_by','status','deleted',1,50,'字典类型全局搜索',0,'2026-06-17 00:00:00','2026-06-17 00:00:00'),('GS_FILE','file','文件管理','system:file:search','/system/storage','sys_file','file_id','original_name','file_name','original_name,file_name,object_name,module_name','tenant_id',NULL,NULL,'create_by',NULL,'deleted',1,120,'文件管理全局搜索',0,'2026-06-17 00:00:00','2026-06-17 00:00:00'),('GS_LOG_LOGIN','log-login','登录日志','system:log:search','/system/log','sys_login_log','log_id','username','login_type','username,login_type,login_ip,user_agent,fail_reason','tenant_id',NULL,NULL,'create_by','login_status',NULL,1,130,'登录日志全局搜索',0,'2026-06-17 00:00:00','2026-07-10 01:46:28'),('GS_LOG_OPERATION','log-operation','操作日志','system:log:search','/system/log','sys_operation_log','oper_id','title','business_type','title,module_name,request_method,request_url,client_ip','tenant_id',NULL,NULL,'create_by','success',NULL,1,140,'操作日志全局搜索',0,'2026-06-17 00:00:00','2026-07-10 01:46:28'),('GS_MENU','menu','菜单管理','system:menu:search','/system/menu','sys_menu','menu_id','menu_name','perms','menu_name,path,component,perms',NULL,NULL,NULL,'create_by','status',NULL,1,30,'菜单管理全局搜索',0,'2026-06-17 00:00:00','2026-07-10 01:46:28'),('GS_PACKAGE','package','套餐管理','system:package:search','/system/package','sys_package','package_id','package_name',NULL,'package_name,remark',NULL,NULL,NULL,'create_by','status',NULL,1,90,'套餐管理全局搜索',0,'2026-06-17 00:00:00','2026-07-10 01:46:28'),('GS_PAGE_CONFIG','page-config','页面配置','system:page-config:search','/system/page-config','sys_page_config','page_config_id','page_name','page_code','page_name,page_code,remark','tenant_id',NULL,NULL,'create_by','status','deleted',1,110,'页面配置全局搜索',0,'2026-06-17 00:00:00','2026-06-17 00:00:00'),('GS_ROLE','role','角色管理','system:role:search','/system/role','sys_role','role_id','role_name','role_key','role_name,role_key,remark','tenant_id',NULL,NULL,'create_by','status','deleted',1,20,'角色管理全局搜索',0,'2026-06-17 00:00:00','2026-06-17 00:00:00'),('GS_TENANT','tenant','租户管理','system:tenant:search','/system/tenant','sys_tenant','tenant_id','tenant_name',NULL,'tenant_name,domain_name,contact_user,contact_phone',NULL,NULL,NULL,'create_by','status',NULL,1,80,'租户管理全局搜索',0,'2026-06-17 00:00:00','2026-07-10 01:46:28'),('GS_THEME','theme','主题配置','system:theme:search','/system/theme','sys_theme','theme_id','theme_name','theme_key','theme_name,theme_key,remark','tenant_id',NULL,NULL,'create_by','status','deleted',0,100,'主题配置全局搜索',0,'2026-06-17 00:00:00','2026-07-10 01:46:19'),('GS_USER','user','用户管理','system:user:search','/system/user','sys_user','user_id','username','nickname','username,nickname,real_name,phone,email','tenant_id',NULL,'dept_id','create_by','status','deleted',1,10,'用户管理全局搜索',0,'2026-06-17 00:00:00','2026-06-17 00:00:00');
/*!40000 ALTER TABLE `sys_global_search_config` ENABLE KEYS */;
UNLOCK TABLES;

--
-- Table structure for table `sys_jobs`
--

DROP TABLE IF EXISTS `sys_jobs`;
/*!40101 SET @saved_cs_client     = @@character_set_client */;
/*!50503 SET character_set_client = utf8mb4 */;
CREATE TABLE `sys_jobs` (
  `job_id` varchar(32) NOT NULL,
  `tenant_id` varchar(32) NOT NULL,
  `user_id` varchar(32) DEFAULT NULL,
  `job_type` varchar(64) NOT NULL,
  `job_data` json DEFAULT NULL,
  `status` enum('queued','processing','completed','failed','cancelled') NOT NULL DEFAULT 'queued',
  `attempt` int NOT NULL DEFAULT '0',
  `max_attempts` int NOT NULL DEFAULT '3',
  `next_retry_at` datetime DEFAULT NULL,
  `error_message` text,
  `result` json DEFAULT NULL,
  `created_at` datetime NOT NULL DEFAULT CURRENT_TIMESTAMP,
  `updated_at` datetime DEFAULT CURRENT_TIMESTAMP ON UPDATE CURRENT_TIMESTAMP,
  PRIMARY KEY (`job_id`),
  KEY `idx_tenant_status` (`tenant_id`,`status`),
  KEY `idx_status_retry` (`status`,`next_retry_at`)
) ENGINE=InnoDB DEFAULT CHARSET=utf8mb4 COLLATE=utf8mb4_0900_ai_ci COMMENT='异步任务表';
/*!40101 SET character_set_client = @saved_cs_client */;

--
-- Dumping data for table `sys_jobs`
--

LOCK TABLES `sys_jobs` WRITE;
/*!40000 ALTER TABLE `sys_jobs` DISABLE KEYS */;
/*!40000 ALTER TABLE `sys_jobs` ENABLE KEYS */;
UNLOCK TABLES;

--
-- Table structure for table `sys_login_log`
--

DROP TABLE IF EXISTS `sys_login_log`;
/*!40101 SET @saved_cs_client     = @@character_set_client */;
/*!50503 SET character_set_client = utf8mb4 */;
CREATE TABLE `sys_login_log` (
  `log_id` varchar(32) NOT NULL COMMENT '日志ID',
  `tenant_id` varchar(32) NOT NULL DEFAULT '000000' COMMENT '租户ID',
  `user_id` varchar(32) DEFAULT NULL COMMENT '用户ID',
  `username` varchar(50) DEFAULT NULL COMMENT '用户名',
  `login_type` varchar(20) NOT NULL DEFAULT 'password' COMMENT '登录方式：password/otp/sms/oauth等',
  `login_status` char(1) NOT NULL DEFAULT '1' COMMENT '登录状态：1成功 0失败',
  `fail_reason` varchar(500) DEFAULT NULL COMMENT '失败原因',
  `login_ip` varchar(45) DEFAULT NULL COMMENT '登录IP',
  `user_agent` varchar(500) DEFAULT NULL COMMENT 'User-Agent',
  `request_id` varchar(64) DEFAULT NULL COMMENT '请求追踪ID',
  `login_time` datetime NOT NULL DEFAULT CURRENT_TIMESTAMP COMMENT '登录时间',
  PRIMARY KEY (`log_id`),
  KEY `idx_login_log_tenant_time` (`tenant_id`,`login_time`),
  KEY `idx_login_log_user_time` (`user_id`,`login_time`),
  KEY `idx_login_log_status` (`login_status`),
  KEY `idx_login_log_request_id` (`request_id`)
) ENGINE=InnoDB DEFAULT CHARSET=utf8mb4 COLLATE=utf8mb4_0900_ai_ci COMMENT='登录日志表';
/*!40101 SET character_set_client = @saved_cs_client */;

--
-- Dumping data for table `sys_login_log`
--

LOCK TABLES `sys_login_log` WRITE;
/*!40000 ALTER TABLE `sys_login_log` DISABLE KEYS */;
INSERT INTO `sys_login_log` VALUES ('325522806764867584','000000','000001','superadmin','password','1',NULL,NULL,NULL,NULL,'2026-06-17 06:31:25'),('325526706855219200','000000','000001','superadmin','password','1',NULL,NULL,NULL,NULL,'2026-06-17 06:46:55'),('325531365657415680','000000','000001','superadmin','password','1',NULL,NULL,NULL,NULL,'2026-06-17 07:05:26'),('325536736702763008','000000','000001','superadmin','password','1',NULL,NULL,NULL,NULL,'2026-06-17 07:26:47'),('325543494095605760','000000','000001','superadmin','password','1',NULL,NULL,NULL,NULL,'2026-06-17 07:53:38'),('325547892846759936','000000','000001','superadmin','password','1',NULL,NULL,NULL,NULL,'2026-06-17 08:11:06'),('325549562859229184','000000','000001','superadmin','password','1',NULL,NULL,NULL,NULL,'2026-06-17 08:17:45'),('325554295007219712','000000','000001','superadmin','password','1',NULL,NULL,NULL,NULL,'2026-06-17 08:36:33'),('325561651384422400','000000','000001','superadmin','password','1',NULL,NULL,NULL,NULL,'2026-06-17 09:05:47'),('325565118098313216','000000','000001','superadmin','password','1',NULL,NULL,NULL,NULL,'2026-06-17 09:19:33'),('325565503353524224','000000','000001','superadmin','password','1',NULL,NULL,NULL,NULL,'2026-06-17 09:21:05'),('325565721197285376','000000','000001','superadmin','password','1',NULL,NULL,NULL,NULL,'2026-06-17 09:21:57'),('325803729603399680','000000',NULL,' superadmin','password','0','租户、用户名或密码错误',NULL,NULL,NULL,'2026-06-18 01:07:44'),('325804006679121920','000000','000001','superadmin','password','1',NULL,NULL,NULL,NULL,'2026-06-18 01:08:50'),('325873514542403584','000000','000001','superadmin','password','1',NULL,NULL,NULL,NULL,'2026-06-18 05:45:00'),('325878281180155904','000000','000001','superadmin','password','1',NULL,NULL,NULL,NULL,'2026-06-18 06:03:56'),('325885774564298752','000000','000001','superadmin','password','1',NULL,NULL,NULL,NULL,'2026-06-18 06:33:43'),('325910076563001344','000000','000001','superadmin','password','1',NULL,NULL,NULL,NULL,'2026-06-18 08:10:17'),('325913303647916032','000000','000001','superadmin','password','1',NULL,NULL,NULL,NULL,'2026-06-18 08:23:07'),('325917881185472512','000000','000001','superadmin','password','1',NULL,NULL,NULL,NULL,'2026-06-18 08:41:18'),('325922060054433792','000000','000001','superadmin','password','1',NULL,NULL,NULL,NULL,'2026-06-18 08:57:54'),('325926558588080128','000000','000001','superadmin','password','1',NULL,NULL,NULL,NULL,'2026-06-18 09:15:47'),('325930490227986432','000000','000001','superadmin','password','1',NULL,NULL,NULL,NULL,'2026-06-18 09:31:24'),('327260289139609600','000000','000001','superadmin','password','1',NULL,NULL,NULL,NULL,'2026-06-22 01:35:34'),('327265616396423168','000000','000001','superadmin','password','1',NULL,NULL,NULL,NULL,'2026-06-22 01:56:44'),('327274864522170368','000000','000001','superadmin','password','1',NULL,NULL,NULL,NULL,'2026-06-22 02:33:29'),('327278641291595776','000000','000001','superadmin','password','1',NULL,NULL,NULL,NULL,'2026-06-22 02:48:30'),('327283650267844608','000000','000001','superadmin','password','1',NULL,NULL,NULL,NULL,'2026-06-22 03:08:24'),('327287720592412672','000000','000001','superadmin','password','1',NULL,NULL,NULL,NULL,'2026-06-22 03:24:34'),('327292046773719040','000000','000001','superadmin','password','1',NULL,NULL,NULL,NULL,'2026-06-22 03:41:46'),('327323628364500992','000000','000001','superadmin','password','1',NULL,NULL,NULL,NULL,'2026-06-22 05:47:14'),('327327215136149504','000000','000001','superadmin','password','1',NULL,NULL,NULL,NULL,'2026-06-22 06:01:29'),('327327534633062400','000000','000001','superadmin','password','1',NULL,NULL,NULL,NULL,'2026-06-22 06:02:45'),('327331723404775424','000000','000001','superadmin','password','1',NULL,'127.0.0.1','Mozilla/5.0 (Windows NT 10.0; Win64; x64) AppleWebKit/537.36 (KHTML, like Gecko) Chrome/149.0.0.0 Safari/537.36',NULL,'2026-06-22 06:19:24'),('327337331969363968','000000','000001','superadmin','password','1',NULL,NULL,'Mozilla/5.0 (Windows NT 10.0; Win64; x64) AppleWebKit/537.36 (KHTML, like Gecko) Chrome/149.0.0.0 Safari/537.36',NULL,'2026-06-22 06:41:41'),('327341267530944512','000000','000001','superadmin','password','1',NULL,NULL,'Mozilla/5.0 (Windows NT 10.0; Win64; x64) AppleWebKit/537.36 (KHTML, like Gecko) Chrome/149.0.0.0 Safari/537.36',NULL,'2026-06-22 06:57:20'),('327347048552730624','000000','000001','superadmin','password','1',NULL,NULL,'Mozilla/5.0 (Windows NT 10.0; Win64; x64) AppleWebKit/537.36 (KHTML, like Gecko) Chrome/149.0.0.0 Safari/537.36',NULL,'2026-06-22 07:20:18'),('327359753418313728','000000','000001','superadmin','password','1',NULL,NULL,'Mozilla/5.0 (Windows NT 10.0; Win64; x64) AppleWebKit/537.36 (KHTML, like Gecko) Chrome/149.0.0.0 Safari/537.36',NULL,'2026-06-22 08:10:47'),('327363866902269952','000000','000001','superadmin','password','1',NULL,NULL,'Mozilla/5.0 (Windows NT 10.0; Win64; x64) AppleWebKit/537.36 (KHTML, like Gecko) Chrome/149.0.0.0 Safari/537.36',NULL,'2026-06-22 08:27:08'),('327640591494156288','000000','000001','superadmin','password','1',NULL,NULL,'Mozilla/5.0 (Windows NT 10.0; Win64; x64) AppleWebKit/537.36 (KHTML, like Gecko) Chrome/149.0.0.0 Safari/537.36',NULL,'2026-06-23 02:46:45'),('327648788745424896','000000','000001','superadmin','password','1',NULL,NULL,'Mozilla/5.0 (Windows NT 10.0; Win64; x64) AppleWebKit/537.36 (KHTML, like Gecko) Chrome/149.0.0.0 Safari/537.36',NULL,'2026-06-23 03:19:20'),('327654387067523072','000000','000001','superadmin','password','1',NULL,'119.123.70.130','Mozilla/5.0 (Windows NT 10.0; Win64; x64) AppleWebKit/537.36 (KHTML, like Gecko) Chrome/149.0.0.0 Safari/537.36',NULL,'2026-06-23 03:41:35'),('327686933729906688','000000','000001','superadmin','password','1',NULL,NULL,'Mozilla/5.0 (Windows NT 10.0; Win64; x64) AppleWebKit/537.36 (KHTML, like Gecko) Chrome/149.0.0.0 Safari/537.36',NULL,'2026-06-23 05:50:53'),('327691688439058432','000000','000001','superadmin','password','1',NULL,NULL,'Mozilla/5.0 (Windows NT 10.0; Win64; x64) AppleWebKit/537.36 (KHTML, like Gecko) Chrome/149.0.0.0 Safari/537.36',NULL,'2026-06-23 06:09:46'),('327692299138109440','000000','000001','superadmin','password','1',NULL,NULL,'Mozilla/5.0 (Windows NT 10.0; Win64; x64) AppleWebKit/537.36 (KHTML, like Gecko) Chrome/149.0.0.0 Safari/537.36',NULL,'2026-06-23 06:12:12'),('327696667157598208','000000','000001','superadmin','password','1',NULL,NULL,'Mozilla/5.0 (Windows NT 10.0; Win64; x64) AppleWebKit/537.36 (KHTML, like Gecko) Chrome/149.0.0.0 Safari/537.36',NULL,'2026-06-23 06:29:33'),('327705198988496896','100000','100001','admin','password','1',NULL,NULL,'Mozilla/5.0 (Windows NT 10.0; Win64; x64) AppleWebKit/537.36 (KHTML, like Gecko) Chrome/149.0.0.0 Safari/537.36',NULL,'2026-06-23 07:03:28'),('327707697908682752','327707622562205696','327707622562205699','admin','password','1',NULL,NULL,'Mozilla/5.0 (Windows NT 10.0; Win64; x64) AppleWebKit/537.36 (KHTML, like Gecko) Chrome/149.0.0.0 Safari/537.36',NULL,'2026-06-23 07:13:23'),('327708703757307904','100000','100001','admin','password','1',NULL,NULL,'Mozilla/5.0 (Windows NT 10.0; Win64; x64) AppleWebKit/537.36 (KHTML, like Gecko) Chrome/149.0.0.0 Safari/537.36',NULL,'2026-06-23 07:17:23'),('327709181463367680','000000','000001','superadmin','password','1',NULL,NULL,'Mozilla/5.0 (Windows NT 10.0; Win64; x64) AppleWebKit/537.36 (KHTML, like Gecko) Chrome/149.0.0.0 Safari/537.36',NULL,'2026-06-23 07:19:17'),('327709861699784704','327707622562205696','327707622562205699','admin','password','1',NULL,NULL,'Mozilla/5.0 (Windows NT 10.0; Win64; x64) AppleWebKit/537.36 (KHTML, like Gecko) Chrome/149.0.0.0 Safari/537.36',NULL,'2026-06-23 07:21:59'),('327709970890100736','100000','100001','admin','password','1',NULL,NULL,'Mozilla/5.0 (Windows NT 10.0; Win64; x64) AppleWebKit/537.36 (KHTML, like Gecko) Chrome/149.0.0.0 Safari/537.36',NULL,'2026-06-23 07:22:25'),('327710898573676544','327707622562205696','327707622562205699','admin','password','1',NULL,NULL,'Mozilla/5.0 (Windows NT 10.0; Win64; x64) AppleWebKit/537.36 (KHTML, like Gecko) Chrome/149.0.0.0 Safari/537.36',NULL,'2026-06-23 07:26:07'),('327712721502081024','000000','327712656561672192','abc123','password','0','用户名或密码错误',NULL,'Mozilla/5.0 (Windows NT 10.0; Win64; x64) AppleWebKit/537.36 (KHTML, like Gecko) Chrome/149.0.0.0 Safari/537.36',NULL,'2026-06-23 07:33:21'),('327712748404346880','000000','000001','superadmin','password','1',NULL,NULL,'Mozilla/5.0 (Windows NT 10.0; Win64; x64) AppleWebKit/537.36 (KHTML, like Gecko) Chrome/149.0.0.0 Safari/537.36',NULL,'2026-06-23 07:33:28'),('327712854943862784','000000','327712656561672192','abc123','password','0','用户名或密码错误',NULL,'Mozilla/5.0 (Windows NT 10.0; Win64; x64) AppleWebKit/537.36 (KHTML, like Gecko) Chrome/149.0.0.0 Safari/537.36',NULL,'2026-06-23 07:33:53'),('327712947210162176','000000','327712656561672192','abc123','password','1',NULL,NULL,'Mozilla/5.0 (Windows NT 10.0; Win64; x64) AppleWebKit/537.36 (KHTML, like Gecko) Chrome/149.0.0.0 Safari/537.36',NULL,'2026-06-23 07:34:15'),('327713019410911232','000000','000001','superadmin','password','1',NULL,NULL,'Mozilla/5.0 (Windows NT 10.0; Win64; x64) AppleWebKit/537.36 (KHTML, like Gecko) Chrome/149.0.0.0 Safari/537.36',NULL,'2026-06-23 07:34:32'),('327713475965095936','000000','327713420797415424','admin123','password','1',NULL,NULL,'Mozilla/5.0 (Windows NT 10.0; Win64; x64) AppleWebKit/537.36 (KHTML, like Gecko) Chrome/149.0.0.0 Safari/537.36',NULL,'2026-06-23 07:36:21'),('327713596689747968','000000','000001','superadmin','password','1',NULL,NULL,'Mozilla/5.0 (Windows NT 10.0; Win64; x64) AppleWebKit/537.36 (KHTML, like Gecko) Chrome/149.0.0.0 Safari/537.36',NULL,'2026-06-23 07:36:50'),('327713809424846848','100000','100001','admin','password','1',NULL,NULL,'Mozilla/5.0 (Windows NT 10.0; Win64; x64) AppleWebKit/537.36 (KHTML, like Gecko) Chrome/149.0.0.0 Safari/537.36',NULL,'2026-06-23 07:37:41'),('327714079500275712','327707622562205696','327707622562205699','admin','password','1',NULL,'119.123.70.130','Mozilla/5.0 (Windows NT 10.0; Win64; x64) AppleWebKit/537.36 (KHTML, like Gecko) Chrome/149.0.0.0 Safari/537.36',NULL,'2026-06-23 07:38:45'),('327714391824928768','000000','000001','superadmin','password','1',NULL,'119.123.70.130','Mozilla/5.0 (Windows NT 10.0; Win64; x64) AppleWebKit/537.36 (KHTML, like Gecko) Chrome/149.0.0.0 Safari/537.36',NULL,'2026-06-23 07:39:59'),('327720021314899968','000000',NULL,'admin','password','0','租户、用户名或密码错误',NULL,'Mozilla/5.0 (Windows NT 10.0; Win64; x64) AppleWebKit/537.36 (KHTML, like Gecko) Chrome/149.0.0.0 Safari/537.36',NULL,'2026-06-23 08:02:22'),('327720053464240128','000000',NULL,'admin','password','0','租户、用户名或密码错误',NULL,'Mozilla/5.0 (Windows NT 10.0; Win64; x64) AppleWebKit/537.36 (KHTML, like Gecko) Chrome/149.0.0.0 Safari/537.36',NULL,'2026-06-23 08:02:29'),('327720079225655296','000000',NULL,'admin','password','0','租户、用户名或密码错误',NULL,'Mozilla/5.0 (Windows NT 10.0; Win64; x64) AppleWebKit/537.36 (KHTML, like Gecko) Chrome/149.0.0.0 Safari/537.36',NULL,'2026-06-23 08:02:35'),('327720156421820416','327707622562205696','327707622562205699','admin','password','1',NULL,NULL,'Mozilla/5.0 (Windows NT 10.0; Win64; x64) AppleWebKit/537.36 (KHTML, like Gecko) Chrome/149.0.0.0 Safari/537.36',NULL,'2026-06-23 08:02:54'),('327721576357302272','000000','000001','superadmin','password','1',NULL,NULL,'Mozilla/5.0 (Windows NT 10.0; Win64; x64) AppleWebKit/537.36 (KHTML, like Gecko) Chrome/149.0.0.0 Safari/537.36',NULL,'2026-06-23 08:08:32'),('327722804629868544','327722727416926208','327722727416926211','admin','password','0','用户名或密码错误',NULL,'Mozilla/5.0 (Windows NT 10.0; Win64; x64) AppleWebKit/537.36 (KHTML, like Gecko) Chrome/149.0.0.0 Safari/537.36',NULL,'2026-06-23 08:13:25'),('327722858014969856','327722727416926208','327722727416926211','admin','password','0','用户名或密码错误',NULL,'Mozilla/5.0 (Windows NT 10.0; Win64; x64) AppleWebKit/537.36 (KHTML, like Gecko) Chrome/149.0.0.0 Safari/537.36',NULL,'2026-06-23 08:13:38'),('327722903976153088','327722727416926208','327722727416926211','admin','password','0','用户名或密码错误',NULL,'Mozilla/5.0 (Windows NT 10.0; Win64; x64) AppleWebKit/537.36 (KHTML, like Gecko) Chrome/149.0.0.0 Safari/537.36',NULL,'2026-06-23 08:13:49'),('327723676474675200','327722727416926208','327722727416926211','admin','password','0','用户名或密码错误',NULL,'Mozilla/5.0 (Windows NT 10.0; Win64; x64) AppleWebKit/537.36 (KHTML, like Gecko) Chrome/149.0.0.0 Safari/537.36',NULL,'2026-06-23 08:16:53'),('327723732372164608','327722727416926208','327722727416926211','admin','password','1',NULL,NULL,'Mozilla/5.0 (Windows NT 10.0; Win64; x64) AppleWebKit/537.36 (KHTML, like Gecko) Chrome/149.0.0.0 Safari/537.36',NULL,'2026-06-23 08:17:06'),('327725880828891136','000000','000001','superadmin','password','1',NULL,NULL,'Mozilla/5.0 (Windows NT 10.0; Win64; x64) AppleWebKit/537.36 (KHTML, like Gecko) Chrome/149.0.0.0 Safari/537.36',NULL,'2026-06-23 08:25:39'),('328100742047076352','000000','000001','superadmin','password','1',NULL,'119.123.70.130','Mozilla/5.0 (Windows NT 10.0; Win64; x64) AppleWebKit/537.36 (KHTML, like Gecko) Chrome/149.0.0.0 Safari/537.36',NULL,'2026-06-24 09:15:13'),('328100997006233600','000000','000001','superadmin','password','1',NULL,'119.123.70.130','Mozilla/5.0 (Windows NT 10.0; Win64; x64) AppleWebKit/537.36 (KHTML, like Gecko) Chrome/149.0.0.0 Safari/537.36',NULL,'2026-06-24 09:16:13'),('328101259443834880','000000','000001','superadmin','password','1',NULL,'119.123.70.130','Mozilla/5.0 (Windows NT 10.0; Win64; x64) AppleWebKit/537.36 (KHTML, like Gecko) Chrome/149.0.0.0 Safari/537.36',NULL,'2026-06-24 09:17:16'),('328103668555583488','000000','000001','superadmin','password','1',NULL,'119.123.70.130','Mozilla/5.0 (iPhone; CPU iPhone OS 18_5 like Mac OS X) AppleWebKit/605.1.15 (KHTML, like Gecko) Version/18.5 Mobile/15E148 Safari/604.1',NULL,'2026-06-24 09:26:50'),('328103671369961472','000000','000001','superadmin','password','1',NULL,'119.123.70.130','Mozilla/5.0 (Windows NT 10.0; Win64; x64) AppleWebKit/537.36 (KHTML, like Gecko) Chrome/149.0.0.0 Safari/537.36',NULL,'2026-06-24 09:26:51'),('328103672733110272','000000','000001','superadmin','password','1',NULL,'119.123.70.130','Mozilla/5.0 (Windows NT 10.0; Win64; x64) AppleWebKit/537.36 (KHTML, like Gecko) Cursor/3.7.27 Chrome/142.0.7444.265 Electron/39.8.1 Safari/537.36',NULL,'2026-06-24 09:26:51'),('328104025587322880','000000','000001','superadmin','password','1',NULL,'119.123.70.130','Mozilla/5.0 (Windows NT 10.0; Win64; x64) AppleWebKit/537.36 (KHTML, like Gecko) Chrome/149.0.0.0 Safari/537.36',NULL,'2026-06-24 09:28:16'),('328104229015261184','000000','000001','superadmin','password','1',NULL,'119.123.70.130','Mozilla/5.0 (Windows NT 10.0; Win64; x64) AppleWebKit/537.36 (KHTML, like Gecko) Chrome/149.0.0.0 Safari/537.36',NULL,'2026-06-24 09:29:04'),('328104229149478912','000000','000001','superadmin','password','1',NULL,'119.123.70.130','Mozilla/5.0 (Windows NT 10.0; Win64; x64) AppleWebKit/537.36 (KHTML, like Gecko) Chrome/149.0.0.0 Safari/537.36',NULL,'2026-06-24 09:29:04'),('328104229954785280','000000','000001','superadmin','password','1',NULL,'119.123.70.130','Mozilla/5.0 (Windows NT 10.0; Win64; x64) AppleWebKit/537.36 (KHTML, like Gecko) Cursor/3.7.27 Chrome/142.0.7444.265 Electron/39.8.1 Safari/537.36',NULL,'2026-06-24 09:29:04'),('328104254692790272','000000','000001','superadmin','password','1',NULL,'119.123.70.130','Mozilla/5.0 (Windows NT 10.0; Win64; x64) AppleWebKit/537.36 (KHTML, like Gecko) Chrome/149.0.0.0 Safari/537.36',NULL,'2026-06-24 09:29:10'),('328104255816863744','000000','000001','superadmin','password','1',NULL,'119.123.70.130','Mozilla/5.0 (Windows NT 10.0; Win64; x64) AppleWebKit/537.36 (KHTML, like Gecko) Cursor/3.7.27 Chrome/142.0.7444.265 Electron/39.8.1 Safari/537.36',NULL,'2026-06-24 09:29:10'),('328104255980441600','000000','000001','superadmin','password','1',NULL,'119.123.70.130','Mozilla/5.0 (Windows NT 10.0; Win64; x64) AppleWebKit/537.36 (KHTML, like Gecko) Chrome/149.0.0.0 Safari/537.36',NULL,'2026-06-24 09:29:10'),('328104390735040512','000000','000001','superadmin','password','1',NULL,'119.123.70.130','Mozilla/5.0 (Windows NT 10.0; Win64; x64) AppleWebKit/537.36 (KHTML, like Gecko) Chrome/149.0.0.0 Safari/537.36',NULL,'2026-06-24 09:29:43'),('328104818730209280','000000','000001','superadmin','password','1',NULL,'119.123.70.130','Mozilla/5.0 (Windows NT 10.0; Win64; x64) AppleWebKit/537.36 (KHTML, like Gecko) Chrome/149.0.0.0 Safari/537.36',NULL,'2026-06-24 09:31:25'),('328104829870280704','000000','000001','superadmin','password','1',NULL,'119.123.70.130','Mozilla/5.0 (Windows NT 10.0; Win64; x64) AppleWebKit/537.36 (KHTML, like Gecko) Chrome/149.0.0.0 Safari/537.36',NULL,'2026-06-24 09:31:27'),('328104842805514240','000000','000001','superadmin','password','1',NULL,'119.123.70.130','Mozilla/5.0 (Windows NT 10.0; Win64; x64) AppleWebKit/537.36 (KHTML, like Gecko) Chrome/149.0.0.0 Safari/537.36',NULL,'2026-06-24 09:31:30'),('328105609297793024','000000','000001','superadmin','password','1',NULL,'119.123.70.130','Mozilla/5.0 (Windows NT 10.0; Win64; x64) AppleWebKit/537.36 (KHTML, like Gecko) Chrome/149.0.0.0 Safari/537.36',NULL,'2026-06-24 09:34:33'),('328105646958448640','000000','000001','superadmin','password','1',NULL,'119.123.70.130','Mozilla/5.0 (Windows NT 10.0; Win64; x64) AppleWebKit/537.36 (KHTML, like Gecko) Chrome/149.0.0.0 Safari/537.36',NULL,'2026-06-24 09:34:42'),('328106606044778496','000000','000001','superadmin','password','1',NULL,'119.123.70.130','Mozilla/5.0 (Windows NT 10.0; Win64; x64) AppleWebKit/537.36 (KHTML, like Gecko) Chrome/149.0.0.0 Safari/537.36',NULL,'2026-06-24 09:38:31'),('328106726933008384','000000','000001','superadmin','password','1',NULL,'119.123.70.130','Mozilla/5.0 (Windows NT 10.0; Win64; x64) AppleWebKit/537.36 (KHTML, like Gecko) Chrome/149.0.0.0 Safari/537.36',NULL,'2026-06-24 09:39:00'),('328106847141761024','000000','000001','superadmin','password','1',NULL,'119.123.70.130','Mozilla/5.0 (Windows NT 10.0; Win64; x64) AppleWebKit/537.36 (KHTML, like Gecko) Chrome/149.0.0.0 Safari/537.36',NULL,'2026-06-24 09:39:28'),('328106908185661440','000000','000001','superadmin','password','1',NULL,'119.123.70.130','Mozilla/5.0 (Windows NT 10.0; Win64; x64) AppleWebKit/537.36 (KHTML, like Gecko) Chrome/149.0.0.0 Safari/537.36',NULL,'2026-06-24 09:39:43'),('328107320754180096','000000','000001','superadmin','password','1',NULL,'119.123.70.130','Mozilla/5.0 (Windows NT 10.0; Win64; x64) AppleWebKit/537.36 (KHTML, like Gecko) Chrome/148.0.0.0 Safari/537.36 Edg/148.0.0.0',NULL,'2026-06-24 09:41:21'),('328107587365113856','000000','000001','superadmin','password','1',NULL,'119.123.70.130','Mozilla/5.0 (Linux; Android 6.0; Nexus 5 Build/MRA58N) AppleWebKit/537.36 (KHTML, like Gecko) Chrome/148.0.0.0 Mobile Safari/537.36 Edg/148.0.0.0',NULL,'2026-06-24 09:42:25'),('328107880760872960','000000','000001','superadmin','password','1',NULL,'119.123.70.130','Mozilla/5.0 (Windows NT 10.0; Win64; x64) AppleWebKit/537.36 (KHTML, like Gecko) Chrome/149.0.0.0 Safari/537.36',NULL,'2026-06-24 09:43:35'),('328108971254747136','000000','000001','superadmin','password','1',NULL,'119.123.70.130','Mozilla/5.0 (Windows NT 10.0; Win64; x64) AppleWebKit/537.36 (KHTML, like Gecko) Chrome/149.0.0.0 Safari/537.36',NULL,'2026-06-24 09:47:55'),('328109550039339008','000000','000001','superadmin','password','1',NULL,'119.123.70.130','Mozilla/5.0 (Windows NT 10.0; Win64; x64) AppleWebKit/537.36 (KHTML, like Gecko) Chrome/149.0.0.0 Safari/537.36',NULL,'2026-06-24 09:50:13'),('328109606272372736','000000','000001','superadmin','password','1',NULL,'119.123.70.130','Mozilla/5.0 (Windows NT 10.0; Win64; x64) AppleWebKit/537.36 (KHTML, like Gecko) Chrome/149.0.0.0 Safari/537.36',NULL,'2026-06-24 09:50:26'),('328112306410098688','000000','000001','superadmin','password','1',NULL,NULL,'Mozilla/5.0 (Windows NT 10.0; Win64; x64) AppleWebKit/537.36 (KHTML, like Gecko) Chrome/149.0.0.0 Safari/537.36',NULL,'2026-06-24 10:01:10'),('328131631359594496','000000','000001','superadmin','password','1',NULL,'119.123.70.130','Mozilla/5.0 (Windows NT 10.0; Win64; x64) AppleWebKit/537.36 (KHTML, like Gecko) Chrome/148.0.0.0 Safari/537.36 Edg/148.0.0.0',NULL,'2026-06-24 11:17:57'),('328344426416050176','000000','000001','superadmin','password','1',NULL,'119.123.70.130','Mozilla/5.0 (Windows NT 10.0; Win64; x64) AppleWebKit/537.36 (KHTML, like Gecko) Chrome/149.0.0.0 Safari/537.36',NULL,'2026-06-25 01:23:33'),('328344590480445440','000000','000001','superadmin','password','1',NULL,NULL,'Mozilla/5.0 (Windows NT 10.0; Win64; x64) AppleWebKit/537.36 (KHTML, like Gecko) Chrome/149.0.0.0 Safari/537.36',NULL,'2026-06-25 01:24:12'),('328346643994906624','000000','000001','superadmin','password','1',NULL,'119.123.70.130','Mozilla/5.0 (Windows NT 10.0; Win64; x64) AppleWebKit/537.36 (KHTML, like Gecko) Chrome/149.0.0.0 Safari/537.36',NULL,'2026-06-25 01:32:21'),('328346645219643392','000000','000001','superadmin','password','1',NULL,'119.123.70.130','Mozilla/5.0 (Windows NT 10.0; Win64; x64) AppleWebKit/537.36 (KHTML, like Gecko) Cursor/3.7.27 Chrome/142.0.7444.265 Electron/39.8.1 Safari/537.36',NULL,'2026-06-25 01:32:22'),('328346688127373312','000000','000001','superadmin','password','1',NULL,'119.123.70.130','Mozilla/5.0 (Windows NT 10.0; Win64; x64) AppleWebKit/537.36 (KHTML, like Gecko) Chrome/149.0.0.0 Safari/537.36',NULL,'2026-06-25 01:32:32'),('328347242517893120','000000','000001','superadmin','password','1',NULL,'119.123.70.130','Mozilla/5.0 (Windows NT 10.0; Win64; x64) AppleWebKit/537.36 (KHTML, like Gecko) Chrome/149.0.0.0 Safari/537.36',NULL,'2026-06-25 01:34:44'),('328350070846132224','000000','000001','superadmin','password','1',NULL,'119.123.70.130','Mozilla/5.0 (Windows NT 10.0; Win64; x64) AppleWebKit/537.36 (KHTML, like Gecko) Chrome/149.0.0.0 Safari/537.36',NULL,'2026-06-25 01:45:58'),('328352560245248000','000000','000001','superadmin','password','1',NULL,'119.123.70.130','Mozilla/5.0 (Windows NT 10.0; Win64; x64) AppleWebKit/537.36 (KHTML, like Gecko) Cursor/3.7.27 Chrome/142.0.7444.265 Electron/39.8.1 Safari/537.36',NULL,'2026-06-25 01:55:52'),('328360745773436928','000000','000001','superadmin','password','1',NULL,'119.123.70.130','Mozilla/5.0 (Windows NT 10.0; Win64; x64) AppleWebKit/537.36 (KHTML, like Gecko) Chrome/149.0.0.0 Safari/537.36',NULL,'2026-06-25 02:28:24'),('328360751460913152','000000','000001','superadmin','password','1',NULL,'119.123.70.130','Mozilla/5.0 (Windows NT 10.0; Win64; x64) AppleWebKit/537.36 (KHTML, like Gecko) Chrome/149.0.0.0 Safari/537.36',NULL,'2026-06-25 02:28:25'),('328360756317917184','000000','000001','superadmin','password','1',NULL,'119.123.70.130','Mozilla/5.0 (Windows NT 10.0; Win64; x64) AppleWebKit/537.36 (KHTML, like Gecko) Cursor/3.7.27 Chrome/142.0.7444.265 Electron/39.8.1 Safari/537.36',NULL,'2026-06-25 02:28:26'),('328361196631756800','000000','000001','superadmin','password','1',NULL,'119.123.70.130','Mozilla/5.0 (iPhone; CPU iPhone OS 18_5 like Mac OS X) AppleWebKit/605.1.15 (KHTML, like Gecko) Version/18.5 Mobile/15E148 Safari/604.1',NULL,'2026-06-25 02:30:11'),('328362520656089088','000000','000001','superadmin','password','1',NULL,'119.123.70.130','Mozilla/5.0 (iPhone; CPU iPhone OS 18_5 like Mac OS X) AppleWebKit/605.1.15 (KHTML, like Gecko) Version/18.5 Mobile/15E148 Safari/604.1',NULL,'2026-06-25 02:35:27'),('328364599655141376','000000','000001','superadmin','password','1',NULL,'119.123.70.130','Mozilla/5.0 (Windows NT 10.0; Win64; x64) AppleWebKit/537.36 (KHTML, like Gecko) Chrome/149.0.0.0 Safari/537.36',NULL,'2026-06-25 02:43:42'),('328364808829276160','000000','000001','superadmin','password','1',NULL,'119.123.70.130','Mozilla/5.0 (Windows NT 10.0; Win64; x64) AppleWebKit/537.36 (KHTML, like Gecko) Chrome/149.0.0.0 Safari/537.36',NULL,'2026-06-25 02:44:32'),('328364875141222400','000000','000001','superadmin','password','1',NULL,'119.123.70.130','Mozilla/5.0 (Windows NT 10.0; Win64; x64) AppleWebKit/537.36 (KHTML, like Gecko) Chrome/149.0.0.0 Safari/537.36',NULL,'2026-06-25 02:44:48'),('328364881713696768','000000','000001','superadmin','password','1',NULL,'119.123.70.130','Mozilla/5.0 (Windows NT 10.0; Win64; x64) AppleWebKit/537.36 (KHTML, like Gecko) Chrome/149.0.0.0 Safari/537.36',NULL,'2026-06-25 02:44:50'),('328366767321780224','000000','000001','superadmin','password','1',NULL,'119.123.70.130','Mozilla/5.0 (Windows NT 10.0; Win64; x64) AppleWebKit/537.36 (KHTML, like Gecko) Chrome/149.0.0.0 Safari/537.36',NULL,'2026-06-25 02:52:19'),('328367781932306432','000000','328367322727321600','test123','password','1',NULL,NULL,'Mozilla/5.0 (Windows NT 10.0; Win64; x64) AppleWebKit/537.36 (KHTML, like Gecko) Chrome/149.0.0.0 Safari/537.36',NULL,'2026-06-25 02:56:21'),('328367798688550912','000000','328367322727321600','test123','password','1',NULL,NULL,'Mozilla/5.0 (Windows NT 10.0; Win64; x64) AppleWebKit/537.36 (KHTML, like Gecko) Chrome/149.0.0.0 Safari/537.36',NULL,'2026-06-25 02:56:25'),('328367877801512960','000000','000001','superadmin','password','1',NULL,'119.123.70.130','Mozilla/5.0 (Windows NT 10.0; Win64; x64) AppleWebKit/537.36 (KHTML, like Gecko) Chrome/149.0.0.0 Safari/537.36',NULL,'2026-06-25 02:56:44'),('328371095067561984','000000','000001','superadmin','password','1',NULL,'119.123.70.130','Mozilla/5.0 (Windows NT 10.0; Win64; x64) AppleWebKit/537.36 (KHTML, like Gecko) Chrome/149.0.0.0 Safari/537.36',NULL,'2026-06-25 03:09:31'),('328371525193437184','000000','000001','superadmin','password','1',NULL,NULL,'Mozilla/5.0 (Macintosh; Intel Mac OS X 10_15_7) AppleWebKit/537.36 (KHTML, like Gecko) Chrome/149.0.0.0 Safari/537.36',NULL,'2026-06-25 03:11:14'),('328373494893121536','328373289850376192','328373289850376195','admin','password','1',NULL,NULL,'Mozilla/5.0 (Windows NT 10.0; Win64; x64) AppleWebKit/537.36 (KHTML, like Gecko) Chrome/149.0.0.0 Safari/537.36',NULL,'2026-06-25 03:19:03'),('328374672792096768','328373289850376192','328373289850376195','admin','password','1',NULL,NULL,'Mozilla/5.0 (Windows NT 10.0; Win64; x64) AppleWebKit/537.36 (KHTML, like Gecko) Chrome/149.0.0.0 Safari/537.36',NULL,'2026-06-25 03:23:44'),('328374728001720320','000000','000001','superadmin','password','1',NULL,NULL,'Mozilla/5.0 (Windows NT 10.0; Win64; x64) AppleWebKit/537.36 (KHTML, like Gecko) Chrome/149.0.0.0 Safari/537.36',NULL,'2026-06-25 03:23:57'),('328374867617517568','328373289850376192','328373289850376195','admin','password','1',NULL,NULL,'Mozilla/5.0 (Windows NT 10.0; Win64; x64) AppleWebKit/537.36 (KHTML, like Gecko) Chrome/149.0.0.0 Safari/537.36',NULL,'2026-06-25 03:24:30'),('328375338444918784','328373289850376192','328373289850376195','admin','password','1',NULL,NULL,'Mozilla/5.0 (Macintosh; Intel Mac OS X 10_15_7) AppleWebKit/537.36 (KHTML, like Gecko) Chrome/149.0.0.0 Safari/537.36',NULL,'2026-06-25 03:26:23'),('328375632524349440','000000','000001','superadmin','password','1',NULL,'119.123.70.130','Mozilla/5.0 (Windows NT 10.0; Win64; x64) AppleWebKit/537.36 (KHTML, like Gecko) Chrome/149.0.0.0 Safari/537.36',NULL,'2026-06-25 03:27:33'),('328375691580149760','328373289850376192','328373289850376195','admin','password','1',NULL,NULL,'Mozilla/5.0 (Macintosh; Intel Mac OS X 10_15_7) AppleWebKit/537.36 (KHTML, like Gecko) Chrome/149.0.0.0 Safari/537.36',NULL,'2026-06-25 03:27:47'),('328379050076803072','000000','000001','superadmin','password','1',NULL,'119.123.70.130','Mozilla/5.0 (Windows NT 10.0; Win64; x64) AppleWebKit/537.36 (KHTML, like Gecko) Chrome/149.0.0.0 Safari/537.36',NULL,'2026-06-25 03:41:06'),('328379051544809472','000000','000001','superadmin','password','1',NULL,'119.123.70.130','Mozilla/5.0 (Windows NT 10.0; Win64; x64) AppleWebKit/537.36 (KHTML, like Gecko) Cursor/3.7.27 Chrome/142.0.7444.265 Electron/39.8.1 Safari/537.36',NULL,'2026-06-25 03:41:06'),('328379135070179328','000000','000001','superadmin','password','1',NULL,'119.123.70.130','Mozilla/5.0 (Windows NT 10.0; Win64; x64) AppleWebKit/537.36 (KHTML, like Gecko) Chrome/149.0.0.0 Safari/537.36',NULL,'2026-06-25 03:41:26'),('328379522548371456','000000','000001','superadmin','password','1',NULL,'119.123.70.130','Mozilla/5.0 (Windows NT 10.0; Win64; x64) AppleWebKit/537.36 (KHTML, like Gecko) Chrome/149.0.0.0 Safari/537.36',NULL,'2026-06-25 03:42:59'),('328379655730106368','000000','000001','superadmin','password','1',NULL,'119.123.70.130','Mozilla/5.0 (Windows NT 10.0; Win64; x64) AppleWebKit/537.36 (KHTML, like Gecko) Chrome/149.0.0.0 Safari/537.36',NULL,'2026-06-25 03:43:30'),('328433678428540928','000000','000001','superadmin','password','1',NULL,NULL,'Mozilla/5.0 (Windows NT 10.0; Win64; x64) AppleWebKit/537.36 (KHTML, like Gecko) Chrome/149.0.0.0 Safari/537.36',NULL,'2026-06-25 07:18:10'),('328433752885825536','000000','000001','superadmin','password','1',NULL,'119.123.70.130','Mozilla/5.0 (Windows NT 10.0; Win64; x64) AppleWebKit/537.36 (KHTML, like Gecko) Chrome/149.0.0.0 Safari/537.36 Edg/149.0.0.0',NULL,'2026-06-25 07:18:28'),('328434020272705536','000000','000001','superadmin','password','1',NULL,'119.123.70.130','Mozilla/5.0 (Windows NT 10.0; Win64; x64) AppleWebKit/537.36 (KHTML, like Gecko) Chrome/149.0.0.0 Safari/537.36 Edg/149.0.0.0',NULL,'2026-06-25 07:19:31'),('328434466366296064','000000','328367322727321600','test123','password','1',NULL,NULL,'Mozilla/5.0 (Windows NT 10.0; Win64; x64) AppleWebKit/537.36 (KHTML, like Gecko) Chrome/149.0.0.0 Safari/537.36',NULL,'2026-06-25 07:21:18'),('328434821170860032','000000','000001','superadmin','password','1',NULL,'119.123.70.130','Mozilla/5.0 (Windows NT 10.0; Win64; x64) AppleWebKit/537.36 (KHTML, like Gecko) Chrome/149.0.0.0 Safari/537.36',NULL,'2026-06-25 07:22:42'),('333439916988043264','000000','000001','superadmin','password','1',NULL,NULL,'Mozilla/5.0 (Windows NT 10.0; Win64; x64) AppleWebKit/537.36 (KHTML, like Gecko) Chrome/149.0.0.0 Safari/537.36',NULL,'2026-07-09 02:51:12'),('333449343350738944','000000','000001','superadmin','password','1',NULL,NULL,'Mozilla/5.0 (Windows NT 10.0; Win64; x64) AppleWebKit/537.36 (KHTML, like Gecko) Chrome/149.0.0.0 Safari/537.36',NULL,'2026-07-09 03:28:40');
/*!40000 ALTER TABLE `sys_login_log` ENABLE KEYS */;
UNLOCK TABLES;

--
-- Table structure for table `sys_menu`
--

DROP TABLE IF EXISTS `sys_menu`;
/*!40101 SET @saved_cs_client     = @@character_set_client */;
/*!50503 SET character_set_client = utf8mb4 */;
CREATE TABLE `sys_menu` (
  `menu_id` varchar(32) NOT NULL COMMENT '菜单ID，全局菜单',
  `parent_id` varchar(32) NOT NULL DEFAULT '000000' COMMENT '父菜单ID，000000表示根节点',
  `menu_name` varchar(50) NOT NULL COMMENT '菜单名称',
  `path` varchar(200) DEFAULT NULL COMMENT '路由路径',
  `component` varchar(200) DEFAULT NULL COMMENT '组件路径',
  `perms` varchar(100) DEFAULT NULL COMMENT '权限标识',
  `icon` varchar(100) DEFAULT NULL COMMENT '图标',
  `menu_type` char(1) NOT NULL DEFAULT '1' COMMENT '0目录 1菜单 2按钮',
  `sort_num` int NOT NULL DEFAULT '0' COMMENT '排序',
  `status` char(1) NOT NULL DEFAULT '0' COMMENT '0正常 1停用',
  `create_time` datetime NOT NULL DEFAULT CURRENT_TIMESTAMP COMMENT '创建时间',
  `update_time` datetime DEFAULT CURRENT_TIMESTAMP ON UPDATE CURRENT_TIMESTAMP COMMENT '更新时间',
  PRIMARY KEY (`menu_id`),
  KEY `idx_menu_parent` (`parent_id`)
) ENGINE=InnoDB DEFAULT CHARSET=utf8mb4 COLLATE=utf8mb4_0900_ai_ci COMMENT='全局菜单表';
/*!40101 SET character_set_client = @saved_cs_client */;

--
-- Dumping data for table `sys_menu`
--

LOCK TABLES `sys_menu` WRITE;
/*!40000 ALTER TABLE `sys_menu` DISABLE KEYS */;
INSERT INTO `sys_menu` VALUES ('000100','000000','系统管理','/system',NULL,NULL,'SettingOutlined','0',30,'0','2026-06-11 00:58:56','2026-06-17 08:05:37'),('000110','000000','租户管理','/tenant',NULL,NULL,'UsergroupAddOutlined','0',40,'0','2026-06-11 00:58:56','2026-06-17 08:05:50'),('000111','000110','租户列表','/tenant/list','system/tenant-package/tenant','system:tenant:list','UsergroupDeleteOutlined','1',1,'0','2026-06-11 00:58:56','2026-06-16 01:46:18'),('000112','000110','租户套餐','/tenant/package','system/tenant-package/package','system:package:list','SketchOutlined','1',2,'0','2026-06-11 00:58:56','2026-06-16 01:46:18'),('000113','000111','查询',NULL,NULL,'system:tenant:list',NULL,'2',1,'0','2026-06-11 00:58:56','2026-06-11 02:37:44'),('000114','000111','新增',NULL,NULL,'system:tenant:add',NULL,'2',2,'0','2026-06-11 00:58:56','2026-06-11 02:37:44'),('000115','000111','修改',NULL,NULL,'system:tenant:edit',NULL,'2',3,'0','2026-06-11 02:37:44','2026-06-11 02:37:44'),('000116','000111','删除',NULL,NULL,'system:tenant:remove',NULL,'2',4,'0','2026-06-11 02:37:44','2026-06-11 02:37:44'),('000117','000112','查询',NULL,NULL,'system:package:list',NULL,'2',1,'0','2026-06-11 02:37:44','2026-06-11 02:37:44'),('000118','000112','新增',NULL,NULL,'system:package:add',NULL,'2',2,'0','2026-06-11 02:37:44','2026-06-11 02:37:44'),('000119','000112','修改',NULL,NULL,'system:package:edit',NULL,'2',3,'0','2026-06-11 02:37:44','2026-06-11 02:37:44'),('00011A','000112','删除',NULL,NULL,'system:package:remove',NULL,'2',4,'0','2026-06-11 02:37:44','2026-06-11 02:37:44'),('000120','000100','部门管理','/system/dept','system/dept','system:dept:list',NULL,'1',2,'0','2026-06-11 00:58:56','2026-06-11 00:58:56'),('000121','000120','查询',NULL,NULL,'system:dept:list',NULL,'2',1,'0','2026-06-11 00:58:56','2026-06-11 00:58:56'),('000122','000120','新增',NULL,NULL,'system:dept:add',NULL,'2',2,'0','2026-06-11 00:58:56','2026-06-11 00:58:56'),('000123','000120','修改',NULL,NULL,'system:dept:edit',NULL,'2',3,'0','2026-06-11 00:58:56','2026-06-11 00:58:56'),('000124','000120','删除',NULL,NULL,'system:dept:remove',NULL,'2',4,'0','2026-06-11 00:58:56','2026-06-11 00:58:56'),('000130','000100','用户管理','/system/user','system/user','system:user:list',NULL,'1',3,'0','2026-06-11 00:58:56','2026-06-11 00:58:56'),('000131','000130','查询',NULL,NULL,'system:user:list',NULL,'2',1,'0','2026-06-11 00:58:56','2026-06-11 00:58:56'),('000132','000130','新增',NULL,NULL,'system:user:add',NULL,'2',2,'0','2026-06-11 00:58:56','2026-06-11 00:58:56'),('000133','000130','修改',NULL,NULL,'system:user:edit',NULL,'2',3,'0','2026-06-11 00:58:56','2026-06-11 00:58:56'),('000134','000130','删除',NULL,NULL,'system:user:remove',NULL,'2',4,'0','2026-06-11 00:58:56','2026-06-11 00:58:56'),('000135','000130','重置密码',NULL,NULL,'system:user:resetPwd',NULL,'2',5,'0','2026-06-11 00:58:56','2026-06-11 00:58:56'),('000140','000100','角色管理','/system/role','system/role','system:role:list',NULL,'1',4,'0','2026-06-11 00:58:56','2026-06-11 00:58:56'),('000141','000140','查询',NULL,NULL,'system:role:list',NULL,'2',1,'0','2026-06-11 00:58:56','2026-06-11 00:58:56'),('000142','000140','新增',NULL,NULL,'system:role:add',NULL,'2',2,'0','2026-06-11 00:58:56','2026-06-11 00:58:56'),('000143','000140','修改',NULL,NULL,'system:role:edit',NULL,'2',3,'0','2026-06-11 00:58:56','2026-06-11 00:58:56'),('000144','000140','删除',NULL,NULL,'system:role:remove',NULL,'2',4,'0','2026-06-11 00:58:56','2026-06-11 00:58:56'),('000145','000140','分配菜单',NULL,NULL,'system:role:assignMenu',NULL,'2',5,'0','2026-06-11 00:58:56','2026-06-11 00:58:56'),('000150','000100','菜单管理','/system/menu','system/menu','system:menu:list',NULL,'1',5,'0','2026-06-11 00:58:56','2026-06-11 00:58:56'),('000151','000150','查询',NULL,NULL,'system:menu:list',NULL,'2',1,'0','2026-06-11 00:58:56','2026-06-11 00:58:56'),('000152','000150','新增',NULL,NULL,'system:menu:add',NULL,'2',2,'0','2026-06-11 00:58:56','2026-06-11 00:58:56'),('000153','000150','修改',NULL,NULL,'system:menu:edit',NULL,'2',3,'0','2026-06-11 00:58:56','2026-06-11 00:58:56'),('000154','000150','删除',NULL,NULL,'system:menu:remove',NULL,'2',4,'0','2026-06-11 00:58:56','2026-06-11 00:58:56'),('000160','000100','系统参数','/system/config','system/config','system:config:list',NULL,'1',6,'0','2026-06-11 00:58:56','2026-06-11 00:58:56'),('000161','000160','查询',NULL,NULL,'system:config:list',NULL,'2',1,'0','2026-06-11 00:58:56','2026-06-11 00:58:56'),('000162','000160','新增',NULL,NULL,'system:config:add',NULL,'2',2,'0','2026-06-11 00:58:56','2026-06-11 00:58:56'),('000163','000160','修改',NULL,NULL,'system:config:edit',NULL,'2',3,'0','2026-06-11 00:58:56','2026-06-11 00:58:56'),('000170','000100','字典管理','/system/dict','system/dict','system:dict:list',NULL,'1',7,'0','2026-06-11 00:58:56','2026-06-11 00:58:56'),('000171','000170','查询',NULL,NULL,'system:dict:list',NULL,'2',1,'0','2026-06-11 00:58:56','2026-06-11 00:58:56'),('000172','000170','新增',NULL,NULL,'system:dict:add',NULL,'2',2,'0','2026-06-11 00:58:56','2026-06-11 00:58:56'),('000173','000170','修改',NULL,NULL,'system:dict:edit',NULL,'2',3,'0','2026-06-11 00:58:56','2026-06-11 00:58:56'),('000174','000170','删除',NULL,NULL,'system:dict:remove',NULL,'2',4,'0','2026-06-11 00:58:56','2026-06-11 00:58:56'),('000180','000100','主题配置','/system/theme','system/theme','system:theme:list',NULL,'1',8,'0','2026-06-11 00:58:56','2026-06-11 00:58:56'),('000181','000180','查询',NULL,NULL,'system:theme:list',NULL,'2',1,'0','2026-06-11 00:58:56','2026-06-11 00:58:56'),('000182','000180','修改',NULL,NULL,'system:theme:edit',NULL,'2',2,'0','2026-06-11 00:58:56','2026-06-11 00:58:56'),('000190','000100','日志中心','/system/log',NULL,NULL,'FileSearchOutlined','0',8,'0','2026-06-16 09:05:28','2026-06-16 09:05:28'),('000191','000190','登录日志','/system/log/login','system/log/login','system:log:login:list','LoginOutlined','1',1,'0','2026-06-16 09:05:35','2026-06-16 09:05:35'),('000192','000190','操作审计','/system/log/audit','system/log/audit','system:log:audit:list','AuditOutlined','1',2,'0','2026-06-16 09:05:40','2026-06-16 09:05:40'),('000193','000191','查询',NULL,NULL,'system:log:login:list',NULL,'2',1,'0','2026-06-16 09:05:45','2026-06-16 09:05:45'),('000194','000191','导出',NULL,NULL,'system:log:login:export',NULL,'2',2,'0','2026-06-16 09:05:45','2026-06-16 09:05:45'),('000195','000192','查询',NULL,NULL,'system:log:audit:list',NULL,'2',1,'0','2026-06-16 09:05:51','2026-06-16 09:05:51'),('000196','000192','导出',NULL,NULL,'system:log:audit:export',NULL,'2',2,'0','2026-06-16 09:05:51','2026-06-16 09:05:51'),('000197','000192','查看详情',NULL,NULL,'system:log:audit:detail',NULL,'2',3,'0','2026-06-16 09:05:51','2026-06-16 09:05:51'),('000198','000192','清理',NULL,NULL,'system:log:audit:clean',NULL,'2',4,'0','2026-06-16 09:05:51','2026-06-16 09:05:51'),('000199','000190','安全日志','/system/log/security','system/log/security','system:log:security:list','SecurityScanOutlined','1',3,'0','2026-07-10 03:09:00','2026-07-10 03:16:05'),('00019A','000199','查询',NULL,NULL,'system:log:security:list',NULL,'2',1,'0','2026-07-10 03:09:00','2026-07-10 03:09:00'),('325518182582456320','000130','全局搜索',NULL,NULL,'system:user:search',NULL,'2',0,'0','2026-06-17 06:13:03','2026-06-17 06:13:03'),('325518338505707520','000140','全局搜索',NULL,NULL,'system:role:search',NULL,'2',0,'0','2026-06-17 06:13:40','2026-06-17 06:13:40'),('325518440133693440','000150','全局搜索',NULL,NULL,'system:menu:search',NULL,'1',0,'0','2026-06-17 06:14:04','2026-06-17 06:14:04'),('325883052729438208','000100','页面配置','/system/page-config','system/page-config','system:pageconfig:list',NULL,'1',0,'0','2026-06-18 06:22:54','2026-07-09 08:12:01'),('327266832077688832','000120','全局搜索',NULL,NULL,'system:dept:search',NULL,'2',0,'0','2026-06-22 02:01:34','2026-06-22 02:01:34'),('327267036847804416','000160','全局搜索',NULL,NULL,'system:config:search',NULL,'2',0,'0','2026-06-22 02:02:23','2026-06-22 02:02:23'),('327267207878938624','000170','全局搜索',NULL,NULL,'system:dict:search',NULL,'1',0,'0','2026-06-22 02:03:04','2026-06-22 02:03:04'),('327267345460498432','000192','全局搜索',NULL,NULL,'system:log:search',NULL,'2',0,'0','2026-06-22 02:03:36','2026-06-22 02:03:36'),('327267400540098560','000191','全局搜索',NULL,NULL,'system:log:search',NULL,'2',0,'0','2026-06-22 02:03:50','2026-06-22 02:03:50'),('327716763913555968','000100','字典专用',NULL,NULL,'system:dict:list',NULL,'1',0,'0','2026-06-23 07:49:25','2026-06-23 07:49:25'),('file_center_0001','000000','文件中心','/file-config',NULL,NULL,'FolderOutlined','0',30,'0','2026-06-15 08:40:58','2026-06-16 01:57:23'),('file_manage_0001','file_center_0001','文件管理','/file-config/files','system/file-config/files','system:file:list','FileOutlined','1',2,'0','2026-06-15 08:41:06','2026-06-16 01:57:24'),('file_manage_download_0001','file_manage_0001','下载',NULL,NULL,'system:file:download',NULL,'2',3,'0','2026-06-15 08:41:37','2026-06-15 08:41:37'),('file_manage_remove_0001','file_manage_0001','删除',NULL,NULL,'system:file:remove',NULL,'2',2,'0','2026-06-15 08:41:37','2026-06-15 08:41:37'),('file_manage_upload_0001','file_manage_0001','上传',NULL,NULL,'system:file:upload',NULL,'2',1,'0','2026-06-15 08:41:37','2026-06-15 08:41:37'),('storage_config_0001','file_center_0001','存储配置','/file-config/storage','system/file-config/storage','system:storage:list','DatabaseOutlined','1',1,'0','2026-06-15 08:41:06','2026-06-16 01:57:24'),('storage_config_add_0001','storage_config_0001','新增',NULL,NULL,'system:storage:add',NULL,'2',1,'0','2026-06-15 08:41:37','2026-06-15 08:41:37'),('storage_config_edit_0001','storage_config_0001','修改',NULL,NULL,'system:storage:edit',NULL,'2',2,'0','2026-06-15 08:41:37','2026-06-15 08:41:37'),('storage_config_remove_0001','storage_config_0001','删除',NULL,NULL,'system:storage:remove',NULL,'2',3,'0','2026-06-15 08:41:37','2026-06-15 08:41:37');
/*!40000 ALTER TABLE `sys_menu` ENABLE KEYS */;
UNLOCK TABLES;

--
-- Table structure for table `sys_migrations`
--

DROP TABLE IF EXISTS `sys_migrations`;
/*!40101 SET @saved_cs_client     = @@character_set_client */;
/*!50503 SET character_set_client = utf8mb4 */;
CREATE TABLE `sys_migrations` (
  `version` varchar(64) NOT NULL COMMENT '版本号/文件名',
  `checksum` varchar(64) NOT NULL COMMENT 'SQL 文件 SHA256',
  `executed_at` datetime NOT NULL DEFAULT CURRENT_TIMESTAMP,
  `execution_time_ms` int NOT NULL DEFAULT '0' COMMENT '执行耗时(ms)',
  PRIMARY KEY (`version`)
) ENGINE=InnoDB DEFAULT CHARSET=utf8mb4 COLLATE=utf8mb4_0900_ai_ci COMMENT='数据库迁移版本记录';
/*!40101 SET character_set_client = @saved_cs_client */;

--
-- Dumping data for table `sys_migrations`
--

LOCK TABLES `sys_migrations` WRITE;
/*!40000 ALTER TABLE `sys_migrations` DISABLE KEYS */;
/*!40000 ALTER TABLE `sys_migrations` ENABLE KEYS */;
UNLOCK TABLES;

--
-- Table structure for table `sys_operation_log`
--

DROP TABLE IF EXISTS `sys_operation_log`;
/*!40101 SET @saved_cs_client     = @@character_set_client */;
/*!50503 SET character_set_client = utf8mb4 */;
CREATE TABLE `sys_operation_log` (
  `log_id` varchar(32) NOT NULL COMMENT '日志ID',
  `tenant_id` varchar(32) NOT NULL DEFAULT '000000' COMMENT '租户ID',
  `user_id` varchar(32) DEFAULT NULL COMMENT '用户ID',
  `username` varchar(50) DEFAULT NULL COMMENT '用户名',
  `module_name` varchar(100) DEFAULT NULL COMMENT '模块名称',
  `business_type` varchar(30) NOT NULL COMMENT '业务类型：LOGIN/ADD/UPDATE/DELETE/UPLOAD/DOWNLOAD/EXPORT/OTHER',
  `title` varchar(200) NOT NULL COMMENT '操作标题',
  `request_method` varchar(10) DEFAULT NULL COMMENT '请求方法',
  `request_url` varchar(500) DEFAULT NULL COMMENT '请求URL',
  `request_params` longtext COMMENT '请求参数',
  `response_status` int DEFAULT NULL COMMENT '响应状态码',
  `success` tinyint NOT NULL DEFAULT '1' COMMENT '是否成功：1成功 0失败',
  `error_message` varchar(1000) DEFAULT NULL COMMENT '错误信息',
  `error_stack` longtext COMMENT '错误堆栈',
  `client_ip` varchar(45) DEFAULT NULL COMMENT '客户端IP',
  `user_agent` varchar(500) DEFAULT NULL COMMENT 'User-Agent',
  `request_id` varchar(64) DEFAULT NULL COMMENT '请求追踪ID',
  `cost_time_ms` int DEFAULT NULL COMMENT '耗时毫秒',
  `operator_time` datetime NOT NULL DEFAULT CURRENT_TIMESTAMP COMMENT '操作时间',
  `remark` varchar(500) DEFAULT NULL COMMENT '备注',
  PRIMARY KEY (`log_id`),
  KEY `idx_op_log_tenant_time` (`tenant_id`,`operator_time`),
  KEY `idx_op_log_user_time` (`user_id`,`operator_time`),
  KEY `idx_op_log_business_type` (`business_type`),
  KEY `idx_op_log_request_id` (`request_id`),
  KEY `idx_op_log_success` (`success`)
) ENGINE=InnoDB DEFAULT CHARSET=utf8mb4 COLLATE=utf8mb4_0900_ai_ci COMMENT='系统操作日志表';
/*!40101 SET character_set_client = @saved_cs_client */;

--
-- Dumping data for table `sys_operation_log`
--

LOCK TABLES `sys_operation_log` WRITE;
/*!40000 ALTER TABLE `sys_operation_log` DISABLE KEYS */;
INSERT INTO `sys_operation_log` VALUES ('333439917344559104','000000','000001','superadmin','auth','LOGIN','用户登录','POST','/api/auth/login',NULL,200,1,NULL,NULL,'127.0.0.1','Mozilla/5.0 (Windows NT 10.0; Win64; x64) AppleWebKit/537.36 (KHTML, like Gecko) Chrome/149.0.0.0 Safari/537.36',NULL,NULL,'2026-07-09 02:51:12',NULL),('333449343682088960','000000','000001','superadmin','auth','LOGIN','用户登录','POST','/api/auth/login',NULL,200,1,NULL,NULL,'127.0.0.1','Mozilla/5.0 (Windows NT 10.0; Win64; x64) AppleWebKit/537.36 (KHTML, like Gecko) Chrome/149.0.0.0 Safari/537.36',NULL,NULL,'2026-07-09 03:28:40',NULL);
/*!40000 ALTER TABLE `sys_operation_log` ENABLE KEYS */;
UNLOCK TABLES;

--
-- Table structure for table `sys_package`
--

DROP TABLE IF EXISTS `sys_package`;
/*!40101 SET @saved_cs_client     = @@character_set_client */;
/*!50503 SET character_set_client = utf8mb4 */;
CREATE TABLE `sys_package` (
  `package_id` varchar(32) NOT NULL COMMENT '套餐ID',
  `package_name` varchar(100) NOT NULL COMMENT '套餐名称',
  `status` char(1) NOT NULL DEFAULT '0' COMMENT '0正常 1停用',
  `remark` varchar(500) DEFAULT NULL COMMENT '备注',
  `create_time` datetime NOT NULL DEFAULT CURRENT_TIMESTAMP COMMENT '创建时间',
  `update_time` datetime DEFAULT CURRENT_TIMESTAMP ON UPDATE CURRENT_TIMESTAMP COMMENT '更新时间',
  PRIMARY KEY (`package_id`)
) ENGINE=InnoDB DEFAULT CHARSET=utf8mb4 COLLATE=utf8mb4_0900_ai_ci COMMENT='租户套餐表';
/*!40101 SET character_set_client = @saved_cs_client */;

--
-- Dumping data for table `sys_package`
--

LOCK TABLES `sys_package` WRITE;
/*!40000 ALTER TABLE `sys_package` DISABLE KEYS */;
INSERT INTO `sys_package` VALUES ('327706048414748672','测试租户1','0','测试','2026-06-23 07:06:50','2026-07-09 08:09:46'),('328373332758106112','生成管理','0',NULL,'2026-06-25 03:18:25','2026-06-25 03:18:25'),('P001','0','0','000000 平台租户使用，拥有全部菜单权限','2026-06-11 00:58:56','2026-06-12 02:05:18'),('P100','租户标准版套餐','0','普通租户标准版，默认不包含租户管理','2026-06-11 00:58:56','2026-06-11 00:58:56');
/*!40000 ALTER TABLE `sys_package` ENABLE KEYS */;
UNLOCK TABLES;

--
-- Table structure for table `sys_package_menu`
--

DROP TABLE IF EXISTS `sys_package_menu`;
/*!40101 SET @saved_cs_client     = @@character_set_client */;
/*!50503 SET character_set_client = utf8mb4 */;
CREATE TABLE `sys_package_menu` (
  `package_id` varchar(32) NOT NULL COMMENT '套餐ID',
  `menu_id` varchar(32) NOT NULL COMMENT '菜单ID',
  PRIMARY KEY (`package_id`,`menu_id`),
  KEY `idx_package_menu_menu` (`menu_id`)
) ENGINE=InnoDB DEFAULT CHARSET=utf8mb4 COLLATE=utf8mb4_0900_ai_ci COMMENT='套餐菜单关联表';
/*!40101 SET character_set_client = @saved_cs_client */;

--
-- Dumping data for table `sys_package_menu`
--

LOCK TABLES `sys_package_menu` WRITE;
/*!40000 ALTER TABLE `sys_package_menu` DISABLE KEYS */;
INSERT INTO `sys_package_menu` VALUES ('327706048414748672','000100'),('328373332758106112','000100'),('P001','000100'),('P100','000100'),('P001','000110'),('P001','000111'),('P001','000112'),('P001','000113'),('P001','000114'),('P001','000115'),('P001','000116'),('P001','000117'),('P001','000118'),('P001','000119'),('P001','00011A'),('327706048414748672','000120'),('328373332758106112','000120'),('P001','000120'),('P100','000120'),('327706048414748672','000121'),('328373332758106112','000121'),('P001','000121'),('P100','000121'),('327706048414748672','000122'),('328373332758106112','000122'),('P001','000122'),('P100','000122'),('327706048414748672','000123'),('328373332758106112','000123'),('P001','000123'),('P100','000123'),('327706048414748672','000124'),('328373332758106112','000124'),('P001','000124'),('P100','000124'),('327706048414748672','000130'),('328373332758106112','000130'),('P001','000130'),('P100','000130'),('327706048414748672','000131'),('328373332758106112','000131'),('P001','000131'),('P100','000131'),('327706048414748672','000132'),('328373332758106112','000132'),('P001','000132'),('P100','000132'),('327706048414748672','000133'),('328373332758106112','000133'),('P001','000133'),('P100','000133'),('327706048414748672','000134'),('328373332758106112','000134'),('P001','000134'),('P100','000134'),('327706048414748672','000135'),('328373332758106112','000135'),('P001','000135'),('P100','000135'),('327706048414748672','000140'),('328373332758106112','000140'),('P001','000140'),('P100','000140'),('327706048414748672','000141'),('328373332758106112','000141'),('P001','000141'),('P100','000141'),('327706048414748672','000142'),('328373332758106112','000142'),('P001','000142'),('P100','000142'),('327706048414748672','000143'),('328373332758106112','000143'),('P001','000143'),('P100','000143'),('327706048414748672','000144'),('328373332758106112','000144'),('P001','000144'),('P100','000144'),('327706048414748672','000145'),('328373332758106112','000145'),('P001','000145'),('P100','000145'),('328373332758106112','000150'),('P001','000150'),('328373332758106112','000151'),('P001','000151'),('328373332758106112','000152'),('P001','000152'),('328373332758106112','000153'),('P001','000153'),('328373332758106112','000154'),('P001','000154'),('327706048414748672','000160'),('328373332758106112','000160'),('P001','000160'),('P100','000160'),('327706048414748672','000161'),('328373332758106112','000161'),('P001','000161'),('P100','000161'),('327706048414748672','000162'),('328373332758106112','000162'),('P001','000162'),('P100','000162'),('327706048414748672','000163'),('328373332758106112','000163'),('P001','000163'),('P100','000163'),('328373332758106112','000170'),('P001','000170'),('328373332758106112','000171'),('P001','000171'),('328373332758106112','000172'),('P001','000172'),('328373332758106112','000173'),('P001','000173'),('328373332758106112','000174'),('P001','000174'),('327706048414748672','000180'),('328373332758106112','000180'),('P001','000180'),('P100','000180'),('327706048414748672','000181'),('328373332758106112','000181'),('P001','000181'),('P100','000181'),('327706048414748672','000182'),('328373332758106112','000182'),('P001','000182'),('P100','000182'),('327706048414748672','000190'),('328373332758106112','000190'),('P001','000190'),('P100','000190'),('327706048414748672','000191'),('328373332758106112','000191'),('P001','000191'),('P100','000191'),('327706048414748672','000192'),('328373332758106112','000192'),('P001','000192'),('P100','000192'),('327706048414748672','000193'),('328373332758106112','000193'),('P001','000193'),('P100','000193'),('327706048414748672','000194'),('328373332758106112','000194'),('P001','000194'),('P100','000194'),('327706048414748672','000195'),('328373332758106112','000195'),('P001','000195'),('P100','000195'),('327706048414748672','000196'),('328373332758106112','000196'),('P001','000196'),('P100','000196'),('327706048414748672','000197'),('328373332758106112','000197'),('P001','000197'),('P100','000197'),('327706048414748672','000198'),('328373332758106112','000198'),('P001','000198'),('P100','000198'),('P001','000199'),('P001','00019A'),('327706048414748672','325518182582456320'),('328373332758106112','325518182582456320'),('P001','325518182582456320'),('327706048414748672','325518338505707520'),('328373332758106112','325518338505707520'),('P001','325518338505707520'),('328373332758106112','325518440133693440'),('P001','325518440133693440'),('328373332758106112','325883052729438208'),('P001','325883052729438208'),('327706048414748672','327266832077688832'),('328373332758106112','327266832077688832'),('P001','327266832077688832'),('327706048414748672','327267036847804416'),('328373332758106112','327267036847804416'),('P001','327267036847804416'),('328373332758106112','327267207878938624'),('P001','327267207878938624'),('327706048414748672','327267345460498432'),('328373332758106112','327267345460498432'),('P001','327267345460498432'),('327706048414748672','327267400540098560'),('328373332758106112','327267400540098560'),('P001','327267400540098560'),('327706048414748672','327716763913555968'),('328373332758106112','327716763913555968'),('P001','327716763913555968'),('P100','327716763913555968'),('P100','328003277641879552'),('P100','328003748184068096'),('P100','328011351035351040'),('P100','328011617474318336'),('P100','328011837230682112'),('P100','328012120165847040'),('P100','328055290455003136'),('P100','328055365851811840'),('P100','328055449779834880'),('P100','328055532650893312'),('327706048414748672','business_finance_0001'),('328373332758106112','business_finance_0001'),('327706048414748672','business_finance_add_0001'),('328373332758106112','business_finance_add_0001'),('327706048414748672','business_finance_edit_0001'),('328373332758106112','business_finance_edit_0001'),('327706048414748672','business_finance_export_0001'),('328373332758106112','business_finance_export_0001'),('327706048414748672','business_finance_query_0001'),('328373332758106112','business_finance_query_0001'),('327706048414748672','business_finance_remove_0001'),('328373332758106112','business_finance_remove_0001'),('327706048414748672','business_inventory_0001'),('328373332758106112','business_inventory_0001'),('327706048414748672','business_inventory_add_0001'),('328373332758106112','business_inventory_add_0001'),('327706048414748672','business_inventory_edit_0001'),('328373332758106112','business_inventory_edit_0001'),('327706048414748672','business_inventory_export_0001'),('328373332758106112','business_inventory_export_0001'),('327706048414748672','business_inventory_query_0001'),('328373332758106112','business_inventory_query_0001'),('327706048414748672','business_inventory_remove_0001'),('328373332758106112','business_inventory_remove_0001'),('327706048414748672','business_order_0001'),('328373332758106112','business_order_0001'),('327706048414748672','business_order_add_0001'),('328373332758106112','business_order_add_0001'),('327706048414748672','business_order_edit_0001'),('328373332758106112','business_order_edit_0001'),('327706048414748672','business_order_export_0001'),('328373332758106112','business_order_export_0001'),('327706048414748672','business_order_query_0001'),('328373332758106112','business_order_query_0001'),('327706048414748672','business_order_remove_0001'),('328373332758106112','business_order_remove_0001'),('327706048414748672','business_product_0001'),('328373332758106112','business_product_0001'),('327706048414748672','business_product_add_0001'),('328373332758106112','business_product_add_0001'),('327706048414748672','business_product_edit_0001'),('328373332758106112','business_product_edit_0001'),('327706048414748672','business_product_export_0001'),('328373332758106112','business_product_export_0001'),('327706048414748672','business_product_query_0001'),('328373332758106112','business_product_query_0001'),('327706048414748672','business_product_remove_0001'),('328373332758106112','business_product_remove_0001'),('327706048414748672','business_sales_0001'),('328373332758106112','business_sales_0001'),('327706048414748672','business_sales_add_0001'),('328373332758106112','business_sales_add_0001'),('327706048414748672','business_sales_edit_0001'),('328373332758106112','business_sales_edit_0001'),('327706048414748672','business_sales_export_0001'),('328373332758106112','business_sales_export_0001'),('327706048414748672','business_sales_query_0001'),('328373332758106112','business_sales_query_0001'),('327706048414748672','business_sales_remove_0001'),('328373332758106112','business_sales_remove_0001'),('327706048414748672','file_center_0001'),('328373332758106112','file_center_0001'),('P001','file_center_0001'),('P100','file_center_0001'),('327706048414748672','file_manage_0001'),('328373332758106112','file_manage_0001'),('P001','file_manage_0001'),('P100','file_manage_0001'),('327706048414748672','file_manage_download_0001'),('328373332758106112','file_manage_download_0001'),('P001','file_manage_download_0001'),('P100','file_manage_download_0001'),('327706048414748672','file_manage_remove_0001'),('328373332758106112','file_manage_remove_0001'),('P001','file_manage_remove_0001'),('P100','file_manage_remove_0001'),('327706048414748672','file_manage_upload_0001'),('328373332758106112','file_manage_upload_0001'),('P001','file_manage_upload_0001'),('P100','file_manage_upload_0001'),('327706048414748672','production_line_0001'),('328373332758106112','production_line_0001'),('327706048414748672','production_line_add_0001'),('328373332758106112','production_line_add_0001'),('327706048414748672','production_line_edit_0001'),('328373332758106112','production_line_edit_0001'),('327706048414748672','production_line_export_0001'),('328373332758106112','production_line_export_0001'),('327706048414748672','production_line_query_0001'),('328373332758106112','production_line_query_0001'),('327706048414748672','production_line_remove_0001'),('328373332758106112','production_line_remove_0001'),('327706048414748672','storage_config_0001'),('328373332758106112','storage_config_0001'),('P001','storage_config_0001'),('P100','storage_config_0001'),('327706048414748672','storage_config_add_0001'),('328373332758106112','storage_config_add_0001'),('P001','storage_config_add_0001'),('P100','storage_config_add_0001'),('327706048414748672','storage_config_edit_0001'),('328373332758106112','storage_config_edit_0001'),('P001','storage_config_edit_0001'),('P100','storage_config_edit_0001'),('327706048414748672','storage_config_remove_0001'),('328373332758106112','storage_config_remove_0001'),('P001','storage_config_remove_0001'),('P100','storage_config_remove_0001');
/*!40000 ALTER TABLE `sys_package_menu` ENABLE KEYS */;
UNLOCK TABLES;

--
-- Table structure for table `sys_page_column_config`
--

DROP TABLE IF EXISTS `sys_page_column_config`;
/*!40101 SET @saved_cs_client     = @@character_set_client */;
/*!50503 SET character_set_client = utf8mb4 */;
CREATE TABLE `sys_page_column_config` (
  `column_id` varchar(32) NOT NULL COMMENT '列配置ID',
  `page_code` varchar(100) NOT NULL COMMENT '页面编码',
  `data_index` varchar(100) NOT NULL COMMENT '字段标识',
  `title` varchar(100) NOT NULL COMMENT '列标题',
  `order_num` int NOT NULL DEFAULT '0' COMMENT '排序',
  `visible` tinyint(1) NOT NULL DEFAULT '1' COMMENT '是否可见',
  `searchable` tinyint(1) NOT NULL DEFAULT '0' COMMENT '是否可搜索',
  `editable` tinyint(1) NOT NULL DEFAULT '0' COMMENT '是否可编辑',
  `copyable` tinyint(1) NOT NULL DEFAULT '0' COMMENT '是否可复制',
  `ellipsis` tinyint(1) NOT NULL DEFAULT '0' COMMENT '是否省略',
  `value_type` varchar(50) DEFAULT NULL COMMENT '值类型',
  `value_enum_code` varchar(100) DEFAULT NULL COMMENT '字典编码',
  `placeholder` varchar(200) DEFAULT NULL COMMENT '占位提示',
  `required` tinyint(1) NOT NULL DEFAULT '0' COMMENT '是否必填',
  `tenant_id` varchar(32) NOT NULL DEFAULT '000000' COMMENT '租户ID',
  `deleted` tinyint NOT NULL DEFAULT '0' COMMENT '逻辑删除',
  `create_time` datetime NOT NULL DEFAULT CURRENT_TIMESTAMP,
  `update_time` datetime DEFAULT CURRENT_TIMESTAMP ON UPDATE CURRENT_TIMESTAMP,
  PRIMARY KEY (`column_id`),
  KEY `idx_col_page_code` (`page_code`)
) ENGINE=InnoDB DEFAULT CHARSET=utf8mb4 COLLATE=utf8mb4_0900_ai_ci COMMENT='页面列配置表';
/*!40101 SET character_set_client = @saved_cs_client */;

--
-- Dumping data for table `sys_page_column_config`
--

LOCK TABLES `sys_page_column_config` WRITE;
/*!40000 ALTER TABLE `sys_page_column_config` DISABLE KEYS */;
INSERT INTO `sys_page_column_config` VALUES ('C001','system_user','username','用户名',1,1,1,1,1,1,'text',NULL,NULL,0,'000000',0,'2026-07-09 03:48:12','2026-07-09 03:48:12'),('C002','system_user','nickname','昵称',2,1,0,1,0,0,'text',NULL,NULL,0,'000000',0,'2026-07-09 03:48:12','2026-07-09 03:48:12'),('C003','system_user','realName','真实姓名',3,1,0,1,0,0,'text',NULL,NULL,0,'000000',0,'2026-07-09 03:48:12','2026-07-09 03:48:12'),('C004','system_user','phone','手机号',4,1,0,1,0,0,'text',NULL,NULL,0,'000000',0,'2026-07-09 03:48:12','2026-07-09 03:48:12'),('C005','system_user','email','邮箱',5,1,0,1,0,1,'text',NULL,NULL,0,'000000',0,'2026-07-09 03:48:12','2026-07-09 03:48:12'),('C006','system_user','isAdmin','管理员',6,1,0,1,0,0,'select','sys_yes_no',NULL,0,'000000',0,'2026-07-09 03:48:12','2026-07-09 03:48:12'),('C007','system_user','status','状态',7,1,1,1,0,0,'select','sys_status',NULL,0,'000000',0,'2026-07-09 03:48:12','2026-07-09 03:48:12'),('C008','system_user','createTime','创建时间',8,1,0,0,0,0,'dateTime',NULL,NULL,0,'000000',0,'2026-07-09 03:48:12','2026-07-09 03:48:12'),('C009','system_config','configName','参数名称',1,1,1,1,0,1,'text',NULL,NULL,0,'000000',0,'2026-07-09 07:39:15','2026-07-09 07:39:15'),('C010','system_config','configKey','参数键名',2,1,1,1,1,1,'text',NULL,NULL,0,'000000',0,'2026-07-09 07:39:15','2026-07-09 07:39:15'),('C011','system_config','configValue','参数键值',3,1,0,1,0,1,'text',NULL,NULL,0,'000000',0,'2026-07-09 07:39:15','2026-07-09 07:39:15'),('C012','system_config','configType','类型',4,1,1,1,0,0,'select','sys_config_type',NULL,0,'000000',0,'2026-07-09 07:39:15','2026-07-09 07:39:15'),('C013','system_config','status','状态',5,1,1,1,0,0,'select','sys_status',NULL,0,'000000',0,'2026-07-09 07:39:15','2026-07-09 07:39:15'),('C014','system_config','remark','备注',6,1,0,1,0,1,'text',NULL,NULL,0,'000000',0,'2026-07-09 07:39:15','2026-07-09 07:39:15'),('C015','system_config','createTime','创建时间',7,1,0,0,0,0,'dateTime',NULL,NULL,0,'000000',0,'2026-07-09 07:39:15','2026-07-09 07:39:15'),('C016','system_role','roleName','角色名称',1,1,1,1,0,1,'text',NULL,NULL,0,'000000',0,'2026-07-09 08:27:08','2026-07-09 08:27:08'),('C017','system_role','roleKey','角色标识',2,1,0,1,1,0,'text',NULL,NULL,0,'000000',0,'2026-07-09 08:27:08','2026-07-09 08:27:08'),('C018','system_role','sortNum','排序',3,1,0,0,0,0,'digit',NULL,NULL,0,'000000',0,'2026-07-09 08:27:08','2026-07-09 08:27:08'),('C019','system_role','status','状态',4,1,1,1,0,0,'select','sys_status',NULL,0,'000000',0,'2026-07-09 08:27:08','2026-07-09 08:27:08'),('C020','system_role','remark','备注',5,1,0,0,0,1,'text',NULL,NULL,0,'000000',0,'2026-07-09 08:27:08','2026-07-09 08:27:08'),('C021','system_role','createTime','创建时间',6,1,0,0,0,0,'dateTime',NULL,NULL,0,'000000',0,'2026-07-09 08:27:08','2026-07-09 08:27:08'),('C022','system_dept','deptName','部门名称',1,1,1,1,0,1,'text',NULL,NULL,0,'000000',0,'2026-07-09 08:27:08','2026-07-09 08:27:08'),('C023','system_dept','sortNum','排序',2,1,0,1,0,0,'digit',NULL,NULL,0,'000000',0,'2026-07-09 08:27:08','2026-07-09 08:27:08'),('C024','system_dept','status','状态',3,1,1,0,0,0,'select','sys_status',NULL,0,'000000',0,'2026-07-09 08:27:08','2026-07-09 08:27:08'),('C025','system_dept','createTime','创建时间',4,1,0,0,0,0,'dateTime',NULL,NULL,0,'000000',0,'2026-07-09 08:27:08','2026-07-09 08:27:08'),('C026','system_menu','menuName','菜单名称',1,1,1,1,0,1,'text',NULL,NULL,0,'000000',0,'2026-07-09 08:27:08','2026-07-09 08:27:08'),('C027','system_menu','icon','图标',2,1,0,0,0,0,'text',NULL,NULL,0,'000000',0,'2026-07-09 08:27:08','2026-07-09 08:27:08'),('C028','system_menu','path','路由地址',3,1,0,0,1,0,'text',NULL,NULL,0,'000000',0,'2026-07-09 08:27:08','2026-07-09 08:27:08'),('C029','system_menu','component','组件路径',4,1,0,0,0,1,'text',NULL,NULL,0,'000000',0,'2026-07-09 08:27:08','2026-07-09 08:27:08'),('C030','system_menu','perms','权限标识',5,1,0,0,1,0,'text',NULL,NULL,0,'000000',0,'2026-07-09 08:27:08','2026-07-09 08:27:08'),('C031','system_menu','menuType','类型',6,1,1,1,0,0,'select','sys_menu_type',NULL,0,'000000',0,'2026-07-09 08:27:08','2026-07-09 08:27:08'),('C032','system_menu','status','状态',7,1,1,0,0,0,'select','sys_status',NULL,0,'000000',0,'2026-07-09 08:27:08','2026-07-09 08:27:08'),('C033','system_menu','sortNum','排序',8,1,0,0,0,0,'digit',NULL,NULL,0,'000000',0,'2026-07-09 08:27:08','2026-07-09 08:27:08'),('C034','system_dict_type','dictName','字典名称',1,1,1,0,0,1,'text',NULL,NULL,0,'000000',0,'2026-07-09 08:27:08','2026-07-09 08:27:08'),('C035','system_dict_type','dictType','字典类型',2,1,1,1,1,1,'text',NULL,NULL,0,'000000',0,'2026-07-09 08:27:08','2026-07-09 08:27:08'),('C036','system_dict_type','status','状态',3,1,1,0,0,0,'select','sys_status',NULL,0,'000000',0,'2026-07-09 08:27:08','2026-07-09 08:27:08'),('C037','system_dict_type','remark','备注',4,1,0,0,0,1,'text',NULL,NULL,0,'000000',0,'2026-07-09 08:27:08','2026-07-09 08:27:08'),('C038','system_dict_type','createTime','创建时间',5,1,0,0,0,0,'dateTime',NULL,NULL,0,'000000',0,'2026-07-09 08:27:08','2026-07-09 08:27:08'),('C039','system_dict_data','dictLabel','字典标签',1,1,1,0,0,1,'text',NULL,NULL,0,'000000',0,'2026-07-09 08:27:08','2026-07-09 08:27:08'),('C040','system_dict_data','dictValue','字典值',2,1,1,0,1,1,'text',NULL,NULL,0,'000000',0,'2026-07-09 08:27:08','2026-07-09 08:27:08'),('C041','system_dict_data','dictSort','排序',3,1,0,0,0,0,'digit',NULL,NULL,0,'000000',0,'2026-07-09 08:27:08','2026-07-09 08:27:08'),('C042','system_dict_data','tag','标签颜色',4,1,0,0,0,0,'text',NULL,NULL,0,'000000',0,'2026-07-09 08:27:08','2026-07-09 08:27:08'),('C043','system_dict_data','status','状态',5,1,1,0,0,0,'select','sys_status',NULL,0,'000000',0,'2026-07-09 08:27:08','2026-07-09 08:27:08'),('C044','system_dict_data','remark','备注',6,1,0,0,0,1,'text',NULL,NULL,0,'000000',0,'2026-07-09 08:27:08','2026-07-09 08:27:08'),('C045','system_tenant','tenantName','租户名称',1,1,1,1,0,1,'text',NULL,NULL,0,'000000',0,'2026-07-09 08:27:08','2026-07-09 08:27:08'),('C046','system_tenant','domainName','绑定域名',2,1,0,1,0,1,'text',NULL,NULL,0,'000000',0,'2026-07-09 08:27:08','2026-07-09 08:27:08'),('C047','system_tenant','contactUser','联系人',3,1,0,0,0,0,'text',NULL,NULL,0,'000000',0,'2026-07-09 08:27:08','2026-07-09 08:27:08'),('C048','system_tenant','contactPhone','联系电话',4,1,0,0,0,0,'text',NULL,NULL,0,'000000',0,'2026-07-09 08:27:08','2026-07-09 08:27:08'),('C049','system_tenant','status','状态',5,1,1,1,0,0,'select','sys_status',NULL,0,'000000',0,'2026-07-09 08:27:08','2026-07-09 08:27:08'),('C050','system_tenant','expireTime','到期时间',6,1,0,0,0,0,'dateTime',NULL,NULL,0,'000000',0,'2026-07-09 08:27:08','2026-07-09 08:27:08'),('C051','system_tenant','createTime','创建时间',7,1,0,0,0,0,'dateTime',NULL,NULL,0,'000000',0,'2026-07-09 08:27:08','2026-07-09 08:27:08'),('C052','system_package','packageName','套餐名称',1,1,1,1,0,1,'text',NULL,NULL,0,'000000',0,'2026-07-09 08:27:08','2026-07-09 08:27:08'),('C053','system_package','status','状态',2,1,1,0,0,0,'select','sys_status',NULL,0,'000000',0,'2026-07-09 08:27:08','2026-07-09 08:27:08'),('C054','system_package','remark','备注',3,1,0,0,0,1,'text',NULL,NULL,0,'000000',0,'2026-07-09 08:27:08','2026-07-09 08:27:08'),('C055','system_package','createTime','创建时间',4,1,0,0,0,0,'dateTime',NULL,NULL,0,'000000',0,'2026-07-09 08:27:08','2026-07-09 08:27:08'),('C056','system_storage','storageName','存储名称',1,1,1,1,0,1,'text',NULL,NULL,0,'000000',0,'2026-07-09 08:27:08','2026-07-09 08:27:08'),('C057','system_storage','storageType','存储类型',2,1,1,1,0,0,'select','sys_storage_type',NULL,0,'000000',0,'2026-07-09 08:27:08','2026-07-09 08:27:08'),('C058','system_storage','endpoint','Endpoint',3,1,0,0,0,1,'text',NULL,NULL,0,'000000',0,'2026-07-09 08:27:08','2026-07-09 08:27:08'),('C059','system_storage','region','Region',4,1,0,0,0,0,'text',NULL,NULL,0,'000000',0,'2026-07-09 08:27:08','2026-07-09 08:27:08'),('C060','system_storage','port','端口',5,1,0,0,0,0,'digit',NULL,NULL,0,'000000',0,'2026-07-09 08:27:08','2026-07-09 08:27:08'),('C061','system_storage','publicBucket','公共桶',6,1,0,0,0,1,'text',NULL,NULL,0,'000000',0,'2026-07-09 08:27:08','2026-07-09 08:27:08'),('C062','system_storage','privateBucket','私有桶',7,1,0,0,0,1,'text',NULL,NULL,0,'000000',0,'2026-07-09 08:27:08','2026-07-09 08:27:08'),('C063','system_storage','publicBaseUrl','公共地址',8,1,0,0,0,1,'text',NULL,NULL,0,'000000',0,'2026-07-09 08:27:08','2026-07-09 08:27:08'),('C064','system_storage','isDefault','是否默认',9,1,0,0,0,0,'text',NULL,NULL,0,'000000',0,'2026-07-09 08:27:08','2026-07-09 08:27:08'),('C065','system_storage','status','状态',10,1,1,1,0,0,'select','sys_status',NULL,0,'000000',0,'2026-07-09 08:27:08','2026-07-09 08:27:08'),('C066','system_storage','createTime','创建时间',11,1,0,0,0,0,'dateTime',NULL,NULL,0,'000000',0,'2026-07-09 08:27:08','2026-07-09 08:27:08'),('C067','file_manager','originalName','原始文件名',1,1,1,0,0,1,'text',NULL,NULL,0,'000000',0,'2026-07-09 08:27:08','2026-07-09 08:27:08'),('C068','file_manager','fileName','存储文件名',2,1,0,0,0,1,'text',NULL,NULL,0,'000000',0,'2026-07-09 08:27:08','2026-07-09 08:27:08'),('C069','file_manager','bucketName','桶名称',3,1,0,0,0,1,'text',NULL,NULL,0,'000000',0,'2026-07-09 08:27:08','2026-07-09 08:27:08'),('C070','file_manager','objectName','对象路径',4,1,0,0,0,1,'text',NULL,NULL,0,'000000',0,'2026-07-09 08:27:08','2026-07-09 08:27:08'),('C071','file_manager','moduleName','模块',5,1,1,0,0,0,'text',NULL,NULL,0,'000000',0,'2026-07-09 08:27:08','2026-07-09 08:27:08'),('C072','file_manager','accessType','访问类型',6,1,1,0,0,0,'select','sys_bucket_access_type',NULL,0,'000000',0,'2026-07-09 08:27:08','2026-07-09 08:27:08'),('C073','file_manager','fileSize','文件大小',7,1,0,0,0,0,'text',NULL,NULL,0,'000000',0,'2026-07-09 08:27:08','2026-07-09 08:27:08'),('C074','file_manager','url','公共URL',8,1,0,0,0,1,'text',NULL,NULL,0,'000000',0,'2026-07-09 08:27:08','2026-07-09 08:27:08'),('C075','file_manager','createTime','创建时间',9,1,0,0,0,0,'dateTime',NULL,NULL,0,'000000',0,'2026-07-09 08:27:08','2026-07-09 08:27:08'),('C076','system_theme','tenantId','租户ID',1,1,0,0,1,1,'text',NULL,NULL,0,'000000',0,'2026-07-09 08:27:08','2026-07-09 08:27:08'),('C077','system_theme','navTheme','导航主题',2,1,1,0,0,0,'select','sys_nav_theme',NULL,0,'000000',0,'2026-07-09 08:27:08','2026-07-09 08:27:08'),('C078','system_theme','colorPrimary','主色',3,1,0,0,1,0,'text',NULL,NULL,0,'000000',0,'2026-07-09 08:27:08','2026-07-09 08:27:08'),('C079','system_theme','layout','布局',4,1,1,0,0,0,'select','sys_layout_type',NULL,0,'000000',0,'2026-07-09 08:27:08','2026-07-09 08:27:08'),('C080','system_theme','fixedHeader','固定头部',5,1,0,0,0,0,'select','sys_yes_no',NULL,0,'000000',0,'2026-07-09 08:27:08','2026-07-09 08:27:08'),('C081','system_theme','fixSiderbar','固定侧栏',6,1,0,0,0,0,'select','sys_yes_no',NULL,0,'000000',0,'2026-07-09 08:27:08','2026-07-09 08:27:08'),('C082','system_theme','colorWeak','色弱模式',7,1,0,0,0,0,'select','sys_yes_no',NULL,0,'000000',0,'2026-07-09 08:27:08','2026-07-09 08:27:08'),('C083','system_theme','status','状态',8,1,1,0,0,0,'select','sys_status',NULL,0,'000000',0,'2026-07-09 08:27:08','2026-07-09 08:27:08'),('C084','system_theme','createTime','创建时间',9,1,0,0,0,0,'dateTime',NULL,NULL,0,'000000',0,'2026-07-09 08:27:08','2026-07-09 08:27:08'),('C085','system_log_operation','username','用户名',1,1,1,0,1,0,'text',NULL,NULL,0,'000000',0,'2026-07-09 08:27:08','2026-07-09 08:27:08'),('C086','system_log_operation','moduleName','模块',2,1,1,0,0,0,'text',NULL,NULL,0,'000000',0,'2026-07-09 08:27:08','2026-07-09 08:27:08'),('C087','system_log_operation','businessType','业务类型',3,1,1,0,0,0,'select','sys_business_type',NULL,0,'000000',0,'2026-07-09 08:27:08','2026-07-09 08:27:08'),('C088','system_log_operation','title','标题',4,1,1,0,0,1,'text',NULL,NULL,0,'000000',0,'2026-07-09 08:27:08','2026-07-09 08:27:08'),('C089','system_log_operation','success','结果',5,1,1,0,0,0,'select','sys_upload_status',NULL,0,'000000',0,'2026-07-09 08:27:08','2026-07-09 08:27:08'),('C090','system_log_operation','requestMethod','请求方法',6,1,0,0,0,0,'text',NULL,NULL,0,'000000',0,'2026-07-09 08:27:08','2026-07-09 08:27:08'),('C091','system_log_operation','requestUrl','请求地址',7,1,0,0,0,1,'text',NULL,NULL,0,'000000',0,'2026-07-09 08:27:08','2026-07-09 08:27:08'),('C092','system_log_operation','clientIp','IP',8,1,1,0,0,0,'text',NULL,NULL,0,'000000',0,'2026-07-09 08:27:08','2026-07-09 08:27:08'),('C093','system_log_operation','operatorTime','操作时间',9,1,0,0,0,0,'dateTime',NULL,NULL,0,'000000',0,'2026-07-09 08:27:08','2026-07-09 08:27:08'),('C094','system_log_upload','username','用户名',1,1,1,0,1,0,'text',NULL,NULL,0,'000000',0,'2026-07-09 08:27:08','2026-07-09 08:27:08'),('C095','system_log_upload','moduleName','模块',2,1,1,0,0,0,'text',NULL,NULL,0,'000000',0,'2026-07-09 08:27:08','2026-07-09 08:27:08'),('C096','system_log_upload','originalName','文件名',3,1,1,0,0,1,'text',NULL,NULL,0,'000000',0,'2026-07-09 08:27:08','2026-07-09 08:27:08'),('C097','system_log_upload','safeName','清洗名',4,1,0,0,0,1,'text',NULL,NULL,0,'000000',0,'2026-07-09 08:27:08','2026-07-09 08:27:08'),('C098','system_log_upload','accessType','访问类型',5,1,1,0,0,0,'select','sys_access_type',NULL,0,'000000',0,'2026-07-09 08:27:08','2026-07-09 08:27:08'),('C099','system_log_upload','storageType','存储类型',6,1,0,0,0,0,'text',NULL,NULL,0,'000000',0,'2026-07-09 08:27:08','2026-07-09 08:27:08'),('C100','system_log_upload','uploadStatus','上传状态',7,1,1,0,0,0,'select','sys_upload_status',NULL,0,'000000',0,'2026-07-09 08:27:08','2026-07-09 08:27:08'),('C101','system_log_upload','failReason','失败原因',8,1,0,0,0,1,'text',NULL,NULL,0,'000000',0,'2026-07-09 08:27:08','2026-07-09 08:27:08'),('C102','system_log_upload','clientIp','IP',9,1,1,0,0,0,'text',NULL,NULL,0,'000000',0,'2026-07-09 08:27:08','2026-07-09 08:27:08'),('C103','system_log_upload','requestId','requestId',10,1,0,0,1,0,'text',NULL,NULL,0,'000000',0,'2026-07-09 08:27:08','2026-07-09 08:27:08'),('C104','system_log_upload','createTime','上传时间',11,1,0,0,0,0,'dateTime',NULL,NULL,0,'000000',0,'2026-07-09 08:27:08','2026-07-09 08:27:08'),('C105','system_log_login','username','用户名',1,1,1,0,1,0,'text',NULL,NULL,0,'000000',0,'2026-07-09 08:27:08','2026-07-09 08:27:08'),('C106','system_log_login','tenantId','租户ID',2,1,0,0,1,0,'text',NULL,NULL,0,'000000',0,'2026-07-09 08:27:08','2026-07-09 08:27:08'),('C107','system_log_login','loginType','登录类型',3,1,1,0,0,0,'select','sys_login_type',NULL,0,'000000',0,'2026-07-09 08:27:08','2026-07-09 08:27:08'),('C108','system_log_login','loginStatus','状态',4,1,1,0,0,0,'select','sys_status',NULL,0,'000000',0,'2026-07-09 08:27:08','2026-07-09 08:27:08'),('C109','system_log_login','failReason','失败原因',5,1,0,0,0,1,'text',NULL,NULL,0,'000000',0,'2026-07-09 08:27:08','2026-07-09 08:27:08'),('C110','system_log_login','loginIp','登录IP',6,1,1,0,1,0,'text',NULL,NULL,0,'000000',0,'2026-07-09 08:27:08','2026-07-09 08:27:08'),('C111','system_log_login','requestId','requestId',7,1,0,0,1,0,'text',NULL,NULL,0,'000000',0,'2026-07-09 08:27:08','2026-07-09 08:27:08'),('C112','system_log_login','userAgent','userAgent',8,1,0,0,1,1,'text',NULL,NULL,0,'000000',0,'2026-07-09 08:27:08','2026-07-09 08:27:08'),('C113','system_log_login','loginTime','登录时间',9,1,0,0,0,0,'dateTime',NULL,NULL,0,'000000',0,'2026-07-09 08:27:08','2026-07-09 08:27:08'),('C200','system_log_security','eventType','事件类型',1,1,1,0,0,0,'select',NULL,NULL,0,'000000',0,'2026-07-10 03:07:18','2026-07-10 03:07:18'),('C201','system_log_security','title','标题',2,1,0,0,0,1,'text',NULL,NULL,0,'000000',0,'2026-07-10 03:07:18','2026-07-10 03:07:18'),('C202','system_log_security','riskLevel','风险等级',3,1,1,0,0,0,'select',NULL,NULL,0,'000000',0,'2026-07-10 03:07:18','2026-07-10 03:07:18'),('C203','system_log_security','username','用户名',4,1,0,0,0,0,'text',NULL,NULL,0,'000000',0,'2026-07-10 03:07:18','2026-07-10 03:07:18'),('C204','system_log_security','route','路由',5,1,0,0,0,0,'text',NULL,NULL,0,'000000',0,'2026-07-10 03:07:18','2026-07-10 03:07:18'),('C205','system_log_security','method','方法',6,1,0,0,0,0,'text',NULL,NULL,0,'000000',0,'2026-07-10 03:07:18','2026-07-10 03:07:18'),('C206','system_log_security','clientIp','IP',7,1,1,0,0,0,'text',NULL,NULL,0,'000000',0,'2026-07-10 03:07:18','2026-07-10 03:07:18'),('C207','system_log_security','createTime','时间',8,1,0,0,0,0,'dateTime',NULL,NULL,0,'000000',0,'2026-07-10 03:07:18','2026-07-10 03:07:18');
/*!40000 ALTER TABLE `sys_page_column_config` ENABLE KEYS */;
UNLOCK TABLES;

--
-- Table structure for table `sys_page_config`
--

DROP TABLE IF EXISTS `sys_page_config`;
/*!40101 SET @saved_cs_client     = @@character_set_client */;
/*!50503 SET character_set_client = utf8mb4 */;
CREATE TABLE `sys_page_config` (
  `page_config_id` varchar(32) NOT NULL COMMENT '页面配置ID',
  `page_code` varchar(100) NOT NULL COMMENT '页面编码',
  `page_name` varchar(100) NOT NULL COMMENT '页面名称',
  `enabled` tinyint(1) NOT NULL DEFAULT '1' COMMENT '是否启用',
  `sort` int NOT NULL DEFAULT '0' COMMENT '排序',
  `tenant_id` varchar(32) NOT NULL DEFAULT '000000' COMMENT '租户ID',
  `remark` varchar(500) DEFAULT NULL COMMENT '备注',
  `deleted` tinyint NOT NULL DEFAULT '0' COMMENT '逻辑删除',
  `create_time` datetime NOT NULL DEFAULT CURRENT_TIMESTAMP,
  `update_time` datetime DEFAULT CURRENT_TIMESTAMP ON UPDATE CURRENT_TIMESTAMP,
  PRIMARY KEY (`page_config_id`),
  UNIQUE KEY `uk_page_code_tenant` (`tenant_id`,`page_code`)
) ENGINE=InnoDB DEFAULT CHARSET=utf8mb4 COLLATE=utf8mb4_0900_ai_ci COMMENT='页面配置表';
/*!40101 SET character_set_client = @saved_cs_client */;

--
-- Dumping data for table `sys_page_config`
--

LOCK TABLES `sys_page_config` WRITE;
/*!40000 ALTER TABLE `sys_page_config` DISABLE KEYS */;
INSERT INTO `sys_page_config` VALUES ('P001','system_user','用户管理',1,10,'000000','用户管理页面配置',0,'2026-07-09 03:48:12','2026-07-09 03:48:12'),('P002','system_role','角色管理',1,20,'000000','角色管理页面配置',0,'2026-07-09 03:48:12','2026-07-09 03:48:12'),('P003','system_dept','部门管理',1,30,'000000','部门管理页面配置',0,'2026-07-09 03:48:12','2026-07-09 03:48:12'),('P004','system_menu','菜单管理',1,40,'000000','菜单管理页面配置',0,'2026-07-09 03:48:12','2026-07-09 03:48:12'),('P005','system_config','系统参数',1,50,'000000','系统参数页面配置',0,'2026-07-09 03:48:12','2026-07-09 03:48:12'),('P007','system_theme','主题配置',1,70,'000000','主题配置页面配置',0,'2026-07-09 03:48:12','2026-07-09 03:48:12'),('P009','system_tenant','租户管理',1,90,'000000','租户管理页面配置',0,'2026-07-09 03:48:12','2026-07-09 03:48:12'),('P010','system_package','套餐管理',1,100,'000000','套餐管理页面配置',0,'2026-07-09 03:48:12','2026-07-09 03:48:12'),('P011','system_storage','存储配置',1,110,'000000','存储配置页面配置',0,'2026-07-09 03:48:12','2026-07-09 03:48:12'),('P012','file_manager','文件管理',1,120,'000000','文件管理页面配置',0,'2026-07-09 03:48:12','2026-07-09 03:48:12'),('P013','system_dict_type','字典类型管理',1,65,'000000','字典类型页面配置',0,'2026-07-09 08:27:08','2026-07-09 08:27:08'),('P014','system_dict_data','字典数据管理',1,66,'000000','字典数据页面配置',0,'2026-07-09 08:27:08','2026-07-09 08:27:08'),('P015','system_log_operation','操作审计',1,81,'000000','操作审计日志页面配置',0,'2026-07-09 08:27:08','2026-07-09 08:27:08'),('P016','system_log_upload','上传审计',1,82,'000000','上传审计日志页面配置',0,'2026-07-09 08:27:08','2026-07-09 08:27:08'),('P017','system_log_login','登录日志',1,83,'000000','登录日志页面配置',0,'2026-07-09 08:27:08','2026-07-09 08:27:08'),('P018','system_log_security','安全日志',1,84,'000000','安全日志页面配置',0,'2026-07-10 03:07:18','2026-07-10 03:07:18');
/*!40000 ALTER TABLE `sys_page_config` ENABLE KEYS */;
UNLOCK TABLES;

--
-- Table structure for table `sys_role`
--

DROP TABLE IF EXISTS `sys_role`;
/*!40101 SET @saved_cs_client     = @@character_set_client */;
/*!50503 SET character_set_client = utf8mb4 */;
CREATE TABLE `sys_role` (
  `role_id` varchar(32) NOT NULL COMMENT '角色ID',
  `tenant_id` varchar(32) NOT NULL COMMENT '租户ID',
  `role_name` varchar(50) NOT NULL COMMENT '角色名称',
  `role_key` varchar(50) NOT NULL COMMENT '角色标识',
  `data_scope` varchar(20) NOT NULL DEFAULT 'TENANT' COMMENT '数据权限范围: ALL/TENANT/DEPT/DEPT_AND_CHILDREN/SELF/CUSTOM',
  `sort_num` int NOT NULL DEFAULT '0' COMMENT '排序',
  `status` char(1) NOT NULL DEFAULT '0' COMMENT '0正常 1停用',
  `remark` varchar(500) DEFAULT NULL COMMENT '备注',
  `deleted` tinyint NOT NULL DEFAULT '0' COMMENT '逻辑删除',
  `create_time` datetime NOT NULL DEFAULT CURRENT_TIMESTAMP COMMENT '创建时间',
  `update_time` datetime DEFAULT CURRENT_TIMESTAMP ON UPDATE CURRENT_TIMESTAMP COMMENT '更新时间',
  PRIMARY KEY (`role_id`),
  UNIQUE KEY `uk_role_tenant_key` (`tenant_id`,`role_key`),
  KEY `idx_role_tenant` (`tenant_id`)
) ENGINE=InnoDB DEFAULT CHARSET=utf8mb4 COLLATE=utf8mb4_0900_ai_ci COMMENT='角色表';
/*!40101 SET character_set_client = @saved_cs_client */;

--
-- Dumping data for table `sys_role`
--

LOCK TABLES `sys_role` WRITE;
/*!40000 ALTER TABLE `sys_role` DISABLE KEYS */;
INSERT INTO `sys_role` VALUES ('000001','000000','超级管理员','admin','TENANT',1,'0','平台超级管理员角色',0,'2026-06-11 00:58:56','2026-06-11 00:58:56'),('100001','100000','租户管理员','tenant_admin','TENANT',1,'0','默认租户管理员角色',0,'2026-06-11 00:58:56','2026-06-11 00:58:56'),('100002','100000','普通用户','user','TENANT',2,'0','默认租户普通用户角色',0,'2026-06-11 00:58:56','2026-06-11 00:58:56'),('323300594838278144','000000','用户A','user:A','TENANT',1,'0','普通用户',0,'2026-06-11 03:21:08','2026-06-11 03:21:08'),('323304627162451968','000000','用户B','用户B','TENANT',0,'0',NULL,0,'2026-06-11 03:37:09','2026-06-11 03:37:09'),('323642966914764800','000000','用户C','用户c','TENANT',0,'0',NULL,0,'2026-06-12 02:01:36','2026-06-12 06:33:14'),('327707622562205698','327707622562205696','租户管理员','tenant_admin','TENANT',1,'0','租户默认管理员角色',0,'2026-06-23 07:13:06','2026-06-23 07:13:06'),('327714018372489216','327707622562205696','销售用','sales','TENANT',1,'0',NULL,0,'2026-06-23 07:38:30','2026-06-23 07:38:30'),('327722727416926210','327722727416926208','租户管理员','tenant_admin','TENANT',1,'0','租户默认管理员角色',0,'2026-06-23 08:13:07','2026-06-23 08:13:07'),('328366891737419776','000000','气象测试','qx:test','TENANT',0,'0',NULL,0,'2026-06-25 02:52:49','2026-06-25 02:52:49'),('328373289850376194','328373289850376192','租户管理员','tenant_admin','TENANT',1,'0','租户默认管理员角色',0,'2026-06-25 03:18:15','2026-06-25 03:18:15'),('333868513888440320','000000','测试','ces','TENANT',9,'0',NULL,0,'2026-07-10 15:14:16','2026-07-10 15:14:16');
/*!40000 ALTER TABLE `sys_role` ENABLE KEYS */;
UNLOCK TABLES;

--
-- Table structure for table `sys_role_menu`
--

DROP TABLE IF EXISTS `sys_role_menu`;
/*!40101 SET @saved_cs_client     = @@character_set_client */;
/*!50503 SET character_set_client = utf8mb4 */;
CREATE TABLE `sys_role_menu` (
  `role_id` varchar(32) NOT NULL COMMENT '角色ID',
  `menu_id` varchar(32) NOT NULL COMMENT '菜单ID',
  PRIMARY KEY (`role_id`,`menu_id`)
) ENGINE=InnoDB DEFAULT CHARSET=utf8mb4 COLLATE=utf8mb4_0900_ai_ci COMMENT='角色菜单关联表';
/*!40101 SET character_set_client = @saved_cs_client */;

--
-- Dumping data for table `sys_role_menu`
--

LOCK TABLES `sys_role_menu` WRITE;
/*!40000 ALTER TABLE `sys_role_menu` DISABLE KEYS */;
INSERT INTO `sys_role_menu` VALUES ('000001','000100'),('000001','000110'),('000001','000111'),('000001','000112'),('000001','000113'),('000001','000114'),('000001','000115'),('000001','000116'),('000001','000117'),('000001','000118'),('000001','000119'),('000001','00011A'),('000001','000120'),('000001','000121'),('000001','000122'),('000001','000123'),('000001','000124'),('000001','000130'),('000001','000131'),('000001','000132'),('000001','000133'),('000001','000134'),('000001','000135'),('000001','000140'),('000001','000141'),('000001','000142'),('000001','000143'),('000001','000144'),('000001','000145'),('000001','000150'),('000001','000151'),('000001','000152'),('000001','000153'),('000001','000154'),('000001','000160'),('000001','000161'),('000001','000162'),('000001','000163'),('000001','000170'),('000001','000171'),('000001','000172'),('000001','000173'),('000001','000174'),('000001','000180'),('000001','000181'),('000001','000182'),('000001','000190'),('000001','000191'),('000001','000192'),('000001','000193'),('000001','000194'),('000001','000195'),('000001','000196'),('000001','000197'),('000001','000198'),('000001','000199'),('000001','00019A'),('000001','325518182582456320'),('000001','325518338505707520'),('000001','325518440133693440'),('000001','325883052729438208'),('000001','327266832077688832'),('000001','327267036847804416'),('000001','327267207878938624'),('000001','327267345460498432'),('000001','327267400540098560'),('000001','327716763913555968'),('000001','file_center_0001'),('000001','file_manage_0001'),('000001','file_manage_download_0001'),('000001','file_manage_remove_0001'),('000001','file_manage_upload_0001'),('000001','storage_config_0001'),('000001','storage_config_add_0001'),('000001','storage_config_edit_0001'),('000001','storage_config_remove_0001'),('100001','000100'),('100001','000120'),('100001','000121'),('100001','000122'),('100001','000123'),('100001','000124'),('100001','000130'),('100001','000131'),('100001','000132'),('100001','000133'),('100001','000134'),('100001','000135'),('100001','000140'),('100001','000141'),('100001','000142'),('100001','000143'),('100001','000144'),('100001','000145'),('100001','000160'),('100001','000161'),('100001','000162'),('100001','000163'),('100001','000180'),('100001','000181'),('100001','000182'),('100001','000190'),('100001','000191'),('100001','000192'),('100001','000193'),('100001','000194'),('100001','000195'),('100001','000196'),('100001','000197'),('100001','000198'),('100001','business_finance_0001'),('100001','business_finance_add_0001'),('100001','business_finance_edit_0001'),('100001','business_finance_export_0001'),('100001','business_finance_query_0001'),('100001','business_finance_remove_0001'),('100001','business_inventory_0001'),('100001','business_inventory_add_0001'),('100001','business_inventory_edit_0001'),('100001','business_inventory_export_0001'),('100001','business_inventory_query_0001'),('100001','business_inventory_remove_0001'),('100001','business_order_0001'),('100001','business_order_add_0001'),('100001','business_order_edit_0001'),('100001','business_order_export_0001'),('100001','business_order_query_0001'),('100001','business_order_remove_0001'),('100001','business_product_0001'),('100001','business_product_add_0001'),('100001','business_product_edit_0001'),('100001','business_product_export_0001'),('100001','business_product_query_0001'),('100001','business_product_remove_0001'),('100001','business_sales_0001'),('100001','business_sales_add_0001'),('100001','business_sales_edit_0001'),('100001','business_sales_export_0001'),('100001','business_sales_query_0001'),('100001','business_sales_remove_0001'),('100001','file_center_0001'),('100001','file_manage_0001'),('100001','file_manage_download_0001'),('100001','file_manage_remove_0001'),('100001','file_manage_upload_0001'),('100001','production_line_0001'),('100001','production_line_add_0001'),('100001','production_line_edit_0001'),('100001','production_line_export_0001'),('100001','production_line_query_0001'),('100001','production_line_remove_0001'),('100002','000100'),('100002','000120'),('100002','000121'),('100002','000130'),('100002','000131'),('100002','000160'),('100002','000161'),('323642966914764800','000100'),('323642966914764800','000120'),('323642966914764800','000121'),('323642966914764800','000130'),('323642966914764800','000131'),('323642966914764800','000160'),('323642966914764800','000161'),('323642966914764800','000163'),('323642966914764800','000180'),('323642966914764800','000181'),('327707622562205698','000100'),('327707622562205698','000120'),('327707622562205698','000121'),('327707622562205698','000122'),('327707622562205698','000123'),('327707622562205698','000124'),('327707622562205698','000130'),('327707622562205698','000131'),('327707622562205698','000132'),('327707622562205698','000133'),('327707622562205698','000134'),('327707622562205698','000135'),('327707622562205698','000140'),('327707622562205698','000141'),('327707622562205698','000142'),('327707622562205698','000143'),('327707622562205698','000144'),('327707622562205698','000145'),('327707622562205698','000160'),('327707622562205698','000161'),('327707622562205698','000162'),('327707622562205698','000163'),('327707622562205698','000180'),('327707622562205698','000181'),('327707622562205698','000182'),('327707622562205698','000190'),('327707622562205698','000191'),('327707622562205698','000192'),('327707622562205698','000193'),('327707622562205698','000194'),('327707622562205698','000195'),('327707622562205698','000196'),('327707622562205698','000197'),('327707622562205698','000198'),('327707622562205698','325518182582456320'),('327707622562205698','325518338505707520'),('327707622562205698','327266832077688832'),('327707622562205698','327267036847804416'),('327707622562205698','327267345460498432'),('327707622562205698','327267400540098560'),('327707622562205698','327716763913555968'),('327707622562205698','business_finance_0001'),('327707622562205698','business_finance_add_0001'),('327707622562205698','business_finance_edit_0001'),('327707622562205698','business_finance_export_0001'),('327707622562205698','business_finance_query_0001'),('327707622562205698','business_finance_remove_0001'),('327707622562205698','business_inventory_0001'),('327707622562205698','business_inventory_add_0001'),('327707622562205698','business_inventory_edit_0001'),('327707622562205698','business_inventory_export_0001'),('327707622562205698','business_inventory_query_0001'),('327707622562205698','business_inventory_remove_0001'),('327707622562205698','business_order_0001'),('327707622562205698','business_order_add_0001'),('327707622562205698','business_order_edit_0001'),('327707622562205698','business_order_export_0001'),('327707622562205698','business_order_query_0001'),('327707622562205698','business_order_remove_0001'),('327707622562205698','business_product_0001'),('327707622562205698','business_product_add_0001'),('327707622562205698','business_product_edit_0001'),('327707622562205698','business_product_export_0001'),('327707622562205698','business_product_query_0001'),('327707622562205698','business_product_remove_0001'),('327707622562205698','business_sales_0001'),('327707622562205698','business_sales_add_0001'),('327707622562205698','business_sales_edit_0001'),('327707622562205698','business_sales_export_0001'),('327707622562205698','business_sales_query_0001'),('327707622562205698','business_sales_remove_0001'),('327707622562205698','file_center_0001'),('327707622562205698','file_manage_0001'),('327707622562205698','file_manage_download_0001'),('327707622562205698','file_manage_remove_0001'),('327707622562205698','file_manage_upload_0001'),('327707622562205698','production_line_0001'),('327707622562205698','production_line_add_0001'),('327707622562205698','production_line_edit_0001'),('327707622562205698','production_line_export_0001'),('327707622562205698','production_line_query_0001'),('327707622562205698','production_line_remove_0001'),('327707622562205698','storage_config_0001'),('327707622562205698','storage_config_add_0001'),('327707622562205698','storage_config_edit_0001'),('327707622562205698','storage_config_remove_0001'),('327722727416926210','000100'),('327722727416926210','000120'),('327722727416926210','000121'),('327722727416926210','000122'),('327722727416926210','000123'),('327722727416926210','000124'),('327722727416926210','000130'),('327722727416926210','000131'),('327722727416926210','000132'),('327722727416926210','000133'),('327722727416926210','000134'),('327722727416926210','000135'),('327722727416926210','000140'),('327722727416926210','000141'),('327722727416926210','000142'),('327722727416926210','000143'),('327722727416926210','000144'),('327722727416926210','000145'),('327722727416926210','000160'),('327722727416926210','000161'),('327722727416926210','000162'),('327722727416926210','000163'),('327722727416926210','000180'),('327722727416926210','000181'),('327722727416926210','000182'),('327722727416926210','000190'),('327722727416926210','000191'),('327722727416926210','000192'),('327722727416926210','000193'),('327722727416926210','000194'),('327722727416926210','000195'),('327722727416926210','000196'),('327722727416926210','000197'),('327722727416926210','000198'),('327722727416926210','327716763913555968'),('327722727416926210','328003277641879552'),('327722727416926210','328003748184068096'),('327722727416926210','328011351035351040'),('327722727416926210','328011617474318336'),('327722727416926210','328011837230682112'),('327722727416926210','328012120165847040'),('327722727416926210','328055290455003136'),('327722727416926210','328055365851811840'),('327722727416926210','328055449779834880'),('327722727416926210','328055532650893312'),('327722727416926210','file_center_0001'),('327722727416926210','file_manage_0001'),('327722727416926210','file_manage_download_0001'),('327722727416926210','file_manage_remove_0001'),('327722727416926210','file_manage_upload_0001'),('327722727416926210','storage_config_0001'),('327722727416926210','storage_config_add_0001'),('327722727416926210','storage_config_edit_0001'),('327722727416926210','storage_config_remove_0001'),('328366891737419776','000100'),('328366891737419776','000160'),('328366891737419776','000161'),('328366891737419776','000162'),('328366891737419776','000163'),('328366891737419776','000180'),('328366891737419776','000181'),('328366891737419776','000182'),('328366891737419776','327267036847804416'),('328366891737419776','327716763913555968'),('328366891737419776','328003277641879552'),('328366891737419776','328003748184068096'),('328366891737419776','328011351035351040'),('328366891737419776','328011617474318336'),('328366891737419776','328011837230682112'),('328366891737419776','328012120165847040'),('328366891737419776','328055290455003136'),('328366891737419776','328055365851811840'),('328366891737419776','328055449779834880'),('328366891737419776','328055532650893312'),('328373289850376194','000100'),('328373289850376194','000110'),('328373289850376194','000111'),('328373289850376194','000112'),('328373289850376194','000113'),('328373289850376194','000114'),('328373289850376194','000115'),('328373289850376194','000116'),('328373289850376194','000117'),('328373289850376194','000118'),('328373289850376194','000119'),('328373289850376194','00011A'),('328373289850376194','000120'),('328373289850376194','000121'),('328373289850376194','000122'),('328373289850376194','000123'),('328373289850376194','000124'),('328373289850376194','000130'),('328373289850376194','000131'),('328373289850376194','000132'),('328373289850376194','000133'),('328373289850376194','000134'),('328373289850376194','000135'),('328373289850376194','000140'),('328373289850376194','000141'),('328373289850376194','000142'),('328373289850376194','000143'),('328373289850376194','000144'),('328373289850376194','000145'),('328373289850376194','000150'),('328373289850376194','000151'),('328373289850376194','000152'),('328373289850376194','000153'),('328373289850376194','000154'),('328373289850376194','000160'),('328373289850376194','000161'),('328373289850376194','000162'),('328373289850376194','000163'),('328373289850376194','000170'),('328373289850376194','000171'),('328373289850376194','000172'),('328373289850376194','000173'),('328373289850376194','000174'),('328373289850376194','000180'),('328373289850376194','000181'),('328373289850376194','000182'),('328373289850376194','000190'),('328373289850376194','000191'),('328373289850376194','000192'),('328373289850376194','000193'),('328373289850376194','000194'),('328373289850376194','000195'),('328373289850376194','000196'),('328373289850376194','000197'),('328373289850376194','000198'),('328373289850376194','325518182582456320'),('328373289850376194','325518338505707520'),('328373289850376194','325518440133693440'),('328373289850376194','325883052729438208'),('328373289850376194','327266832077688832'),('328373289850376194','327267036847804416'),('328373289850376194','327267207878938624'),('328373289850376194','327267345460498432'),('328373289850376194','327267400540098560'),('328373289850376194','327716763913555968'),('328373289850376194','business_finance_0001'),('328373289850376194','business_finance_add_0001'),('328373289850376194','business_finance_edit_0001'),('328373289850376194','business_finance_export_0001'),('328373289850376194','business_finance_query_0001'),('328373289850376194','business_finance_remove_0001'),('328373289850376194','business_inventory_0001'),('328373289850376194','business_inventory_add_0001'),('328373289850376194','business_inventory_edit_0001'),('328373289850376194','business_inventory_export_0001'),('328373289850376194','business_inventory_query_0001'),('328373289850376194','business_inventory_remove_0001'),('328373289850376194','business_order_0001'),('328373289850376194','business_order_add_0001'),('328373289850376194','business_order_edit_0001'),('328373289850376194','business_order_export_0001'),('328373289850376194','business_order_query_0001'),('328373289850376194','business_order_remove_0001'),('328373289850376194','business_product_0001'),('328373289850376194','business_product_add_0001'),('328373289850376194','business_product_edit_0001'),('328373289850376194','business_product_export_0001'),('328373289850376194','business_product_query_0001'),('328373289850376194','business_product_remove_0001'),('328373289850376194','business_sales_0001'),('328373289850376194','business_sales_add_0001'),('328373289850376194','business_sales_edit_0001'),('328373289850376194','business_sales_export_0001'),('328373289850376194','business_sales_query_0001'),('328373289850376194','business_sales_remove_0001'),('328373289850376194','file_center_0001'),('328373289850376194','file_manage_0001'),('328373289850376194','file_manage_download_0001'),('328373289850376194','file_manage_remove_0001'),('328373289850376194','file_manage_upload_0001'),('328373289850376194','production_line_0001'),('328373289850376194','production_line_add_0001'),('328373289850376194','production_line_edit_0001'),('328373289850376194','production_line_export_0001'),('328373289850376194','production_line_query_0001'),('328373289850376194','production_line_remove_0001'),('328373289850376194','storage_config_0001'),('328373289850376194','storage_config_add_0001'),('328373289850376194','storage_config_edit_0001'),('328373289850376194','storage_config_remove_0001');
/*!40000 ALTER TABLE `sys_role_menu` ENABLE KEYS */;
UNLOCK TABLES;

--
-- Table structure for table `sys_search_index`
--

DROP TABLE IF EXISTS `sys_search_index`;
/*!40101 SET @saved_cs_client     = @@character_set_client */;
/*!50503 SET character_set_client = utf8mb4 */;
CREATE TABLE `sys_search_index` (
  `index_id` varchar(128) NOT NULL COMMENT '索引ID',
  `tenant_id` varchar(32) NOT NULL COMMENT '租户ID',
  `module_key` varchar(64) NOT NULL COMMENT '模块标识',
  `module_name` varchar(64) NOT NULL COMMENT '模块名称',
  `biz_id` varchar(64) NOT NULL COMMENT '业务主键ID',
  `title` varchar(255) NOT NULL COMMENT '搜索标题',
  `subtitle` varchar(255) DEFAULT NULL COMMENT '搜索副标题',
  `content` text COMMENT '搜索内容',
  `permission` varchar(128) NOT NULL COMMENT '搜索权限标识',
  `route_path` varchar(255) DEFAULT NULL COMMENT '前端跳转路径',
  `owner_id` varchar(32) DEFAULT NULL COMMENT '数据所属用户ID',
  `dept_id` varchar(32) DEFAULT NULL COMMENT '部门ID',
  `created_by` varchar(32) DEFAULT NULL COMMENT '创建人',
  `status` varchar(8) DEFAULT '0' COMMENT '状态：0正常 1停用',
  `deleted` tinyint DEFAULT '0' COMMENT '删除标记：0正常 1删除',
  `source_table` varchar(128) DEFAULT NULL COMMENT '来源业务表',
  `create_time` datetime DEFAULT CURRENT_TIMESTAMP COMMENT '创建时间',
  `update_time` datetime DEFAULT CURRENT_TIMESTAMP ON UPDATE CURRENT_TIMESTAMP COMMENT '更新时间',
  PRIMARY KEY (`index_id`),
  KEY `idx_search_tenant_module` (`tenant_id`,`module_key`),
  KEY `idx_search_tenant_permission` (`tenant_id`,`permission`),
  KEY `idx_search_tenant_status_deleted` (`tenant_id`,`status`,`deleted`),
  KEY `idx_search_owner` (`tenant_id`,`owner_id`),
  KEY `idx_search_created_by` (`tenant_id`,`created_by`),
  KEY `idx_search_dept` (`tenant_id`,`dept_id`),
  KEY `idx_search_biz` (`tenant_id`,`module_key`,`biz_id`),
  KEY `idx_search_title` (`tenant_id`,`title`),
  KEY `idx_search_subtitle` (`tenant_id`,`subtitle`)
) ENGINE=InnoDB DEFAULT CHARSET=utf8mb4 COLLATE=utf8mb4_0900_ai_ci COMMENT='统一搜索索引表';
/*!40101 SET character_set_client = @saved_cs_client */;

--
-- Dumping data for table `sys_search_index`
--

LOCK TABLES `sys_search_index` WRITE;
/*!40000 ALTER TABLE `sys_search_index` DISABLE KEYS */;
INSERT INTO `sys_search_index` VALUES ('000000:config:000401','000000','config','系统参数','000401','默认密码','sys.user.defaultPassword','默认密码 sys.user.defaultPassword 123456 新用户默认密码','system:config:search','/system/config',NULL,NULL,'null','0',0,'sys_config','2026-07-10 01:46:37','2026-07-10 01:46:37'),('000000:config:000402','000000','config','系统参数','000402','系统名称','sys.app.name','系统名称 sys.app.name KOX Management System 前后端展示名称','system:config:search','/system/config',NULL,NULL,'null','0',0,'sys_config','2026-07-10 01:46:37','2026-07-10 01:46:37'),('000000:config:000403','000000','config','系统参数','000403','演示模式开关','sys.demo.enabled','演示模式开关 sys.demo.enabled true 是否开启演示数据','system:config:search','/system/config',NULL,NULL,'null','0',0,'sys_config','2026-07-10 01:46:37','2026-07-10 01:46:37'),('000000:config:000404','000000','config','系统参数','000404','文件上传限制(MB)','sys.upload.maxSize','文件上传限制(MB) sys.upload.maxSize 20 文件上传大小限制，默认大小50MB','system:config:search','/system/config',NULL,NULL,'null','0',0,'sys_config','2026-07-10 01:46:37','2026-07-10 01:46:37'),('000000:config:000405','000000','config','系统参数','000405','版本号','sys.version','版本号 sys.version 2.0.0 系统版本','system:config:search','/system/config',NULL,NULL,'null','0',0,'sys_config','2026-07-10 01:46:37','2026-07-10 01:46:37'),('000000:config:324733162540371968','000000','config','系统参数','324733162540371968','系统Logo','sys.app.logo','系统Logo sys.app.logo https://xux.xlcig.cn/logo.png 请在文件管理上传后复制-使用公开桶','system:config:search','/system/config',NULL,NULL,'null','0',0,'sys_config','2026-07-10 01:46:37','2026-07-10 01:46:37'),('000000:config:324735307117367296','000000','config','系统参数','324735307117367296','用户默认头像','sys.user.defaultAvatar','用户默认头像 sys.user.defaultAvatar https://i.scdn.co/image/ab67616d00001e020c1faab9fa6c0b91f9f4e465 用户未设置头像时使用','system:config:search','/system/config',NULL,NULL,'null','0',0,'sys_config','2026-07-10 01:46:37','2026-07-10 01:46:37'),('000000:config:324800409917067264','000000','config','系统参数','324800409917067264','多开登录','sys.login.multiDevice','多开登录 sys.login.multiDevice 1 1 = 允许多开；0 = 只允许单端。默认1','system:config:search','/system/config',NULL,NULL,'null','0',0,'sys_config','2026-07-10 01:46:37','2026-07-10 01:46:37'),('000000:dept:000001','000000','dept','部门管理','000001','平台总部',NULL,'平台总部','system:dept:search','/system/dept',NULL,NULL,'null','0',0,'sys_dept','2026-07-10 01:46:38','2026-07-10 01:46:38'),('000000:dept:323381860459745280','000000','dept','部门管理','323381860459745280','行政部',NULL,'行政部','system:dept:search','/system/dept',NULL,NULL,'null','0',0,'sys_dept','2026-07-10 01:46:38','2026-07-10 01:46:38'),('000000:dept:323719748447768576','000000','dept','部门管理','323719748447768576','暴风雪',NULL,'暴风雪','system:dept:search','/system/dept',NULL,NULL,'null','0',0,'sys_dept','2026-07-10 01:46:38','2026-07-10 01:46:38'),('000000:dept:325536879892107264','000000','dept','部门管理','325536879892107264','财务部',NULL,'财务部','system:dept:search','/system/dept',NULL,NULL,'null','0',0,'sys_dept','2026-07-10 01:46:38','2026-07-10 01:46:38'),('000000:dept:325536911462633472','000000','dept','部门管理','325536911462633472','生产部',NULL,'生产部','system:dept:search','/system/dept',NULL,NULL,'null','0',0,'sys_dept','2026-07-10 01:46:38','2026-07-10 01:46:38'),('000000:dept:325536948397674496','000000','dept','部门管理','325536948397674496','市场部',NULL,'市场部','system:dept:search','/system/dept',NULL,NULL,'null','0',0,'sys_dept','2026-07-10 01:46:38','2026-07-10 01:46:38'),('000000:dept:325537043469963264','000000','dept','部门管理','325537043469963264','售前部',NULL,'售前部','system:dept:search','/system/dept',NULL,NULL,'null','0',0,'sys_dept','2026-07-10 01:46:38','2026-07-10 01:46:38'),('000000:dept:325537094283956224','000000','dept','部门管理','325537094283956224','销售部',NULL,'销售部','system:dept:search','/system/dept',NULL,NULL,'null','0',0,'sys_dept','2026-07-10 01:46:38','2026-07-10 01:46:38'),('000000:dept:325537143713828864','000000','dept','部门管理','325537143713828864','售后部',NULL,'售后部','system:dept:search','/system/dept',NULL,NULL,'null','0',0,'sys_dept','2026-07-10 01:46:38','2026-07-10 01:46:38'),('000000:dept:333515071303061504','000000','dept','部门管理','333515071303061504','测试',NULL,'测试','system:dept:search','/system/dept',NULL,NULL,'null','0',0,'sys_dept','2026-07-10 01:46:38','2026-07-10 01:46:38'),('000000:dict-data:000310','000000','dict-data','字典数据','000310','男','0','男 0 男性','system:dict:search','/system/dict',NULL,NULL,'null','0',0,'sys_dict_data','2026-07-10 01:46:38','2026-07-10 01:46:38'),('000000:dict-data:000311','000000','dict-data','字典数据','000311','女','1','女 1 女性','system:dict:search','/system/dict',NULL,NULL,'null','0',0,'sys_dict_data','2026-07-10 01:46:39','2026-07-10 01:46:39'),('000000:dict-data:000312','000000','dict-data','字典数据','000312','未知','2','未知 2 未设置性别','system:dict:search','/system/dict',NULL,NULL,'null','0',0,'sys_dict_data','2026-07-10 01:46:39','2026-07-10 01:46:39'),('000000:dict-data:000313','000000','dict-data','字典数据','000313','正常','0','正常 0 正常状态','system:dict:search','/system/dict',NULL,NULL,'null','0',0,'sys_dict_data','2026-07-10 01:46:39','2026-07-10 01:46:39'),('000000:dict-data:000314','000000','dict-data','字典数据','000314','密码登录','password','密码登录 password 用户名密码登录','system:dict:search','/system/dict',NULL,NULL,'null','0',0,'sys_dict_data','2026-07-10 01:46:39','2026-07-10 01:46:39'),('000000:dict-data:000315','000000','dict-data','字典数据','000315','刷新令牌','refresh','刷新令牌 refresh refreshToken 刷新','system:dict:search','/system/dict',NULL,NULL,'null','0',0,'sys_dict_data','2026-07-10 01:46:39','2026-07-10 01:46:39'),('000000:dict-data:000316','000000','dict-data','字典数据','000316','验证码登录','sms','验证码登录 sms 短信验证码登录','system:dict:search','/system/dict',NULL,NULL,'null','0',0,'sys_dict_data','2026-07-10 01:46:39','2026-07-10 01:46:39'),('000000:dict-data:000317','000000','dict-data','字典数据','000317','单点登录','sso','单点登录 sso SSO 登录','system:dict:search','/system/dict',NULL,NULL,'null','0',0,'sys_dict_data','2026-07-10 01:46:39','2026-07-10 01:46:39'),('000000:dict-data:000318','000000','dict-data','字典数据','000318','停用','1','停用 1 停用状态','system:dict:search','/system/dict',NULL,NULL,'null','0',0,'sys_dict_data','2026-07-10 01:46:39','2026-07-10 01:46:39'),('000000:dict-data:000319','000000','dict-data','字典数据','000319','是','1','是 1 是','system:dict:search','/system/dict',NULL,NULL,'null','0',0,'sys_dict_data','2026-07-10 01:46:39','2026-07-10 01:46:39'),('000000:dict-data:000320','000000','dict-data','字典数据','000320','否','0','否 0 否','system:dict:search','/system/dict',NULL,NULL,'null','0',0,'sys_dict_data','2026-07-10 01:46:39','2026-07-10 01:46:39'),('000000:dict-data:000321','000000','dict-data','字典数据','000321','目录','0','目录 0 目录类型菜单','system:dict:search','/system/dict',NULL,NULL,'null','0',0,'sys_dict_data','2026-07-10 01:46:39','2026-07-10 01:46:39'),('000000:dict-data:000322','000000','dict-data','字典数据','000322','菜单','1','菜单 1 页面类型菜单','system:dict:search','/system/dict',NULL,NULL,'null','0',0,'sys_dict_data','2026-07-10 01:46:39','2026-07-10 01:46:39'),('000000:dict-data:000323','000000','dict-data','字典数据','000323','按钮','2','按钮 2 按钮权限','system:dict:search','/system/dict',NULL,NULL,'null','0',0,'sys_dict_data','2026-07-10 01:46:39','2026-07-10 01:46:39'),('000000:dict-data:000324','000000','dict-data','字典数据','000324','系统配置','sys','系统配置 sys 系统级参数','system:dict:search','/system/dict',NULL,NULL,'null','0',0,'sys_dict_data','2026-07-10 01:46:39','2026-07-10 01:46:39'),('000000:dict-data:000325','000000','dict-data','字典数据','000325','主题配置','theme','主题配置 theme 主题相关参数','system:dict:search','/system/dict',NULL,NULL,'null','0',0,'sys_dict_data','2026-07-10 01:46:39','2026-07-10 01:46:39'),('000000:dict-data:000326','000000','dict-data','字典数据','000326','字典配置','dict','字典配置 dict 字典相关参数','system:dict:search','/system/dict',NULL,NULL,'null','0',0,'sys_dict_data','2026-07-10 01:46:39','2026-07-10 01:46:39'),('000000:dict-data:000327','000000','dict-data','字典数据','000327','新增','ADD','新增 ADD 新增操作','system:dict:search','/system/dict',NULL,NULL,'null','0',0,'sys_dict_data','2026-07-10 01:46:39','2026-07-10 01:46:39'),('000000:dict-data:000328','000000','dict-data','字典数据','000328','修改','UPDATE','修改 UPDATE 修改操作','system:dict:search','/system/dict',NULL,NULL,'null','0',0,'sys_dict_data','2026-07-10 01:46:39','2026-07-10 01:46:39'),('000000:dict-data:000329','000000','dict-data','字典数据','000329','删除','DELETE','删除 DELETE 删除操作','system:dict:search','/system/dict',NULL,NULL,'null','0',0,'sys_dict_data','2026-07-10 01:46:39','2026-07-10 01:46:39'),('000000:dict-data:000330','000000','dict-data','字典数据','000330','上传','UPLOAD','上传 UPLOAD 上传操作','system:dict:search','/system/dict',NULL,NULL,'null','0',0,'sys_dict_data','2026-07-10 01:46:39','2026-07-10 01:46:39'),('000000:dict-data:000331','000000','dict-data','字典数据','000331','下载','DOWNLOAD','下载 DOWNLOAD 下载操作','system:dict:search','/system/dict',NULL,NULL,'null','0',0,'sys_dict_data','2026-07-10 01:46:39','2026-07-10 01:46:39'),('000000:dict-data:000332','000000','dict-data','字典数据','000332','导出','EXPORT','导出 EXPORT 导出操作','system:dict:search','/system/dict',NULL,NULL,'null','0',0,'sys_dict_data','2026-07-10 01:46:39','2026-07-10 01:46:39'),('000000:dict-data:000333','000000','dict-data','字典数据','000333','登录','LOGIN','登录 LOGIN 登录操作','system:dict:search','/system/dict',NULL,NULL,'null','0',0,'sys_dict_data','2026-07-10 01:46:40','2026-07-10 01:46:40'),('000000:dict-data:000334','000000','dict-data','字典数据','000334','退出','LOGOUT','退出 LOGOUT 退出操作','system:dict:search','/system/dict',NULL,NULL,'null','0',0,'sys_dict_data','2026-07-10 01:46:40','2026-07-10 01:46:40'),('000000:dict-data:000335','000000','dict-data','字典数据','000335','保存','SAVE','保存 SAVE 保存操作','system:dict:search','/system/dict',NULL,NULL,'null','0',0,'sys_dict_data','2026-07-10 01:46:40','2026-07-10 01:46:40'),('000000:dict-data:000336','000000','dict-data','字典数据','000336','列表','LIST','列表 LIST 列表查询','system:dict:search','/system/dict',NULL,NULL,'null','0',0,'sys_dict_data','2026-07-10 01:46:40','2026-07-10 01:46:40'),('000000:dict-data:000337','000000','dict-data','字典数据','000337','导入','IMPORT','导入 IMPORT 导入操作','system:dict:search','/system/dict',NULL,NULL,'null','0',0,'sys_dict_data','2026-07-10 01:46:40','2026-07-10 01:46:40'),('000000:dict-data:000338','000000','dict-data','字典数据','000338','其他','OTHER','其他 OTHER 其他操作','system:dict:search','/system/dict',NULL,NULL,'null','0',0,'sys_dict_data','2026-07-10 01:46:40','2026-07-10 01:46:40'),('000000:dict-data:000339','000000','dict-data','字典数据','000339','成功','1','成功 1 上传/操作成功','system:dict:search','/system/dict',NULL,NULL,'null','0',0,'sys_dict_data','2026-07-10 01:46:40','2026-07-10 01:46:40'),('000000:dict-data:000340','000000','dict-data','字典数据','000340','失败','0','失败 0 上传/操作失败','system:dict:search','/system/dict',NULL,NULL,'null','0',0,'sys_dict_data','2026-07-10 01:46:40','2026-07-10 01:46:40'),('000000:dict-data:000341','000000','dict-data','字典数据','000341','公共访问','public','公共访问 public 公开可访问','system:dict:search','/system/dict',NULL,NULL,'null','0',0,'sys_dict_data','2026-07-10 01:46:40','2026-07-10 01:46:40'),('000000:dict-data:000342','000000','dict-data','字典数据','000342','私有访问','private','私有访问 private 需鉴权访问','system:dict:search','/system/dict',NULL,NULL,'null','0',0,'sys_dict_data','2026-07-10 01:46:40','2026-07-10 01:46:40'),('000000:dict-data:000343','000000','dict-data','字典数据','000343','MinIO','minio','MinIO minio MinIO 对象存储','system:dict:search','/system/dict',NULL,NULL,'null','0',0,'sys_dict_data','2026-07-10 01:46:40','2026-07-10 01:46:40'),('000000:dict-data:000344','000000','dict-data','字典数据','000344','阿里云OSS','aliyun_oss','阿里云OSS aliyun_oss 阿里云对象存储','system:dict:search','/system/dict',NULL,NULL,'null','0',0,'sys_dict_data','2026-07-10 01:46:40','2026-07-10 01:46:40'),('000000:dict-data:000345','000000','dict-data','字典数据','000345','腾讯云COS','tencent_cos','腾讯云COS tencent_cos 腾讯云对象存储','system:dict:search','/system/dict',NULL,NULL,'null','0',0,'sys_dict_data','2026-07-10 01:46:40','2026-07-10 01:46:40'),('000000:dict-data:000346','000000','dict-data','字典数据','000346','七牛云Kodo','qiniu_kodo','七牛云Kodo qiniu_kodo 七牛云对象存储','system:dict:search','/system/dict',NULL,NULL,'null','0',0,'sys_dict_data','2026-07-10 01:46:40','2026-07-10 01:46:40'),('000000:dict-data:000347','000000','dict-data','字典数据','000347','华为云OBS','huawei_obs','华为云OBS huawei_obs 华为云对象存储','system:dict:search','/system/dict',NULL,NULL,'null','0',0,'sys_dict_data','2026-07-10 01:46:40','2026-07-10 01:46:40'),('000000:dict-data:000348','000000','dict-data','字典数据','000348','AWS S3','aws_s3','AWS S3 aws_s3 AWS S3 存储','system:dict:search','/system/dict',NULL,NULL,'null','0',0,'sys_dict_data','2026-07-10 01:46:40','2026-07-10 01:46:40'),('000000:dict-data:000349','000000','dict-data','字典数据','000349','本地存储','local','本地存储 local 服务器本地存储','system:dict:search','/system/dict',NULL,NULL,'null','0',0,'sys_dict_data','2026-07-10 01:46:40','2026-07-10 01:46:40'),('000000:dict-data:000350','000000','dict-data','字典数据','000350','亮色菜单风格','light','亮色菜单风格 light 亮色主题导航','system:dict:search','/system/dict',NULL,NULL,'null','0',0,'sys_dict_data','2026-07-10 01:46:40','2026-07-10 01:46:40'),('000000:dict-data:000351','000000','dict-data','字典数据','000351','暗色菜单风格','dark','暗色菜单风格 dark 暗色主题导航','system:dict:search','/system/dict',NULL,NULL,'null','0',0,'sys_dict_data','2026-07-10 01:46:40','2026-07-10 01:46:40'),('000000:dict-data:000352','000000','dict-data','字典数据','000352','暗黑模式','realDark','暗黑模式 realDark 纯暗黑模式','system:dict:search','/system/dict',NULL,NULL,'null','0',0,'sys_dict_data','2026-07-10 01:46:40','2026-07-10 01:46:40'),('000000:dict-data:000353','000000','dict-data','字典数据','000353','侧边菜单布局','side','侧边菜单布局 side 侧边栏布局','system:dict:search','/system/dict',NULL,NULL,'null','0',0,'sys_dict_data','2026-07-10 01:46:40','2026-07-10 01:46:40'),('000000:dict-data:000354','000000','dict-data','字典数据','000354','顶部菜单布局','top','顶部菜单布局 top 顶部栏布局','system:dict:search','/system/dict',NULL,NULL,'null','0',0,'sys_dict_data','2026-07-10 01:46:40','2026-07-10 01:46:40'),('000000:dict-data:000355','000000','dict-data','字典数据','000355','混合布局','mix','混合布局 mix 混合布局模式','system:dict:search','/system/dict',NULL,NULL,'null','0',0,'sys_dict_data','2026-07-10 01:46:41','2026-07-10 01:46:41'),('000000:dict-data:000356','000000','dict-data','字典数据','000356','流式','Fluid','流式 Fluid 自适应宽度','system:dict:search','/system/dict',NULL,NULL,'null','0',0,'sys_dict_data','2026-07-10 01:46:41','2026-07-10 01:46:41'),('000000:dict-data:000357','000000','dict-data','字典数据','000357','定宽','Fixed','定宽 Fixed 固定宽度','system:dict:search','/system/dict',NULL,NULL,'null','0',0,'sys_dict_data','2026-07-10 01:46:41','2026-07-10 01:46:41'),('000000:dict-data:325153647082213376','000000','dict-data','字典数据','325153647082213376','公共桶','public','公共桶 public 公开可访问文件','system:dict:search','/system/dict',NULL,NULL,'null','0',0,'sys_dict_data','2026-07-10 01:46:41','2026-07-10 01:46:41'),('000000:dict-data:325153773272043520','000000','dict-data','字典数据','325153773272043520','私有桶','private','私有桶 private 需鉴权或签名访问文件','system:dict:search','/system/dict',NULL,NULL,'null','0',0,'sys_dict_data','2026-07-10 01:46:41','2026-07-10 01:46:41'),('000000:dict-type:000201','000000','dict-type','字典类型','000201','性别','sys_gender','性别 sys_gender 用户性别字典','system:dict:search','/system/dict',NULL,NULL,'null','0',0,'sys_dict_type','2026-07-10 01:46:41','2026-07-10 01:46:41'),('000000:dict-type:000202','000000','dict-type','字典类型','000202','状态','sys_status','状态 sys_status 通用状态字典','system:dict:search','/system/dict',NULL,NULL,'null','0',0,'sys_dict_type','2026-07-10 01:46:41','2026-07-10 01:46:41'),('000000:dict-type:000203','000000','dict-type','字典类型','000203','菜单类型','sys_menu_type','菜单类型 sys_menu_type 菜单类型字典','system:dict:search','/system/dict',NULL,NULL,'null','0',0,'sys_dict_type','2026-07-10 01:46:41','2026-07-10 01:46:41'),('000000:dict-type:000204','000000','dict-type','字典类型','000204','是否','sys_yes_no','是否 sys_yes_no 是否字典','system:dict:search','/system/dict',NULL,NULL,'null','0',0,'sys_dict_type','2026-07-10 01:46:41','2026-07-10 01:46:41'),('000000:dict-type:000205','000000','dict-type','字典类型','000205','配置类型','sys_config_type','配置类型 sys_config_type 系统配置类型','system:dict:search','/system/dict',NULL,NULL,'null','0',0,'sys_dict_type','2026-07-10 01:46:41','2026-07-10 01:46:41'),('000000:dict-type:000206','000000','dict-type','字典类型','000206','登录类型','sys_login_type','登录类型 sys_login_type 系统登录方式','system:dict:search','/system/dict',NULL,NULL,'null','0',0,'sys_dict_type','2026-07-10 01:46:41','2026-07-10 01:46:41'),('000000:dict-type:000207','000000','dict-type','字典类型','000207','业务类型','sys_business_type','业务类型 sys_business_type 系统操作业务类型','system:dict:search','/system/dict',NULL,NULL,'null','0',0,'sys_dict_type','2026-07-10 01:46:41','2026-07-10 01:46:41'),('000000:dict-type:000208','000000','dict-type','字典类型','000208','上传状态','sys_upload_status','上传状态 sys_upload_status 文件上传结果状态','system:dict:search','/system/dict',NULL,NULL,'null','0',0,'sys_dict_type','2026-07-10 01:46:41','2026-07-10 01:46:41'),('000000:dict-type:000209','000000','dict-type','字典类型','000209','访问类型','sys_access_type','访问类型 sys_access_type 上传文件访问类型','system:dict:search','/system/dict',NULL,NULL,'null','0',0,'sys_dict_type','2026-07-10 01:46:41','2026-07-10 01:46:41'),('000000:dict-type:324832179827904512','000000','dict-type','字典类型','324832179827904512','OSS类型配置','sys_storage_type','OSS类型配置 sys_storage_type minio|阿里云|腾讯云...','system:dict:search','/system/dict',NULL,NULL,'null','0',0,'sys_dict_type','2026-07-10 01:46:41','2026-07-10 01:46:41'),('000000:dict-type:325153530858049536','000000','dict-type','字典类型','325153530858049536','桶访问类型','sys_bucket_access_type','桶访问类型 sys_bucket_access_type 用于区分文件上传到公共桶或私有桶','system:dict:search','/system/dict',NULL,NULL,'null','0',0,'sys_dict_type','2026-07-10 01:46:41','2026-07-10 01:46:41'),('000000:dict-type:DT001','000000','dict-type','字典类型','DT001','导航主题','sys_nav_theme','导航主题 sys_nav_theme light/dark/realDark','system:dict:search','/system/dict',NULL,NULL,'null','0',0,'sys_dict_type','2026-07-10 01:46:41','2026-07-10 01:46:41'),('000000:dict-type:DT002','000000','dict-type','字典类型','DT002','布局类型','sys_layout_type','布局类型 sys_layout_type side/top/mix','system:dict:search','/system/dict',NULL,NULL,'null','0',0,'sys_dict_type','2026-07-10 01:46:41','2026-07-10 01:46:41'),('000000:dict-type:DT003','000000','dict-type','字典类型','DT003','内容宽度','sys_content_width','内容宽度 sys_content_width Fluid/Fixed','system:dict:search','/system/dict',NULL,NULL,'null','0',0,'sys_dict_type','2026-07-10 01:46:41','2026-07-10 01:46:41'),('000000:file:325452100014313472','000000','file','文件管理','325452100014313472','jian@2x.png','jian@2x.png','jian@2x.png jian@2x.png 头像/1781661026961_jian@2x.png 头像','system:file:search','/system/storage',NULL,NULL,'null','0',0,'sys_file','2026-07-10 01:46:41','2026-07-10 01:46:41'),('000000:file:325456136671203328','000000','file','文件管理','325456136671203328','images.jpg','images.jpg','images.jpg images.jpg avatar/1781661989382_images.jpg avatar','system:file:search','/system/storage',NULL,NULL,'null','0',0,'sys_file','2026-07-10 01:46:41','2026-07-10 01:46:41'),('000000:file:327364300417142784','000000','file','文件管理','327364300417142784','icon-512x512.png','icon-512x512.png','icon-512x512.png icon-512x512.png Logo/1782116930943_icon-512x512.png Logo','system:file:search','/system/storage',NULL,NULL,'null','0',0,'sys_file','2026-07-10 01:46:42','2026-07-10 01:46:42'),('000000:file:327364429765283840','000000','file','文件管理','327364429765283840','icon-128x128.png','icon-128x128.png','icon-128x128.png icon-128x128.png Logo/1782116961918_icon-128x128.png Logo','system:file:search','/system/storage',NULL,NULL,'null','0',0,'sys_file','2026-07-10 01:46:42','2026-07-10 01:46:42'),('000000:file:327364614016864256','000000','file','文件管理','327364614016864256','icon-192x192.png','icon-192x192.png','icon-192x192.png icon-192x192.png avatar/1782117005845_icon-192x192.png avatar','system:file:search','/system/storage',NULL,NULL,'null','0',0,'sys_file','2026-07-10 01:46:42','2026-07-10 01:46:42'),('000000:file:327367429577641984','000000','file','文件管理','327367429577641984','icon-512x512.png','icon-512x512.png','icon-512x512.png icon-512x512.png test/1782117676996_icon-512x512.png test','system:file:search','/system/storage',NULL,NULL,'null','0',0,'sys_file','2026-07-10 01:46:42','2026-07-10 01:46:42'),('000000:file:327367574755086336','000000','file','文件管理','327367574755086336','icon-512x512.png','icon-512x512.png','icon-512x512.png icon-512x512.png test/1782117711674_icon-512x512.png test','system:file:search','/system/storage',NULL,NULL,'null','0',0,'sys_file','2026-07-10 01:46:42','2026-07-10 01:46:42'),('000000:file:328371822036914176','000000','file','文件管理','328371822036914176','OneDrive 入门.pdf','OneDrive_入门.pdf','OneDrive 入门.pdf OneDrive_入门.pdf download-center/1782357142210_OneDrive_入门.pdf download-center','system:file:search','/system/storage',NULL,NULL,'null','0',0,'sys_file','2026-07-10 01:46:42','2026-07-10 01:46:42'),('000000:file:328371907353251840','000000','file','文件管理','328371907353251840','Document.docx','Document.docx','Document.docx Document.docx download-center/1782357162853_Document.docx download-center','system:file:search','/system/storage',NULL,NULL,'null','0',0,'sys_file','2026-07-10 01:46:42','2026-07-10 01:46:42'),('000000:file:328372133178773504','000000','file','文件管理','328372133178773504','system-user-template.xlsx','system-user-template.xlsx','system-user-template.xlsx system-user-template.xlsx download-center/1782357217177_system-user-template.xlsx download-center','system:file:search','/system/storage',NULL,NULL,'null','0',0,'sys_file','2026-07-10 01:46:42','2026-07-10 01:46:42'),('000000:file:333535451614941184','000000','file','文件管理','333535451614941184','images.jpg','1783588248281_images.jpg','images.jpg 1783588248281_images.jpg test/1783588248281_images.jpg test','system:file:search','/system/storage',NULL,NULL,'null','0',0,'sys_file','2026-07-10 01:46:42','2026-07-10 01:46:42'),('000000:log-login:325522806764867584','000000','log-login','登录日志','325522806764867584','superadmin','password','superadmin password','system:log:search','/system/log',NULL,NULL,'null','1',0,'sys_login_log','2026-07-10 01:46:42','2026-07-10 01:46:42'),('000000:log-login:325526706855219200','000000','log-login','登录日志','325526706855219200','superadmin','password','superadmin password','system:log:search','/system/log',NULL,NULL,'null','1',0,'sys_login_log','2026-07-10 01:46:42','2026-07-10 01:46:42'),('000000:log-login:325531365657415680','000000','log-login','登录日志','325531365657415680','superadmin','password','superadmin password','system:log:search','/system/log',NULL,NULL,'null','1',0,'sys_login_log','2026-07-10 01:46:42','2026-07-10 01:46:42'),('000000:log-login:325536736702763008','000000','log-login','登录日志','325536736702763008','superadmin','password','superadmin password','system:log:search','/system/log',NULL,NULL,'null','1',0,'sys_login_log','2026-07-10 01:46:42','2026-07-10 01:46:42'),('000000:log-login:325543494095605760','000000','log-login','登录日志','325543494095605760','superadmin','password','superadmin password','system:log:search','/system/log',NULL,NULL,'null','1',0,'sys_login_log','2026-07-10 01:46:42','2026-07-10 01:46:42'),('000000:log-login:325547892846759936','000000','log-login','登录日志','325547892846759936','superadmin','password','superadmin password','system:log:search','/system/log',NULL,NULL,'null','1',0,'sys_login_log','2026-07-10 01:46:42','2026-07-10 01:46:42'),('000000:log-login:325549562859229184','000000','log-login','登录日志','325549562859229184','superadmin','password','superadmin password','system:log:search','/system/log',NULL,NULL,'null','1',0,'sys_login_log','2026-07-10 01:46:42','2026-07-10 01:46:42'),('000000:log-login:325554295007219712','000000','log-login','登录日志','325554295007219712','superadmin','password','superadmin password','system:log:search','/system/log',NULL,NULL,'null','1',0,'sys_login_log','2026-07-10 01:46:42','2026-07-10 01:46:42'),('000000:log-login:325561651384422400','000000','log-login','登录日志','325561651384422400','superadmin','password','superadmin password','system:log:search','/system/log',NULL,NULL,'null','1',0,'sys_login_log','2026-07-10 01:46:42','2026-07-10 01:46:42'),('000000:log-login:325565118098313216','000000','log-login','登录日志','325565118098313216','superadmin','password','superadmin password','system:log:search','/system/log',NULL,NULL,'null','1',0,'sys_login_log','2026-07-10 01:46:42','2026-07-10 01:46:42'),('000000:log-login:325565503353524224','000000','log-login','登录日志','325565503353524224','superadmin','password','superadmin password','system:log:search','/system/log',NULL,NULL,'null','1',0,'sys_login_log','2026-07-10 01:46:42','2026-07-10 01:46:42'),('000000:log-login:325565721197285376','000000','log-login','登录日志','325565721197285376','superadmin','password','superadmin password','system:log:search','/system/log',NULL,NULL,'null','1',0,'sys_login_log','2026-07-10 01:46:43','2026-07-10 01:46:43'),('000000:log-login:325803729603399680','000000','log-login','登录日志','325803729603399680',' superadmin','password',' superadmin password 租户、用户名或密码错误','system:log:search','/system/log',NULL,NULL,'null','0',0,'sys_login_log','2026-07-10 01:46:43','2026-07-10 01:46:43'),('000000:log-login:325804006679121920','000000','log-login','登录日志','325804006679121920','superadmin','password','superadmin password','system:log:search','/system/log',NULL,NULL,'null','1',0,'sys_login_log','2026-07-10 01:46:43','2026-07-10 01:46:43'),('000000:log-login:325873514542403584','000000','log-login','登录日志','325873514542403584','superadmin','password','superadmin password','system:log:search','/system/log',NULL,NULL,'null','1',0,'sys_login_log','2026-07-10 01:46:43','2026-07-10 01:46:43'),('000000:log-login:325878281180155904','000000','log-login','登录日志','325878281180155904','superadmin','password','superadmin password','system:log:search','/system/log',NULL,NULL,'null','1',0,'sys_login_log','2026-07-10 01:46:43','2026-07-10 01:46:43'),('000000:log-login:325885774564298752','000000','log-login','登录日志','325885774564298752','superadmin','password','superadmin password','system:log:search','/system/log',NULL,NULL,'null','1',0,'sys_login_log','2026-07-10 01:46:43','2026-07-10 01:46:43'),('000000:log-login:325910076563001344','000000','log-login','登录日志','325910076563001344','superadmin','password','superadmin password','system:log:search','/system/log',NULL,NULL,'null','1',0,'sys_login_log','2026-07-10 01:46:43','2026-07-10 01:46:43'),('000000:log-login:325913303647916032','000000','log-login','登录日志','325913303647916032','superadmin','password','superadmin password','system:log:search','/system/log',NULL,NULL,'null','1',0,'sys_login_log','2026-07-10 01:46:43','2026-07-10 01:46:43'),('000000:log-login:325917881185472512','000000','log-login','登录日志','325917881185472512','superadmin','password','superadmin password','system:log:search','/system/log',NULL,NULL,'null','1',0,'sys_login_log','2026-07-10 01:46:43','2026-07-10 01:46:43'),('000000:log-login:325922060054433792','000000','log-login','登录日志','325922060054433792','superadmin','password','superadmin password','system:log:search','/system/log',NULL,NULL,'null','1',0,'sys_login_log','2026-07-10 01:46:43','2026-07-10 01:46:43'),('000000:log-login:325926558588080128','000000','log-login','登录日志','325926558588080128','superadmin','password','superadmin password','system:log:search','/system/log',NULL,NULL,'null','1',0,'sys_login_log','2026-07-10 01:46:43','2026-07-10 01:46:43'),('000000:log-login:325930490227986432','000000','log-login','登录日志','325930490227986432','superadmin','password','superadmin password','system:log:search','/system/log',NULL,NULL,'null','1',0,'sys_login_log','2026-07-10 01:46:43','2026-07-10 01:46:43'),('000000:log-login:327260289139609600','000000','log-login','登录日志','327260289139609600','superadmin','password','superadmin password','system:log:search','/system/log',NULL,NULL,'null','1',0,'sys_login_log','2026-07-10 01:46:43','2026-07-10 01:46:43'),('000000:log-login:327265616396423168','000000','log-login','登录日志','327265616396423168','superadmin','password','superadmin password','system:log:search','/system/log',NULL,NULL,'null','1',0,'sys_login_log','2026-07-10 01:46:43','2026-07-10 01:46:43'),('000000:log-login:327274864522170368','000000','log-login','登录日志','327274864522170368','superadmin','password','superadmin password','system:log:search','/system/log',NULL,NULL,'null','1',0,'sys_login_log','2026-07-10 01:46:43','2026-07-10 01:46:43'),('000000:log-login:327278641291595776','000000','log-login','登录日志','327278641291595776','superadmin','password','superadmin password','system:log:search','/system/log',NULL,NULL,'null','1',0,'sys_login_log','2026-07-10 01:46:43','2026-07-10 01:46:43'),('000000:log-login:327283650267844608','000000','log-login','登录日志','327283650267844608','superadmin','password','superadmin password','system:log:search','/system/log',NULL,NULL,'null','1',0,'sys_login_log','2026-07-10 01:46:43','2026-07-10 01:46:43'),('000000:log-login:327287720592412672','000000','log-login','登录日志','327287720592412672','superadmin','password','superadmin password','system:log:search','/system/log',NULL,NULL,'null','1',0,'sys_login_log','2026-07-10 01:46:43','2026-07-10 01:46:43'),('000000:log-login:327292046773719040','000000','log-login','登录日志','327292046773719040','superadmin','password','superadmin password','system:log:search','/system/log',NULL,NULL,'null','1',0,'sys_login_log','2026-07-10 01:46:43','2026-07-10 01:46:43'),('000000:log-login:327323628364500992','000000','log-login','登录日志','327323628364500992','superadmin','password','superadmin password','system:log:search','/system/log',NULL,NULL,'null','1',0,'sys_login_log','2026-07-10 01:46:43','2026-07-10 01:46:43'),('000000:log-login:327327215136149504','000000','log-login','登录日志','327327215136149504','superadmin','password','superadmin password','system:log:search','/system/log',NULL,NULL,'null','1',0,'sys_login_log','2026-07-10 01:46:43','2026-07-10 01:46:43'),('000000:log-login:327327534633062400','000000','log-login','登录日志','327327534633062400','superadmin','password','superadmin password','system:log:search','/system/log',NULL,NULL,'null','1',0,'sys_login_log','2026-07-10 01:46:44','2026-07-10 01:46:44'),('000000:log-login:327331723404775424','000000','log-login','登录日志','327331723404775424','superadmin','password','superadmin password 127.0.0.1 Mozilla/5.0 (Windows NT 10.0; Win64; x64) AppleWebKit/537.36 (KHTML, like Gecko) Chrome/149.0.0.0 Safari/537.36','system:log:search','/system/log',NULL,NULL,'null','1',0,'sys_login_log','2026-07-10 01:46:44','2026-07-10 01:46:44'),('000000:log-login:327337331969363968','000000','log-login','登录日志','327337331969363968','superadmin','password','superadmin password Mozilla/5.0 (Windows NT 10.0; Win64; x64) AppleWebKit/537.36 (KHTML, like Gecko) Chrome/149.0.0.0 Safari/537.36','system:log:search','/system/log',NULL,NULL,'null','1',0,'sys_login_log','2026-07-10 01:46:44','2026-07-10 01:46:44'),('000000:log-login:327341267530944512','000000','log-login','登录日志','327341267530944512','superadmin','password','superadmin password Mozilla/5.0 (Windows NT 10.0; Win64; x64) AppleWebKit/537.36 (KHTML, like Gecko) Chrome/149.0.0.0 Safari/537.36','system:log:search','/system/log',NULL,NULL,'null','1',0,'sys_login_log','2026-07-10 01:46:44','2026-07-10 01:46:44'),('000000:log-login:327347048552730624','000000','log-login','登录日志','327347048552730624','superadmin','password','superadmin password Mozilla/5.0 (Windows NT 10.0; Win64; x64) AppleWebKit/537.36 (KHTML, like Gecko) Chrome/149.0.0.0 Safari/537.36','system:log:search','/system/log',NULL,NULL,'null','1',0,'sys_login_log','2026-07-10 01:46:44','2026-07-10 01:46:44'),('000000:log-login:327359753418313728','000000','log-login','登录日志','327359753418313728','superadmin','password','superadmin password Mozilla/5.0 (Windows NT 10.0; Win64; x64) AppleWebKit/537.36 (KHTML, like Gecko) Chrome/149.0.0.0 Safari/537.36','system:log:search','/system/log',NULL,NULL,'null','1',0,'sys_login_log','2026-07-10 01:46:44','2026-07-10 01:46:44'),('000000:log-login:327363866902269952','000000','log-login','登录日志','327363866902269952','superadmin','password','superadmin password Mozilla/5.0 (Windows NT 10.0; Win64; x64) AppleWebKit/537.36 (KHTML, like Gecko) Chrome/149.0.0.0 Safari/537.36','system:log:search','/system/log',NULL,NULL,'null','1',0,'sys_login_log','2026-07-10 01:46:44','2026-07-10 01:46:44'),('000000:log-login:327640591494156288','000000','log-login','登录日志','327640591494156288','superadmin','password','superadmin password Mozilla/5.0 (Windows NT 10.0; Win64; x64) AppleWebKit/537.36 (KHTML, like Gecko) Chrome/149.0.0.0 Safari/537.36','system:log:search','/system/log',NULL,NULL,'null','1',0,'sys_login_log','2026-07-10 01:46:44','2026-07-10 01:46:44'),('000000:log-login:327648788745424896','000000','log-login','登录日志','327648788745424896','superadmin','password','superadmin password Mozilla/5.0 (Windows NT 10.0; Win64; x64) AppleWebKit/537.36 (KHTML, like Gecko) Chrome/149.0.0.0 Safari/537.36','system:log:search','/system/log',NULL,NULL,'null','1',0,'sys_login_log','2026-07-10 01:46:44','2026-07-10 01:46:44'),('000000:log-login:327654387067523072','000000','log-login','登录日志','327654387067523072','superadmin','password','superadmin password 119.123.70.130 Mozilla/5.0 (Windows NT 10.0; Win64; x64) AppleWebKit/537.36 (KHTML, like Gecko) Chrome/149.0.0.0 Safari/537.36','system:log:search','/system/log',NULL,NULL,'null','1',0,'sys_login_log','2026-07-10 01:46:44','2026-07-10 01:46:44'),('000000:log-login:327686933729906688','000000','log-login','登录日志','327686933729906688','superadmin','password','superadmin password Mozilla/5.0 (Windows NT 10.0; Win64; x64) AppleWebKit/537.36 (KHTML, like Gecko) Chrome/149.0.0.0 Safari/537.36','system:log:search','/system/log',NULL,NULL,'null','1',0,'sys_login_log','2026-07-10 01:46:44','2026-07-10 01:46:44'),('000000:log-login:327691688439058432','000000','log-login','登录日志','327691688439058432','superadmin','password','superadmin password Mozilla/5.0 (Windows NT 10.0; Win64; x64) AppleWebKit/537.36 (KHTML, like Gecko) Chrome/149.0.0.0 Safari/537.36','system:log:search','/system/log',NULL,NULL,'null','1',0,'sys_login_log','2026-07-10 01:46:44','2026-07-10 01:46:44'),('000000:log-login:327692299138109440','000000','log-login','登录日志','327692299138109440','superadmin','password','superadmin password Mozilla/5.0 (Windows NT 10.0; Win64; x64) AppleWebKit/537.36 (KHTML, like Gecko) Chrome/149.0.0.0 Safari/537.36','system:log:search','/system/log',NULL,NULL,'null','1',0,'sys_login_log','2026-07-10 01:46:44','2026-07-10 01:46:44'),('000000:log-login:327696667157598208','000000','log-login','登录日志','327696667157598208','superadmin','password','superadmin password Mozilla/5.0 (Windows NT 10.0; Win64; x64) AppleWebKit/537.36 (KHTML, like Gecko) Chrome/149.0.0.0 Safari/537.36','system:log:search','/system/log',NULL,NULL,'null','1',0,'sys_login_log','2026-07-10 01:46:44','2026-07-10 01:46:44'),('000000:log-login:327709181463367680','000000','log-login','登录日志','327709181463367680','superadmin','password','superadmin password Mozilla/5.0 (Windows NT 10.0; Win64; x64) AppleWebKit/537.36 (KHTML, like Gecko) Chrome/149.0.0.0 Safari/537.36','system:log:search','/system/log',NULL,NULL,'null','1',0,'sys_login_log','2026-07-10 01:46:44','2026-07-10 01:46:44'),('000000:log-login:327712721502081024','000000','log-login','登录日志','327712721502081024','abc123','password','abc123 password Mozilla/5.0 (Windows NT 10.0; Win64; x64) AppleWebKit/537.36 (KHTML, like Gecko) Chrome/149.0.0.0 Safari/537.36 用户名或密码错误','system:log:search','/system/log',NULL,NULL,'null','0',0,'sys_login_log','2026-07-10 01:46:44','2026-07-10 01:46:44'),('000000:log-login:327712748404346880','000000','log-login','登录日志','327712748404346880','superadmin','password','superadmin password Mozilla/5.0 (Windows NT 10.0; Win64; x64) AppleWebKit/537.36 (KHTML, like Gecko) Chrome/149.0.0.0 Safari/537.36','system:log:search','/system/log',NULL,NULL,'null','1',0,'sys_login_log','2026-07-10 01:46:44','2026-07-10 01:46:44'),('000000:log-login:327712854943862784','000000','log-login','登录日志','327712854943862784','abc123','password','abc123 password Mozilla/5.0 (Windows NT 10.0; Win64; x64) AppleWebKit/537.36 (KHTML, like Gecko) Chrome/149.0.0.0 Safari/537.36 用户名或密码错误','system:log:search','/system/log',NULL,NULL,'null','0',0,'sys_login_log','2026-07-10 01:46:45','2026-07-10 01:46:45'),('000000:log-login:327712947210162176','000000','log-login','登录日志','327712947210162176','abc123','password','abc123 password Mozilla/5.0 (Windows NT 10.0; Win64; x64) AppleWebKit/537.36 (KHTML, like Gecko) Chrome/149.0.0.0 Safari/537.36','system:log:search','/system/log',NULL,NULL,'null','1',0,'sys_login_log','2026-07-10 01:46:45','2026-07-10 01:46:45'),('000000:log-login:327713019410911232','000000','log-login','登录日志','327713019410911232','superadmin','password','superadmin password Mozilla/5.0 (Windows NT 10.0; Win64; x64) AppleWebKit/537.36 (KHTML, like Gecko) Chrome/149.0.0.0 Safari/537.36','system:log:search','/system/log',NULL,NULL,'null','1',0,'sys_login_log','2026-07-10 01:46:45','2026-07-10 01:46:45'),('000000:log-login:327713475965095936','000000','log-login','登录日志','327713475965095936','admin123','password','admin123 password Mozilla/5.0 (Windows NT 10.0; Win64; x64) AppleWebKit/537.36 (KHTML, like Gecko) Chrome/149.0.0.0 Safari/537.36','system:log:search','/system/log',NULL,NULL,'null','1',0,'sys_login_log','2026-07-10 01:46:45','2026-07-10 01:46:45'),('000000:log-login:327713596689747968','000000','log-login','登录日志','327713596689747968','superadmin','password','superadmin password Mozilla/5.0 (Windows NT 10.0; Win64; x64) AppleWebKit/537.36 (KHTML, like Gecko) Chrome/149.0.0.0 Safari/537.36','system:log:search','/system/log',NULL,NULL,'null','1',0,'sys_login_log','2026-07-10 01:46:45','2026-07-10 01:46:45'),('000000:log-login:327714391824928768','000000','log-login','登录日志','327714391824928768','superadmin','password','superadmin password 119.123.70.130 Mozilla/5.0 (Windows NT 10.0; Win64; x64) AppleWebKit/537.36 (KHTML, like Gecko) Chrome/149.0.0.0 Safari/537.36','system:log:search','/system/log',NULL,NULL,'null','1',0,'sys_login_log','2026-07-10 01:46:45','2026-07-10 01:46:45'),('000000:log-login:327720021314899968','000000','log-login','登录日志','327720021314899968','admin','password','admin password Mozilla/5.0 (Windows NT 10.0; Win64; x64) AppleWebKit/537.36 (KHTML, like Gecko) Chrome/149.0.0.0 Safari/537.36 租户、用户名或密码错误','system:log:search','/system/log',NULL,NULL,'null','0',0,'sys_login_log','2026-07-10 01:46:45','2026-07-10 01:46:45'),('000000:log-login:327720053464240128','000000','log-login','登录日志','327720053464240128','admin','password','admin password Mozilla/5.0 (Windows NT 10.0; Win64; x64) AppleWebKit/537.36 (KHTML, like Gecko) Chrome/149.0.0.0 Safari/537.36 租户、用户名或密码错误','system:log:search','/system/log',NULL,NULL,'null','0',0,'sys_login_log','2026-07-10 01:46:45','2026-07-10 01:46:45'),('000000:log-login:327720079225655296','000000','log-login','登录日志','327720079225655296','admin','password','admin password Mozilla/5.0 (Windows NT 10.0; Win64; x64) AppleWebKit/537.36 (KHTML, like Gecko) Chrome/149.0.0.0 Safari/537.36 租户、用户名或密码错误','system:log:search','/system/log',NULL,NULL,'null','0',0,'sys_login_log','2026-07-10 01:46:45','2026-07-10 01:46:45'),('000000:log-login:327721576357302272','000000','log-login','登录日志','327721576357302272','superadmin','password','superadmin password Mozilla/5.0 (Windows NT 10.0; Win64; x64) AppleWebKit/537.36 (KHTML, like Gecko) Chrome/149.0.0.0 Safari/537.36','system:log:search','/system/log',NULL,NULL,'null','1',0,'sys_login_log','2026-07-10 01:46:45','2026-07-10 01:46:45'),('000000:log-login:327725880828891136','000000','log-login','登录日志','327725880828891136','superadmin','password','superadmin password Mozilla/5.0 (Windows NT 10.0; Win64; x64) AppleWebKit/537.36 (KHTML, like Gecko) Chrome/149.0.0.0 Safari/537.36','system:log:search','/system/log',NULL,NULL,'null','1',0,'sys_login_log','2026-07-10 01:46:45','2026-07-10 01:46:45'),('000000:log-login:328100742047076352','000000','log-login','登录日志','328100742047076352','superadmin','password','superadmin password 119.123.70.130 Mozilla/5.0 (Windows NT 10.0; Win64; x64) AppleWebKit/537.36 (KHTML, like Gecko) Chrome/149.0.0.0 Safari/537.36','system:log:search','/system/log',NULL,NULL,'null','1',0,'sys_login_log','2026-07-10 01:46:45','2026-07-10 01:46:45'),('000000:log-login:328100997006233600','000000','log-login','登录日志','328100997006233600','superadmin','password','superadmin password 119.123.70.130 Mozilla/5.0 (Windows NT 10.0; Win64; x64) AppleWebKit/537.36 (KHTML, like Gecko) Chrome/149.0.0.0 Safari/537.36','system:log:search','/system/log',NULL,NULL,'null','1',0,'sys_login_log','2026-07-10 01:46:45','2026-07-10 01:46:45'),('000000:log-login:328101259443834880','000000','log-login','登录日志','328101259443834880','superadmin','password','superadmin password 119.123.70.130 Mozilla/5.0 (Windows NT 10.0; Win64; x64) AppleWebKit/537.36 (KHTML, like Gecko) Chrome/149.0.0.0 Safari/537.36','system:log:search','/system/log',NULL,NULL,'null','1',0,'sys_login_log','2026-07-10 01:46:46','2026-07-10 01:46:46'),('000000:log-login:328103668555583488','000000','log-login','登录日志','328103668555583488','superadmin','password','superadmin password 119.123.70.130 Mozilla/5.0 (iPhone; CPU iPhone OS 18_5 like Mac OS X) AppleWebKit/605.1.15 (KHTML, like Gecko) Version/18.5 Mobile/15E148 Safari/604.1','system:log:search','/system/log',NULL,NULL,'null','1',0,'sys_login_log','2026-07-10 01:46:46','2026-07-10 01:46:46'),('000000:log-login:328103671369961472','000000','log-login','登录日志','328103671369961472','superadmin','password','superadmin password 119.123.70.130 Mozilla/5.0 (Windows NT 10.0; Win64; x64) AppleWebKit/537.36 (KHTML, like Gecko) Chrome/149.0.0.0 Safari/537.36','system:log:search','/system/log',NULL,NULL,'null','1',0,'sys_login_log','2026-07-10 01:46:46','2026-07-10 01:46:46'),('000000:log-login:328103672733110272','000000','log-login','登录日志','328103672733110272','superadmin','password','superadmin password 119.123.70.130 Mozilla/5.0 (Windows NT 10.0; Win64; x64) AppleWebKit/537.36 (KHTML, like Gecko) Cursor/3.7.27 Chrome/142.0.7444.265 Electron/39.8.1 Safari/537.36','system:log:search','/system/log',NULL,NULL,'null','1',0,'sys_login_log','2026-07-10 01:46:46','2026-07-10 01:46:46'),('000000:log-login:328104025587322880','000000','log-login','登录日志','328104025587322880','superadmin','password','superadmin password 119.123.70.130 Mozilla/5.0 (Windows NT 10.0; Win64; x64) AppleWebKit/537.36 (KHTML, like Gecko) Chrome/149.0.0.0 Safari/537.36','system:log:search','/system/log',NULL,NULL,'null','1',0,'sys_login_log','2026-07-10 01:46:46','2026-07-10 01:46:46'),('000000:log-login:328104229015261184','000000','log-login','登录日志','328104229015261184','superadmin','password','superadmin password 119.123.70.130 Mozilla/5.0 (Windows NT 10.0; Win64; x64) AppleWebKit/537.36 (KHTML, like Gecko) Chrome/149.0.0.0 Safari/537.36','system:log:search','/system/log',NULL,NULL,'null','1',0,'sys_login_log','2026-07-10 01:46:46','2026-07-10 01:46:46'),('000000:log-login:328104229149478912','000000','log-login','登录日志','328104229149478912','superadmin','password','superadmin password 119.123.70.130 Mozilla/5.0 (Windows NT 10.0; Win64; x64) AppleWebKit/537.36 (KHTML, like Gecko) Chrome/149.0.0.0 Safari/537.36','system:log:search','/system/log',NULL,NULL,'null','1',0,'sys_login_log','2026-07-10 01:46:46','2026-07-10 01:46:46'),('000000:log-login:328104229954785280','000000','log-login','登录日志','328104229954785280','superadmin','password','superadmin password 119.123.70.130 Mozilla/5.0 (Windows NT 10.0; Win64; x64) AppleWebKit/537.36 (KHTML, like Gecko) Cursor/3.7.27 Chrome/142.0.7444.265 Electron/39.8.1 Safari/537.36','system:log:search','/system/log',NULL,NULL,'null','1',0,'sys_login_log','2026-07-10 01:46:46','2026-07-10 01:46:46'),('000000:log-login:328104254692790272','000000','log-login','登录日志','328104254692790272','superadmin','password','superadmin password 119.123.70.130 Mozilla/5.0 (Windows NT 10.0; Win64; x64) AppleWebKit/537.36 (KHTML, like Gecko) Chrome/149.0.0.0 Safari/537.36','system:log:search','/system/log',NULL,NULL,'null','1',0,'sys_login_log','2026-07-10 01:46:46','2026-07-10 01:46:46'),('000000:log-login:328104255816863744','000000','log-login','登录日志','328104255816863744','superadmin','password','superadmin password 119.123.70.130 Mozilla/5.0 (Windows NT 10.0; Win64; x64) AppleWebKit/537.36 (KHTML, like Gecko) Cursor/3.7.27 Chrome/142.0.7444.265 Electron/39.8.1 Safari/537.36','system:log:search','/system/log',NULL,NULL,'null','1',0,'sys_login_log','2026-07-10 01:46:46','2026-07-10 01:46:46'),('000000:log-login:328104255980441600','000000','log-login','登录日志','328104255980441600','superadmin','password','superadmin password 119.123.70.130 Mozilla/5.0 (Windows NT 10.0; Win64; x64) AppleWebKit/537.36 (KHTML, like Gecko) Chrome/149.0.0.0 Safari/537.36','system:log:search','/system/log',NULL,NULL,'null','1',0,'sys_login_log','2026-07-10 01:46:46','2026-07-10 01:46:46'),('000000:log-login:328104390735040512','000000','log-login','登录日志','328104390735040512','superadmin','password','superadmin password 119.123.70.130 Mozilla/5.0 (Windows NT 10.0; Win64; x64) AppleWebKit/537.36 (KHTML, like Gecko) Chrome/149.0.0.0 Safari/537.36','system:log:search','/system/log',NULL,NULL,'null','1',0,'sys_login_log','2026-07-10 01:46:46','2026-07-10 01:46:46'),('000000:log-login:328104818730209280','000000','log-login','登录日志','328104818730209280','superadmin','password','superadmin password 119.123.70.130 Mozilla/5.0 (Windows NT 10.0; Win64; x64) AppleWebKit/537.36 (KHTML, like Gecko) Chrome/149.0.0.0 Safari/537.36','system:log:search','/system/log',NULL,NULL,'null','1',0,'sys_login_log','2026-07-10 01:46:46','2026-07-10 01:46:46'),('000000:log-login:328104829870280704','000000','log-login','登录日志','328104829870280704','superadmin','password','superadmin password 119.123.70.130 Mozilla/5.0 (Windows NT 10.0; Win64; x64) AppleWebKit/537.36 (KHTML, like Gecko) Chrome/149.0.0.0 Safari/537.36','system:log:search','/system/log',NULL,NULL,'null','1',0,'sys_login_log','2026-07-10 01:46:46','2026-07-10 01:46:46'),('000000:log-login:328104842805514240','000000','log-login','登录日志','328104842805514240','superadmin','password','superadmin password 119.123.70.130 Mozilla/5.0 (Windows NT 10.0; Win64; x64) AppleWebKit/537.36 (KHTML, like Gecko) Chrome/149.0.0.0 Safari/537.36','system:log:search','/system/log',NULL,NULL,'null','1',0,'sys_login_log','2026-07-10 01:46:46','2026-07-10 01:46:46'),('000000:log-login:328105609297793024','000000','log-login','登录日志','328105609297793024','superadmin','password','superadmin password 119.123.70.130 Mozilla/5.0 (Windows NT 10.0; Win64; x64) AppleWebKit/537.36 (KHTML, like Gecko) Chrome/149.0.0.0 Safari/537.36','system:log:search','/system/log',NULL,NULL,'null','1',0,'sys_login_log','2026-07-10 01:46:46','2026-07-10 01:46:46'),('000000:log-login:328105646958448640','000000','log-login','登录日志','328105646958448640','superadmin','password','superadmin password 119.123.70.130 Mozilla/5.0 (Windows NT 10.0; Win64; x64) AppleWebKit/537.36 (KHTML, like Gecko) Chrome/149.0.0.0 Safari/537.36','system:log:search','/system/log',NULL,NULL,'null','1',0,'sys_login_log','2026-07-10 01:46:46','2026-07-10 01:46:46'),('000000:log-login:328106606044778496','000000','log-login','登录日志','328106606044778496','superadmin','password','superadmin password 119.123.70.130 Mozilla/5.0 (Windows NT 10.0; Win64; x64) AppleWebKit/537.36 (KHTML, like Gecko) Chrome/149.0.0.0 Safari/537.36','system:log:search','/system/log',NULL,NULL,'null','1',0,'sys_login_log','2026-07-10 01:46:46','2026-07-10 01:46:46'),('000000:log-login:328106726933008384','000000','log-login','登录日志','328106726933008384','superadmin','password','superadmin password 119.123.70.130 Mozilla/5.0 (Windows NT 10.0; Win64; x64) AppleWebKit/537.36 (KHTML, like Gecko) Chrome/149.0.0.0 Safari/537.36','system:log:search','/system/log',NULL,NULL,'null','1',0,'sys_login_log','2026-07-10 01:46:46','2026-07-10 01:46:46'),('000000:log-login:328106847141761024','000000','log-login','登录日志','328106847141761024','superadmin','password','superadmin password 119.123.70.130 Mozilla/5.0 (Windows NT 10.0; Win64; x64) AppleWebKit/537.36 (KHTML, like Gecko) Chrome/149.0.0.0 Safari/537.36','system:log:search','/system/log',NULL,NULL,'null','1',0,'sys_login_log','2026-07-10 01:46:46','2026-07-10 01:46:46'),('000000:log-login:328106908185661440','000000','log-login','登录日志','328106908185661440','superadmin','password','superadmin password 119.123.70.130 Mozilla/5.0 (Windows NT 10.0; Win64; x64) AppleWebKit/537.36 (KHTML, like Gecko) Chrome/149.0.0.0 Safari/537.36','system:log:search','/system/log',NULL,NULL,'null','1',0,'sys_login_log','2026-07-10 01:46:46','2026-07-10 01:46:46'),('000000:log-login:328107320754180096','000000','log-login','登录日志','328107320754180096','superadmin','password','superadmin password 119.123.70.130 Mozilla/5.0 (Windows NT 10.0; Win64; x64) AppleWebKit/537.36 (KHTML, like Gecko) Chrome/148.0.0.0 Safari/537.36 Edg/148.0.0.0','system:log:search','/system/log',NULL,NULL,'null','1',0,'sys_login_log','2026-07-10 01:46:46','2026-07-10 01:46:46'),('000000:log-login:328107587365113856','000000','log-login','登录日志','328107587365113856','superadmin','password','superadmin password 119.123.70.130 Mozilla/5.0 (Linux; Android 6.0; Nexus 5 Build/MRA58N) AppleWebKit/537.36 (KHTML, like Gecko) Chrome/148.0.0.0 Mobile Safari/537.36 Edg/148.0.0.0','system:log:search','/system/log',NULL,NULL,'null','1',0,'sys_login_log','2026-07-10 01:46:47','2026-07-10 01:46:47'),('000000:log-login:328107880760872960','000000','log-login','登录日志','328107880760872960','superadmin','password','superadmin password 119.123.70.130 Mozilla/5.0 (Windows NT 10.0; Win64; x64) AppleWebKit/537.36 (KHTML, like Gecko) Chrome/149.0.0.0 Safari/537.36','system:log:search','/system/log',NULL,NULL,'null','1',0,'sys_login_log','2026-07-10 01:46:47','2026-07-10 01:46:47'),('000000:log-login:328108971254747136','000000','log-login','登录日志','328108971254747136','superadmin','password','superadmin password 119.123.70.130 Mozilla/5.0 (Windows NT 10.0; Win64; x64) AppleWebKit/537.36 (KHTML, like Gecko) Chrome/149.0.0.0 Safari/537.36','system:log:search','/system/log',NULL,NULL,'null','1',0,'sys_login_log','2026-07-10 01:46:47','2026-07-10 01:46:47'),('000000:log-login:328109550039339008','000000','log-login','登录日志','328109550039339008','superadmin','password','superadmin password 119.123.70.130 Mozilla/5.0 (Windows NT 10.0; Win64; x64) AppleWebKit/537.36 (KHTML, like Gecko) Chrome/149.0.0.0 Safari/537.36','system:log:search','/system/log',NULL,NULL,'null','1',0,'sys_login_log','2026-07-10 01:46:47','2026-07-10 01:46:47'),('000000:log-login:328109606272372736','000000','log-login','登录日志','328109606272372736','superadmin','password','superadmin password 119.123.70.130 Mozilla/5.0 (Windows NT 10.0; Win64; x64) AppleWebKit/537.36 (KHTML, like Gecko) Chrome/149.0.0.0 Safari/537.36','system:log:search','/system/log',NULL,NULL,'null','1',0,'sys_login_log','2026-07-10 01:46:47','2026-07-10 01:46:47'),('000000:log-login:328112306410098688','000000','log-login','登录日志','328112306410098688','superadmin','password','superadmin password Mozilla/5.0 (Windows NT 10.0; Win64; x64) AppleWebKit/537.36 (KHTML, like Gecko) Chrome/149.0.0.0 Safari/537.36','system:log:search','/system/log',NULL,NULL,'null','1',0,'sys_login_log','2026-07-10 01:46:47','2026-07-10 01:46:47'),('000000:log-login:328131631359594496','000000','log-login','登录日志','328131631359594496','superadmin','password','superadmin password 119.123.70.130 Mozilla/5.0 (Windows NT 10.0; Win64; x64) AppleWebKit/537.36 (KHTML, like Gecko) Chrome/148.0.0.0 Safari/537.36 Edg/148.0.0.0','system:log:search','/system/log',NULL,NULL,'null','1',0,'sys_login_log','2026-07-10 01:46:47','2026-07-10 01:46:47'),('000000:log-login:328344426416050176','000000','log-login','登录日志','328344426416050176','superadmin','password','superadmin password 119.123.70.130 Mozilla/5.0 (Windows NT 10.0; Win64; x64) AppleWebKit/537.36 (KHTML, like Gecko) Chrome/149.0.0.0 Safari/537.36','system:log:search','/system/log',NULL,NULL,'null','1',0,'sys_login_log','2026-07-10 01:46:47','2026-07-10 01:46:47'),('000000:log-login:328344590480445440','000000','log-login','登录日志','328344590480445440','superadmin','password','superadmin password Mozilla/5.0 (Windows NT 10.0; Win64; x64) AppleWebKit/537.36 (KHTML, like Gecko) Chrome/149.0.0.0 Safari/537.36','system:log:search','/system/log',NULL,NULL,'null','1',0,'sys_login_log','2026-07-10 01:46:47','2026-07-10 01:46:47'),('000000:log-login:328346643994906624','000000','log-login','登录日志','328346643994906624','superadmin','password','superadmin password 119.123.70.130 Mozilla/5.0 (Windows NT 10.0; Win64; x64) AppleWebKit/537.36 (KHTML, like Gecko) Chrome/149.0.0.0 Safari/537.36','system:log:search','/system/log',NULL,NULL,'null','1',0,'sys_login_log','2026-07-10 01:46:47','2026-07-10 01:46:47'),('000000:log-login:328346645219643392','000000','log-login','登录日志','328346645219643392','superadmin','password','superadmin password 119.123.70.130 Mozilla/5.0 (Windows NT 10.0; Win64; x64) AppleWebKit/537.36 (KHTML, like Gecko) Cursor/3.7.27 Chrome/142.0.7444.265 Electron/39.8.1 Safari/537.36','system:log:search','/system/log',NULL,NULL,'null','1',0,'sys_login_log','2026-07-10 01:46:47','2026-07-10 01:46:47'),('000000:log-login:328346688127373312','000000','log-login','登录日志','328346688127373312','superadmin','password','superadmin password 119.123.70.130 Mozilla/5.0 (Windows NT 10.0; Win64; x64) AppleWebKit/537.36 (KHTML, like Gecko) Chrome/149.0.0.0 Safari/537.36','system:log:search','/system/log',NULL,NULL,'null','1',0,'sys_login_log','2026-07-10 01:46:47','2026-07-10 01:46:47'),('000000:log-login:328347242517893120','000000','log-login','登录日志','328347242517893120','superadmin','password','superadmin password 119.123.70.130 Mozilla/5.0 (Windows NT 10.0; Win64; x64) AppleWebKit/537.36 (KHTML, like Gecko) Chrome/149.0.0.0 Safari/537.36','system:log:search','/system/log',NULL,NULL,'null','1',0,'sys_login_log','2026-07-10 01:46:47','2026-07-10 01:46:47'),('000000:log-login:328350070846132224','000000','log-login','登录日志','328350070846132224','superadmin','password','superadmin password 119.123.70.130 Mozilla/5.0 (Windows NT 10.0; Win64; x64) AppleWebKit/537.36 (KHTML, like Gecko) Chrome/149.0.0.0 Safari/537.36','system:log:search','/system/log',NULL,NULL,'null','1',0,'sys_login_log','2026-07-10 01:46:47','2026-07-10 01:46:47'),('000000:log-login:328352560245248000','000000','log-login','登录日志','328352560245248000','superadmin','password','superadmin password 119.123.70.130 Mozilla/5.0 (Windows NT 10.0; Win64; x64) AppleWebKit/537.36 (KHTML, like Gecko) Cursor/3.7.27 Chrome/142.0.7444.265 Electron/39.8.1 Safari/537.36','system:log:search','/system/log',NULL,NULL,'null','1',0,'sys_login_log','2026-07-10 01:46:47','2026-07-10 01:46:47'),('000000:log-login:328360745773436928','000000','log-login','登录日志','328360745773436928','superadmin','password','superadmin password 119.123.70.130 Mozilla/5.0 (Windows NT 10.0; Win64; x64) AppleWebKit/537.36 (KHTML, like Gecko) Chrome/149.0.0.0 Safari/537.36','system:log:search','/system/log',NULL,NULL,'null','1',0,'sys_login_log','2026-07-10 01:46:47','2026-07-10 01:46:47'),('000000:log-login:328360751460913152','000000','log-login','登录日志','328360751460913152','superadmin','password','superadmin password 119.123.70.130 Mozilla/5.0 (Windows NT 10.0; Win64; x64) AppleWebKit/537.36 (KHTML, like Gecko) Chrome/149.0.0.0 Safari/537.36','system:log:search','/system/log',NULL,NULL,'null','1',0,'sys_login_log','2026-07-10 01:46:47','2026-07-10 01:46:47'),('000000:log-login:328360756317917184','000000','log-login','登录日志','328360756317917184','superadmin','password','superadmin password 119.123.70.130 Mozilla/5.0 (Windows NT 10.0; Win64; x64) AppleWebKit/537.36 (KHTML, like Gecko) Cursor/3.7.27 Chrome/142.0.7444.265 Electron/39.8.1 Safari/537.36','system:log:search','/system/log',NULL,NULL,'null','1',0,'sys_login_log','2026-07-10 01:46:47','2026-07-10 01:46:47'),('000000:log-login:328361196631756800','000000','log-login','登录日志','328361196631756800','superadmin','password','superadmin password 119.123.70.130 Mozilla/5.0 (iPhone; CPU iPhone OS 18_5 like Mac OS X) AppleWebKit/605.1.15 (KHTML, like Gecko) Version/18.5 Mobile/15E148 Safari/604.1','system:log:search','/system/log',NULL,NULL,'null','1',0,'sys_login_log','2026-07-10 01:46:47','2026-07-10 01:46:47'),('000000:log-login:328362520656089088','000000','log-login','登录日志','328362520656089088','superadmin','password','superadmin password 119.123.70.130 Mozilla/5.0 (iPhone; CPU iPhone OS 18_5 like Mac OS X) AppleWebKit/605.1.15 (KHTML, like Gecko) Version/18.5 Mobile/15E148 Safari/604.1','system:log:search','/system/log',NULL,NULL,'null','1',0,'sys_login_log','2026-07-10 01:46:47','2026-07-10 01:46:47'),('000000:log-login:328364599655141376','000000','log-login','登录日志','328364599655141376','superadmin','password','superadmin password 119.123.70.130 Mozilla/5.0 (Windows NT 10.0; Win64; x64) AppleWebKit/537.36 (KHTML, like Gecko) Chrome/149.0.0.0 Safari/537.36','system:log:search','/system/log',NULL,NULL,'null','1',0,'sys_login_log','2026-07-10 01:46:47','2026-07-10 01:46:47'),('000000:log-login:328364808829276160','000000','log-login','登录日志','328364808829276160','superadmin','password','superadmin password 119.123.70.130 Mozilla/5.0 (Windows NT 10.0; Win64; x64) AppleWebKit/537.36 (KHTML, like Gecko) Chrome/149.0.0.0 Safari/537.36','system:log:search','/system/log',NULL,NULL,'null','1',0,'sys_login_log','2026-07-10 01:46:48','2026-07-10 01:46:48'),('000000:log-login:328364875141222400','000000','log-login','登录日志','328364875141222400','superadmin','password','superadmin password 119.123.70.130 Mozilla/5.0 (Windows NT 10.0; Win64; x64) AppleWebKit/537.36 (KHTML, like Gecko) Chrome/149.0.0.0 Safari/537.36','system:log:search','/system/log',NULL,NULL,'null','1',0,'sys_login_log','2026-07-10 01:46:48','2026-07-10 01:46:48'),('000000:log-login:328364881713696768','000000','log-login','登录日志','328364881713696768','superadmin','password','superadmin password 119.123.70.130 Mozilla/5.0 (Windows NT 10.0; Win64; x64) AppleWebKit/537.36 (KHTML, like Gecko) Chrome/149.0.0.0 Safari/537.36','system:log:search','/system/log',NULL,NULL,'null','1',0,'sys_login_log','2026-07-10 01:46:48','2026-07-10 01:46:48'),('000000:log-login:328366767321780224','000000','log-login','登录日志','328366767321780224','superadmin','password','superadmin password 119.123.70.130 Mozilla/5.0 (Windows NT 10.0; Win64; x64) AppleWebKit/537.36 (KHTML, like Gecko) Chrome/149.0.0.0 Safari/537.36','system:log:search','/system/log',NULL,NULL,'null','1',0,'sys_login_log','2026-07-10 01:46:48','2026-07-10 01:46:48'),('000000:log-login:328367781932306432','000000','log-login','登录日志','328367781932306432','test123','password','test123 password Mozilla/5.0 (Windows NT 10.0; Win64; x64) AppleWebKit/537.36 (KHTML, like Gecko) Chrome/149.0.0.0 Safari/537.36','system:log:search','/system/log',NULL,NULL,'null','1',0,'sys_login_log','2026-07-10 01:46:48','2026-07-10 01:46:48'),('000000:log-login:328367798688550912','000000','log-login','登录日志','328367798688550912','test123','password','test123 password Mozilla/5.0 (Windows NT 10.0; Win64; x64) AppleWebKit/537.36 (KHTML, like Gecko) Chrome/149.0.0.0 Safari/537.36','system:log:search','/system/log',NULL,NULL,'null','1',0,'sys_login_log','2026-07-10 01:46:48','2026-07-10 01:46:48'),('000000:log-login:328367877801512960','000000','log-login','登录日志','328367877801512960','superadmin','password','superadmin password 119.123.70.130 Mozilla/5.0 (Windows NT 10.0; Win64; x64) AppleWebKit/537.36 (KHTML, like Gecko) Chrome/149.0.0.0 Safari/537.36','system:log:search','/system/log',NULL,NULL,'null','1',0,'sys_login_log','2026-07-10 01:46:48','2026-07-10 01:46:48'),('000000:log-login:328371095067561984','000000','log-login','登录日志','328371095067561984','superadmin','password','superadmin password 119.123.70.130 Mozilla/5.0 (Windows NT 10.0; Win64; x64) AppleWebKit/537.36 (KHTML, like Gecko) Chrome/149.0.0.0 Safari/537.36','system:log:search','/system/log',NULL,NULL,'null','1',0,'sys_login_log','2026-07-10 01:46:48','2026-07-10 01:46:48'),('000000:log-login:328371525193437184','000000','log-login','登录日志','328371525193437184','superadmin','password','superadmin password Mozilla/5.0 (Macintosh; Intel Mac OS X 10_15_7) AppleWebKit/537.36 (KHTML, like Gecko) Chrome/149.0.0.0 Safari/537.36','system:log:search','/system/log',NULL,NULL,'null','1',0,'sys_login_log','2026-07-10 01:46:48','2026-07-10 01:46:48'),('000000:log-login:328374728001720320','000000','log-login','登录日志','328374728001720320','superadmin','password','superadmin password Mozilla/5.0 (Windows NT 10.0; Win64; x64) AppleWebKit/537.36 (KHTML, like Gecko) Chrome/149.0.0.0 Safari/537.36','system:log:search','/system/log',NULL,NULL,'null','1',0,'sys_login_log','2026-07-10 01:46:48','2026-07-10 01:46:48'),('000000:log-login:328375632524349440','000000','log-login','登录日志','328375632524349440','superadmin','password','superadmin password 119.123.70.130 Mozilla/5.0 (Windows NT 10.0; Win64; x64) AppleWebKit/537.36 (KHTML, like Gecko) Chrome/149.0.0.0 Safari/537.36','system:log:search','/system/log',NULL,NULL,'null','1',0,'sys_login_log','2026-07-10 01:46:48','2026-07-10 01:46:48'),('000000:log-login:328379050076803072','000000','log-login','登录日志','328379050076803072','superadmin','password','superadmin password 119.123.70.130 Mozilla/5.0 (Windows NT 10.0; Win64; x64) AppleWebKit/537.36 (KHTML, like Gecko) Chrome/149.0.0.0 Safari/537.36','system:log:search','/system/log',NULL,NULL,'null','1',0,'sys_login_log','2026-07-10 01:46:48','2026-07-10 01:46:48'),('000000:log-login:328379051544809472','000000','log-login','登录日志','328379051544809472','superadmin','password','superadmin password 119.123.70.130 Mozilla/5.0 (Windows NT 10.0; Win64; x64) AppleWebKit/537.36 (KHTML, like Gecko) Cursor/3.7.27 Chrome/142.0.7444.265 Electron/39.8.1 Safari/537.36','system:log:search','/system/log',NULL,NULL,'null','1',0,'sys_login_log','2026-07-10 01:46:48','2026-07-10 01:46:48'),('000000:log-login:328379135070179328','000000','log-login','登录日志','328379135070179328','superadmin','password','superadmin password 119.123.70.130 Mozilla/5.0 (Windows NT 10.0; Win64; x64) AppleWebKit/537.36 (KHTML, like Gecko) Chrome/149.0.0.0 Safari/537.36','system:log:search','/system/log',NULL,NULL,'null','1',0,'sys_login_log','2026-07-10 01:46:48','2026-07-10 01:46:48'),('000000:log-login:328379522548371456','000000','log-login','登录日志','328379522548371456','superadmin','password','superadmin password 119.123.70.130 Mozilla/5.0 (Windows NT 10.0; Win64; x64) AppleWebKit/537.36 (KHTML, like Gecko) Chrome/149.0.0.0 Safari/537.36','system:log:search','/system/log',NULL,NULL,'null','1',0,'sys_login_log','2026-07-10 01:46:48','2026-07-10 01:46:48'),('000000:log-login:328379655730106368','000000','log-login','登录日志','328379655730106368','superadmin','password','superadmin password 119.123.70.130 Mozilla/5.0 (Windows NT 10.0; Win64; x64) AppleWebKit/537.36 (KHTML, like Gecko) Chrome/149.0.0.0 Safari/537.36','system:log:search','/system/log',NULL,NULL,'null','1',0,'sys_login_log','2026-07-10 01:46:48','2026-07-10 01:46:48'),('000000:log-login:328433678428540928','000000','log-login','登录日志','328433678428540928','superadmin','password','superadmin password Mozilla/5.0 (Windows NT 10.0; Win64; x64) AppleWebKit/537.36 (KHTML, like Gecko) Chrome/149.0.0.0 Safari/537.36','system:log:search','/system/log',NULL,NULL,'null','1',0,'sys_login_log','2026-07-10 01:46:48','2026-07-10 01:46:48'),('000000:log-login:328433752885825536','000000','log-login','登录日志','328433752885825536','superadmin','password','superadmin password 119.123.70.130 Mozilla/5.0 (Windows NT 10.0; Win64; x64) AppleWebKit/537.36 (KHTML, like Gecko) Chrome/149.0.0.0 Safari/537.36 Edg/149.0.0.0','system:log:search','/system/log',NULL,NULL,'null','1',0,'sys_login_log','2026-07-10 01:46:49','2026-07-10 01:46:49'),('000000:log-login:328434020272705536','000000','log-login','登录日志','328434020272705536','superadmin','password','superadmin password 119.123.70.130 Mozilla/5.0 (Windows NT 10.0; Win64; x64) AppleWebKit/537.36 (KHTML, like Gecko) Chrome/149.0.0.0 Safari/537.36 Edg/149.0.0.0','system:log:search','/system/log',NULL,NULL,'null','1',0,'sys_login_log','2026-07-10 01:46:49','2026-07-10 01:46:49'),('000000:log-login:328434466366296064','000000','log-login','登录日志','328434466366296064','test123','password','test123 password Mozilla/5.0 (Windows NT 10.0; Win64; x64) AppleWebKit/537.36 (KHTML, like Gecko) Chrome/149.0.0.0 Safari/537.36','system:log:search','/system/log',NULL,NULL,'null','1',0,'sys_login_log','2026-07-10 01:46:49','2026-07-10 01:46:49'),('000000:log-login:328434821170860032','000000','log-login','登录日志','328434821170860032','superadmin','password','superadmin password 119.123.70.130 Mozilla/5.0 (Windows NT 10.0; Win64; x64) AppleWebKit/537.36 (KHTML, like Gecko) Chrome/149.0.0.0 Safari/537.36','system:log:search','/system/log',NULL,NULL,'null','1',0,'sys_login_log','2026-07-10 01:46:49','2026-07-10 01:46:49'),('000000:log-login:333439916988043264','000000','log-login','登录日志','333439916988043264','superadmin','password','superadmin password Mozilla/5.0 (Windows NT 10.0; Win64; x64) AppleWebKit/537.36 (KHTML, like Gecko) Chrome/149.0.0.0 Safari/537.36','system:log:search','/system/log',NULL,NULL,'null','1',0,'sys_login_log','2026-07-10 01:46:49','2026-07-10 01:46:49'),('000000:log-login:333449343350738944','000000','log-login','登录日志','333449343350738944','superadmin','password','superadmin password Mozilla/5.0 (Windows NT 10.0; Win64; x64) AppleWebKit/537.36 (KHTML, like Gecko) Chrome/149.0.0.0 Safari/537.36','system:log:search','/system/log',NULL,NULL,'null','1',0,'sys_login_log','2026-07-10 01:46:49','2026-07-10 01:46:49'),('000000:log-operation:','000000','log-operation','操作日志','','用户登录','LOGIN','用户登录 auth POST /api/auth/login 127.0.0.1','system:log:search','/system/log',NULL,NULL,'null','1',0,'sys_operation_log','2026-07-10 01:46:49','2026-07-10 01:46:49'),('000000:menu:000100','000000','menu','菜单管理','000100','系统管理','','系统管理 /system','system:menu:search','/system/menu',NULL,NULL,'null','0',0,'sys_menu','2026-07-10 01:46:49','2026-07-10 01:46:49'),('000000:menu:000110','000000','menu','菜单管理','000110','租户管理','','租户管理 /tenant','system:menu:search','/system/menu',NULL,NULL,'null','0',0,'sys_menu','2026-07-10 01:46:49','2026-07-10 01:46:49'),('000000:menu:000111','000000','menu','菜单管理','000111','租户列表','system:tenant:list','租户列表 /tenant/list system/tenant-package/tenant system:tenant:list','system:menu:search','/system/menu',NULL,NULL,'null','0',0,'sys_menu','2026-07-10 01:46:49','2026-07-10 01:46:49'),('000000:menu:000112','000000','menu','菜单管理','000112','租户套餐','system:package:list','租户套餐 /tenant/package system/tenant-package/package system:package:list','system:menu:search','/system/menu',NULL,NULL,'null','0',0,'sys_menu','2026-07-10 01:46:49','2026-07-10 01:46:49'),('000000:menu:000113','000000','menu','菜单管理','000113','查询','system:tenant:list','查询 system:tenant:list','system:menu:search','/system/menu',NULL,NULL,'null','0',0,'sys_menu','2026-07-10 01:46:49','2026-07-10 01:46:49'),('000000:menu:000114','000000','menu','菜单管理','000114','新增','system:tenant:add','新增 system:tenant:add','system:menu:search','/system/menu',NULL,NULL,'null','0',0,'sys_menu','2026-07-10 01:46:49','2026-07-10 01:46:49'),('000000:menu:000115','000000','menu','菜单管理','000115','修改','system:tenant:edit','修改 system:tenant:edit','system:menu:search','/system/menu',NULL,NULL,'null','0',0,'sys_menu','2026-07-10 01:46:49','2026-07-10 01:46:49'),('000000:menu:000116','000000','menu','菜单管理','000116','删除','system:tenant:remove','删除 system:tenant:remove','system:menu:search','/system/menu',NULL,NULL,'null','0',0,'sys_menu','2026-07-10 01:46:49','2026-07-10 01:46:49'),('000000:menu:000117','000000','menu','菜单管理','000117','查询','system:package:list','查询 system:package:list','system:menu:search','/system/menu',NULL,NULL,'null','0',0,'sys_menu','2026-07-10 01:46:49','2026-07-10 01:46:49'),('000000:menu:000118','000000','menu','菜单管理','000118','新增','system:package:add','新增 system:package:add','system:menu:search','/system/menu',NULL,NULL,'null','0',0,'sys_menu','2026-07-10 01:46:49','2026-07-10 01:46:49'),('000000:menu:000119','000000','menu','菜单管理','000119','修改','system:package:edit','修改 system:package:edit','system:menu:search','/system/menu',NULL,NULL,'null','0',0,'sys_menu','2026-07-10 01:46:49','2026-07-10 01:46:49'),('000000:menu:00011A','000000','menu','菜单管理','00011A','删除','system:package:remove','删除 system:package:remove','system:menu:search','/system/menu',NULL,NULL,'null','0',0,'sys_menu','2026-07-10 01:46:50','2026-07-10 01:46:50'),('000000:menu:000120','000000','menu','菜单管理','000120','部门管理','system:dept:list','部门管理 /system/dept system/dept system:dept:list','system:menu:search','/system/menu',NULL,NULL,'null','0',0,'sys_menu','2026-07-10 01:46:50','2026-07-10 01:46:50'),('000000:menu:000121','000000','menu','菜单管理','000121','查询','system:dept:list','查询 system:dept:list','system:menu:search','/system/menu',NULL,NULL,'null','0',0,'sys_menu','2026-07-10 01:46:50','2026-07-10 01:46:50'),('000000:menu:000122','000000','menu','菜单管理','000122','新增','system:dept:add','新增 system:dept:add','system:menu:search','/system/menu',NULL,NULL,'null','0',0,'sys_menu','2026-07-10 01:46:50','2026-07-10 01:46:50'),('000000:menu:000123','000000','menu','菜单管理','000123','修改','system:dept:edit','修改 system:dept:edit','system:menu:search','/system/menu',NULL,NULL,'null','0',0,'sys_menu','2026-07-10 01:46:50','2026-07-10 01:46:50'),('000000:menu:000124','000000','menu','菜单管理','000124','删除','system:dept:remove','删除 system:dept:remove','system:menu:search','/system/menu',NULL,NULL,'null','0',0,'sys_menu','2026-07-10 01:46:50','2026-07-10 01:46:50'),('000000:menu:000130','000000','menu','菜单管理','000130','用户管理','system:user:list','用户管理 /system/user system/user system:user:list','system:menu:search','/system/menu',NULL,NULL,'null','0',0,'sys_menu','2026-07-10 01:46:50','2026-07-10 01:46:50'),('000000:menu:000131','000000','menu','菜单管理','000131','查询','system:user:list','查询 system:user:list','system:menu:search','/system/menu',NULL,NULL,'null','0',0,'sys_menu','2026-07-10 01:46:50','2026-07-10 01:46:50'),('000000:menu:000132','000000','menu','菜单管理','000132','新增','system:user:add','新增 system:user:add','system:menu:search','/system/menu',NULL,NULL,'null','0',0,'sys_menu','2026-07-10 01:46:50','2026-07-10 01:46:50'),('000000:menu:000133','000000','menu','菜单管理','000133','修改','system:user:edit','修改 system:user:edit','system:menu:search','/system/menu',NULL,NULL,'null','0',0,'sys_menu','2026-07-10 01:46:50','2026-07-10 01:46:50'),('000000:menu:000134','000000','menu','菜单管理','000134','删除','system:user:remove','删除 system:user:remove','system:menu:search','/system/menu',NULL,NULL,'null','0',0,'sys_menu','2026-07-10 01:46:50','2026-07-10 01:46:50'),('000000:menu:000135','000000','menu','菜单管理','000135','重置密码','system:user:resetPwd','重置密码 system:user:resetPwd','system:menu:search','/system/menu',NULL,NULL,'null','0',0,'sys_menu','2026-07-10 01:46:50','2026-07-10 01:46:50'),('000000:menu:000140','000000','menu','菜单管理','000140','角色管理','system:role:list','角色管理 /system/role system/role system:role:list','system:menu:search','/system/menu',NULL,NULL,'null','0',0,'sys_menu','2026-07-10 01:46:50','2026-07-10 01:46:50'),('000000:menu:000141','000000','menu','菜单管理','000141','查询','system:role:list','查询 system:role:list','system:menu:search','/system/menu',NULL,NULL,'null','0',0,'sys_menu','2026-07-10 01:46:50','2026-07-10 01:46:50'),('000000:menu:000142','000000','menu','菜单管理','000142','新增','system:role:add','新增 system:role:add','system:menu:search','/system/menu',NULL,NULL,'null','0',0,'sys_menu','2026-07-10 01:46:50','2026-07-10 01:46:50'),('000000:menu:000143','000000','menu','菜单管理','000143','修改','system:role:edit','修改 system:role:edit','system:menu:search','/system/menu',NULL,NULL,'null','0',0,'sys_menu','2026-07-10 01:46:50','2026-07-10 01:46:50'),('000000:menu:000144','000000','menu','菜单管理','000144','删除','system:role:remove','删除 system:role:remove','system:menu:search','/system/menu',NULL,NULL,'null','0',0,'sys_menu','2026-07-10 01:46:50','2026-07-10 01:46:50'),('000000:menu:000145','000000','menu','菜单管理','000145','分配菜单','system:role:assignMenu','分配菜单 system:role:assignMenu','system:menu:search','/system/menu',NULL,NULL,'null','0',0,'sys_menu','2026-07-10 01:46:50','2026-07-10 01:46:50'),('000000:menu:000150','000000','menu','菜单管理','000150','菜单管理','system:menu:list','菜单管理 /system/menu system/menu system:menu:list','system:menu:search','/system/menu',NULL,NULL,'null','0',0,'sys_menu','2026-07-10 01:46:50','2026-07-10 01:46:50'),('000000:menu:000151','000000','menu','菜单管理','000151','查询','system:menu:list','查询 system:menu:list','system:menu:search','/system/menu',NULL,NULL,'null','0',0,'sys_menu','2026-07-10 01:46:50','2026-07-10 01:46:50'),('000000:menu:000152','000000','menu','菜单管理','000152','新增','system:menu:add','新增 system:menu:add','system:menu:search','/system/menu',NULL,NULL,'null','0',0,'sys_menu','2026-07-10 01:46:50','2026-07-10 01:46:50'),('000000:menu:000153','000000','menu','菜单管理','000153','修改','system:menu:edit','修改 system:menu:edit','system:menu:search','/system/menu',NULL,NULL,'null','0',0,'sys_menu','2026-07-10 01:46:50','2026-07-10 01:46:50'),('000000:menu:000154','000000','menu','菜单管理','000154','删除','system:menu:remove','删除 system:menu:remove','system:menu:search','/system/menu',NULL,NULL,'null','0',0,'sys_menu','2026-07-10 01:46:51','2026-07-10 01:46:51'),('000000:menu:000160','000000','menu','菜单管理','000160','系统参数','system:config:list','系统参数 /system/config system/config system:config:list','system:menu:search','/system/menu',NULL,NULL,'null','0',0,'sys_menu','2026-07-10 01:46:51','2026-07-10 01:46:51'),('000000:menu:000161','000000','menu','菜单管理','000161','查询','system:config:list','查询 system:config:list','system:menu:search','/system/menu',NULL,NULL,'null','0',0,'sys_menu','2026-07-10 01:46:51','2026-07-10 01:46:51'),('000000:menu:000162','000000','menu','菜单管理','000162','新增','system:config:add','新增 system:config:add','system:menu:search','/system/menu',NULL,NULL,'null','0',0,'sys_menu','2026-07-10 01:46:51','2026-07-10 01:46:51'),('000000:menu:000163','000000','menu','菜单管理','000163','修改','system:config:edit','修改 system:config:edit','system:menu:search','/system/menu',NULL,NULL,'null','0',0,'sys_menu','2026-07-10 01:46:51','2026-07-10 01:46:51'),('000000:menu:000170','000000','menu','菜单管理','000170','字典管理','system:dict:list','字典管理 /system/dict system/dict system:dict:list','system:menu:search','/system/menu',NULL,NULL,'null','0',0,'sys_menu','2026-07-10 01:46:51','2026-07-10 01:46:51'),('000000:menu:000171','000000','menu','菜单管理','000171','查询','system:dict:list','查询 system:dict:list','system:menu:search','/system/menu',NULL,NULL,'null','0',0,'sys_menu','2026-07-10 01:46:51','2026-07-10 01:46:51'),('000000:menu:000172','000000','menu','菜单管理','000172','新增','system:dict:add','新增 system:dict:add','system:menu:search','/system/menu',NULL,NULL,'null','0',0,'sys_menu','2026-07-10 01:46:51','2026-07-10 01:46:51'),('000000:menu:000173','000000','menu','菜单管理','000173','修改','system:dict:edit','修改 system:dict:edit','system:menu:search','/system/menu',NULL,NULL,'null','0',0,'sys_menu','2026-07-10 01:46:51','2026-07-10 01:46:51'),('000000:menu:000174','000000','menu','菜单管理','000174','删除','system:dict:remove','删除 system:dict:remove','system:menu:search','/system/menu',NULL,NULL,'null','0',0,'sys_menu','2026-07-10 01:46:51','2026-07-10 01:46:51'),('000000:menu:000180','000000','menu','菜单管理','000180','主题配置','system:theme:list','主题配置 /system/theme system/theme system:theme:list','system:menu:search','/system/menu',NULL,NULL,'null','0',0,'sys_menu','2026-07-10 01:46:51','2026-07-10 01:46:51'),('000000:menu:000181','000000','menu','菜单管理','000181','查询','system:theme:list','查询 system:theme:list','system:menu:search','/system/menu',NULL,NULL,'null','0',0,'sys_menu','2026-07-10 01:46:51','2026-07-10 01:46:51'),('000000:menu:000182','000000','menu','菜单管理','000182','修改','system:theme:edit','修改 system:theme:edit','system:menu:search','/system/menu',NULL,NULL,'null','0',0,'sys_menu','2026-07-10 01:46:51','2026-07-10 01:46:51'),('000000:menu:000190','000000','menu','菜单管理','000190','日志中心','','日志中心 /system/log','system:menu:search','/system/menu',NULL,NULL,'null','0',0,'sys_menu','2026-07-10 01:46:51','2026-07-10 01:46:51'),('000000:menu:000191','000000','menu','菜单管理','000191','登录日志','system:log:login:list','登录日志 /system/log/login system/log/login system:log:login:list','system:menu:search','/system/menu',NULL,NULL,'null','0',0,'sys_menu','2026-07-10 01:46:51','2026-07-10 01:46:51'),('000000:menu:000192','000000','menu','菜单管理','000192','操作审计','system:log:audit:list','操作审计 /system/log/audit system/log/audit system:log:audit:list','system:menu:search','/system/menu',NULL,NULL,'null','0',0,'sys_menu','2026-07-10 01:46:51','2026-07-10 01:46:51'),('000000:menu:000193','000000','menu','菜单管理','000193','查询','system:log:login:list','查询 system:log:login:list','system:menu:search','/system/menu',NULL,NULL,'null','0',0,'sys_menu','2026-07-10 01:46:51','2026-07-10 01:46:51'),('000000:menu:000194','000000','menu','菜单管理','000194','导出','system:log:login:export','导出 system:log:login:export','system:menu:search','/system/menu',NULL,NULL,'null','0',0,'sys_menu','2026-07-10 01:46:51','2026-07-10 01:46:51'),('000000:menu:000195','000000','menu','菜单管理','000195','查询','system:log:audit:list','查询 system:log:audit:list','system:menu:search','/system/menu',NULL,NULL,'null','0',0,'sys_menu','2026-07-10 01:46:51','2026-07-10 01:46:51'),('000000:menu:000196','000000','menu','菜单管理','000196','导出','system:log:audit:export','导出 system:log:audit:export','system:menu:search','/system/menu',NULL,NULL,'null','0',0,'sys_menu','2026-07-10 01:46:51','2026-07-10 01:46:51'),('000000:menu:000197','000000','menu','菜单管理','000197','查看详情','system:log:audit:detail','查看详情 system:log:audit:detail','system:menu:search','/system/menu',NULL,NULL,'null','0',0,'sys_menu','2026-07-10 01:46:51','2026-07-10 01:46:51'),('000000:menu:000198','000000','menu','菜单管理','000198','清理','system:log:audit:clean','清理 system:log:audit:clean','system:menu:search','/system/menu',NULL,NULL,'null','0',0,'sys_menu','2026-07-10 01:46:52','2026-07-10 01:46:52'),('000000:menu:325518182582456320','000000','menu','菜单管理','325518182582456320','全局搜索','system:user:search','全局搜索 system:user:search','system:menu:search','/system/menu',NULL,NULL,'null','0',0,'sys_menu','2026-07-10 01:46:52','2026-07-10 01:46:52'),('000000:menu:325518338505707520','000000','menu','菜单管理','325518338505707520','全局搜索','system:role:search','全局搜索 system:role:search','system:menu:search','/system/menu',NULL,NULL,'null','0',0,'sys_menu','2026-07-10 01:46:52','2026-07-10 01:46:52'),('000000:menu:325518440133693440','000000','menu','菜单管理','325518440133693440','全局搜索','system:menu:search','全局搜索 system:menu:search','system:menu:search','/system/menu',NULL,NULL,'null','0',0,'sys_menu','2026-07-10 01:46:52','2026-07-10 01:46:52'),('000000:menu:325883052729438208','000000','menu','菜单管理','325883052729438208','页面配置','system:pageconfig:list','页面配置 /system/page-config system/page-config system:pageconfig:list','system:menu:search','/system/menu',NULL,NULL,'null','0',0,'sys_menu','2026-07-10 01:46:52','2026-07-10 01:46:52'),('000000:menu:327266832077688832','000000','menu','菜单管理','327266832077688832','全局搜索','system:dept:search','全局搜索 system:dept:search','system:menu:search','/system/menu',NULL,NULL,'null','0',0,'sys_menu','2026-07-10 01:46:52','2026-07-10 01:46:52'),('000000:menu:327267036847804416','000000','menu','菜单管理','327267036847804416','全局搜索','system:config:search','全局搜索 system:config:search','system:menu:search','/system/menu',NULL,NULL,'null','0',0,'sys_menu','2026-07-10 01:46:52','2026-07-10 01:46:52'),('000000:menu:327267207878938624','000000','menu','菜单管理','327267207878938624','全局搜索','system:dict:search','全局搜索 system:dict:search','system:menu:search','/system/menu',NULL,NULL,'null','0',0,'sys_menu','2026-07-10 01:46:52','2026-07-10 01:46:52'),('000000:menu:327267345460498432','000000','menu','菜单管理','327267345460498432','全局搜索','system:log:search','全局搜索 system:log:search','system:menu:search','/system/menu',NULL,NULL,'null','0',0,'sys_menu','2026-07-10 01:46:52','2026-07-10 01:46:52'),('000000:menu:327267400540098560','000000','menu','菜单管理','327267400540098560','全局搜索','system:log:search','全局搜索 system:log:search','system:menu:search','/system/menu',NULL,NULL,'null','0',0,'sys_menu','2026-07-10 01:46:52','2026-07-10 01:46:52'),('000000:menu:327716763913555968','000000','menu','菜单管理','327716763913555968','字典专用','system:dict:list','字典专用 system:dict:list','system:menu:search','/system/menu',NULL,NULL,'null','0',0,'sys_menu','2026-07-10 01:46:52','2026-07-10 01:46:52'),('000000:menu:file_center_0001','000000','menu','菜单管理','file_center_0001','文件中心','','文件中心 /file-config','system:menu:search','/system/menu',NULL,NULL,'null','0',0,'sys_menu','2026-07-10 01:46:52','2026-07-10 01:46:52'),('000000:menu:file_manage_0001','000000','menu','菜单管理','file_manage_0001','文件管理','system:file:list','文件管理 /file-config/files system/file-config/files system:file:list','system:menu:search','/system/menu',NULL,NULL,'null','0',0,'sys_menu','2026-07-10 01:46:52','2026-07-10 01:46:52'),('000000:menu:file_manage_download_0001','000000','menu','菜单管理','file_manage_download_0001','下载','system:file:download','下载 system:file:download','system:menu:search','/system/menu',NULL,NULL,'null','0',0,'sys_menu','2026-07-10 01:46:52','2026-07-10 01:46:52'),('000000:menu:file_manage_remove_0001','000000','menu','菜单管理','file_manage_remove_0001','删除','system:file:remove','删除 system:file:remove','system:menu:search','/system/menu',NULL,NULL,'null','0',0,'sys_menu','2026-07-10 01:46:52','2026-07-10 01:46:52'),('000000:menu:file_manage_upload_0001','000000','menu','菜单管理','file_manage_upload_0001','上传','system:file:upload','上传 system:file:upload','system:menu:search','/system/menu',NULL,NULL,'null','0',0,'sys_menu','2026-07-10 01:46:52','2026-07-10 01:46:52'),('000000:menu:storage_config_0001','000000','menu','菜单管理','storage_config_0001','存储配置','system:storage:list','存储配置 /file-config/storage system/file-config/storage system:storage:list','system:menu:search','/system/menu',NULL,NULL,'null','0',0,'sys_menu','2026-07-10 01:46:52','2026-07-10 01:46:52'),('000000:menu:storage_config_add_0001','000000','menu','菜单管理','storage_config_add_0001','新增','system:storage:add','新增 system:storage:add','system:menu:search','/system/menu',NULL,NULL,'null','0',0,'sys_menu','2026-07-10 01:46:52','2026-07-10 01:46:52'),('000000:menu:storage_config_edit_0001','000000','menu','菜单管理','storage_config_edit_0001','修改','system:storage:edit','修改 system:storage:edit','system:menu:search','/system/menu',NULL,NULL,'null','0',0,'sys_menu','2026-07-10 01:46:52','2026-07-10 01:46:52'),('000000:menu:storage_config_remove_0001','000000','menu','菜单管理','storage_config_remove_0001','删除','system:storage:remove','删除 system:storage:remove','system:menu:search','/system/menu',NULL,NULL,'null','0',0,'sys_menu','2026-07-10 01:46:52','2026-07-10 01:46:52'),('000000:package:327706048414748672','000000','package','套餐管理','327706048414748672','测试租户1',NULL,'测试租户1 测试','system:package:search','/system/package',NULL,NULL,'null','0',0,'sys_package','2026-07-10 01:46:52','2026-07-10 01:46:52'),('000000:package:328373332758106112','000000','package','套餐管理','328373332758106112','生成管理',NULL,'生成管理','system:package:search','/system/package',NULL,NULL,'null','0',0,'sys_package','2026-07-10 01:46:52','2026-07-10 01:46:52'),('000000:package:P001','000000','package','套餐管理','P001','0',NULL,'0 000000 平台租户使用，拥有全部菜单权限','system:package:search','/system/package',NULL,NULL,'null','0',0,'sys_package','2026-07-10 01:46:53','2026-07-10 01:46:53'),('000000:package:P100','000000','package','套餐管理','P100','租户标准版套餐',NULL,'租户标准版套餐 普通租户标准版，默认不包含租户管理','system:package:search','/system/package',NULL,NULL,'null','0',0,'sys_package','2026-07-10 01:46:53','2026-07-10 01:46:53'),('000000:page-config:P001','000000','page-config','页面配置','P001','用户管理','system_user','用户管理 system_user 用户管理页面配置','system:page-config:search','/system/page-config',NULL,NULL,'null','0',0,'sys_page_config','2026-07-10 01:46:53','2026-07-10 01:46:53'),('000000:page-config:P002','000000','page-config','页面配置','P002','角色管理','system_role','角色管理 system_role 角色管理页面配置','system:page-config:search','/system/page-config',NULL,NULL,'null','0',0,'sys_page_config','2026-07-10 01:46:53','2026-07-10 01:46:53'),('000000:page-config:P003','000000','page-config','页面配置','P003','部门管理','system_dept','部门管理 system_dept 部门管理页面配置','system:page-config:search','/system/page-config',NULL,NULL,'null','0',0,'sys_page_config','2026-07-10 01:46:53','2026-07-10 01:46:53'),('000000:page-config:P004','000000','page-config','页面配置','P004','菜单管理','system_menu','菜单管理 system_menu 菜单管理页面配置','system:page-config:search','/system/page-config',NULL,NULL,'null','0',0,'sys_page_config','2026-07-10 01:46:53','2026-07-10 01:46:53'),('000000:page-config:P005','000000','page-config','页面配置','P005','系统参数','system_config','系统参数 system_config 系统参数页面配置','system:page-config:search','/system/page-config',NULL,NULL,'null','0',0,'sys_page_config','2026-07-10 01:46:53','2026-07-10 01:46:53'),('000000:page-config:P007','000000','page-config','页面配置','P007','主题配置','system_theme','主题配置 system_theme 主题配置页面配置','system:page-config:search','/system/page-config',NULL,NULL,'null','0',0,'sys_page_config','2026-07-10 01:46:53','2026-07-10 01:46:53'),('000000:page-config:P009','000000','page-config','页面配置','P009','租户管理','system_tenant','租户管理 system_tenant 租户管理页面配置','system:page-config:search','/system/page-config',NULL,NULL,'null','0',0,'sys_page_config','2026-07-10 01:46:53','2026-07-10 01:46:53'),('000000:page-config:P010','000000','page-config','页面配置','P010','套餐管理','system_package','套餐管理 system_package 套餐管理页面配置','system:page-config:search','/system/page-config',NULL,NULL,'null','0',0,'sys_page_config','2026-07-10 01:46:53','2026-07-10 01:46:53'),('000000:page-config:P011','000000','page-config','页面配置','P011','存储配置','system_storage','存储配置 system_storage 存储配置页面配置','system:page-config:search','/system/page-config',NULL,NULL,'null','0',0,'sys_page_config','2026-07-10 01:46:53','2026-07-10 01:46:53'),('000000:page-config:P012','000000','page-config','页面配置','P012','文件管理','file_manager','文件管理 file_manager 文件管理页面配置','system:page-config:search','/system/page-config',NULL,NULL,'null','0',0,'sys_page_config','2026-07-10 01:46:53','2026-07-10 01:46:53'),('000000:page-config:P013','000000','page-config','页面配置','P013','字典类型管理','system_dict_type','字典类型管理 system_dict_type 字典类型页面配置','system:page-config:search','/system/page-config',NULL,NULL,'null','0',0,'sys_page_config','2026-07-10 01:46:53','2026-07-10 01:46:53'),('000000:page-config:P014','000000','page-config','页面配置','P014','字典数据管理','system_dict_data','字典数据管理 system_dict_data 字典数据页面配置','system:page-config:search','/system/page-config',NULL,NULL,'null','0',0,'sys_page_config','2026-07-10 01:46:53','2026-07-10 01:46:53'),('000000:page-config:P015','000000','page-config','页面配置','P015','操作审计','system_log_operation','操作审计 system_log_operation 操作审计日志页面配置','system:page-config:search','/system/page-config',NULL,NULL,'null','0',0,'sys_page_config','2026-07-10 01:46:53','2026-07-10 01:46:53'),('000000:page-config:P016','000000','page-config','页面配置','P016','上传审计','system_log_upload','上传审计 system_log_upload 上传审计日志页面配置','system:page-config:search','/system/page-config',NULL,NULL,'null','0',0,'sys_page_config','2026-07-10 01:46:53','2026-07-10 01:46:53'),('000000:page-config:P017','000000','page-config','页面配置','P017','登录日志','system_log_login','登录日志 system_log_login 登录日志页面配置','system:page-config:search','/system/page-config',NULL,NULL,'null','0',0,'sys_page_config','2026-07-10 01:46:53','2026-07-10 01:46:53'),('000000:role:000001','000000','role','角色管理','000001','超级管理员','admin','超级管理员 admin 平台超级管理员角色','system:role:search','/system/role',NULL,NULL,'null','0',0,'sys_role','2026-07-10 01:46:53','2026-07-10 01:46:53'),('000000:role:323300594838278144','000000','role','角色管理','323300594838278144','用户A','user:A','用户A user:A 普通用户','system:role:search','/system/role',NULL,NULL,'null','0',0,'sys_role','2026-07-10 01:46:54','2026-07-10 01:46:54'),('000000:role:323304627162451968','000000','role','角色管理','323304627162451968','用户B','用户B','用户B 用户B','system:role:search','/system/role',NULL,NULL,'null','0',0,'sys_role','2026-07-10 01:46:54','2026-07-10 01:46:54'),('000000:role:323642966914764800','000000','role','角色管理','323642966914764800','用户C','用户c','用户C 用户c','system:role:search','/system/role',NULL,NULL,'null','0',0,'sys_role','2026-07-10 01:46:54','2026-07-10 01:46:54'),('000000:role:328366891737419776','000000','role','角色管理','328366891737419776','气象测试','qx:test','气象测试 qx:test','system:role:search','/system/role',NULL,NULL,'null','0',0,'sys_role','2026-07-10 01:46:54','2026-07-10 01:46:54'),('000000:tenant:000000','000000','tenant','租户管理','000000','平台租户',NULL,'平台租户 10.12.1.216 系统管理员 00000000000','system:tenant:search','/system/tenant',NULL,NULL,'null','0',0,'sys_tenant','2026-07-10 01:46:54','2026-07-10 01:46:54'),('000000:tenant:100000','000000','tenant','租户管理','100000','默认租户',NULL,'默认租户 test.xxx.com 租户管理员 13800000000','system:tenant:search','/system/tenant',NULL,NULL,'null','0',0,'sys_tenant','2026-07-10 01:46:54','2026-07-10 01:46:54'),('000000:tenant:327707622562205696','000000','tenant','租户管理','327707622562205696','测试租户',NULL,'测试租户','system:tenant:search','/system/tenant',NULL,NULL,'null','0',0,'sys_tenant','2026-07-10 01:46:54','2026-07-10 01:46:54'),('000000:tenant:327722727416926208','000000','tenant','租户管理','327722727416926208','暴龙神有限公司',NULL,'暴龙神有限公司 bls.xlcig.cn 暴龙神 18866665555','system:tenant:search','/system/tenant',NULL,NULL,'null','0',0,'sys_tenant','2026-07-10 01:46:54','2026-07-10 01:46:54'),('000000:tenant:328373289850376192','000000','tenant','租户管理','328373289850376192','生产管理系统',NULL,'生产管理系统 tdp.jiuxiang.tech','system:tenant:search','/system/tenant',NULL,NULL,'null','0',0,'sys_tenant','2026-07-10 01:46:54','2026-07-10 01:46:54'),('000000:user:000001','000000','user','用户管理','000001','superadmin','超级管理员','superadmin 超级管理员 暴龙神 15866669999 18569795073@163.com','system:user:search','/system/user',NULL,'000001','null','0',0,'sys_user','2026-07-10 01:46:54','2026-07-10 01:46:54'),('000000:user:323300735171301376','000000','user','用户管理','323300735171301376','usera','用户A','usera 用户A','system:user:search','/system/user',NULL,'323381860459745280','null','0',0,'sys_user','2026-07-10 01:46:54','2026-07-10 01:46:54'),('000000:user:323736538880020480','000000','user','用户管理','323736538880020480','testUser2','c测试用户','testUser2 c测试用户','system:user:search','/system/user',NULL,'323719748447768576','null','0',0,'sys_user','2026-07-10 01:46:54','2026-07-10 01:46:54'),('000000:user:327268172644356096','000000','user','用户管理','327268172644356096','globalSearch','测试全局搜索','globalSearch 测试全局搜索 暴龙神 18569795075 18569795075@163.com','system:user:search','/system/user',NULL,'325536911462633472','null','0',0,'sys_user','2026-07-10 01:46:54','2026-07-10 01:46:54'),('000000:user:327712656561672192','000000','user','用户管理','327712656561672192','abc123','ccc','abc123 ccc','system:user:search','/system/user',NULL,'null','null','0',0,'sys_user','2026-07-10 01:46:55','2026-07-10 01:46:55'),('000000:user:327713420797415424','000000','user','用户管理','327713420797415424','admin123','ddd','admin123 ddd','system:user:search','/system/user',NULL,'325536879892107264','null','0',0,'sys_user','2026-07-10 01:46:55','2026-07-10 01:46:55'),('000000:user:328367322727321600','000000','user','用户管理','328367322727321600','test123','气象测试账号','test123 气象测试账号','system:user:search','/system/user',NULL,'null','null','0',0,'sys_user','2026-07-10 01:46:55','2026-07-10 01:46:55'),('100000:config:100401','100000','config','系统参数','100401','系统名称','sys.app.name','系统名称 sys.app.name 默认租户工作台 默认租户展示名称','system:config:search','/system/config',NULL,NULL,'null','0',0,'sys_config','2026-07-10 01:46:37','2026-07-10 01:46:37'),('100000:dept:100001','100000','dept','部门管理','100001','默认租户总部',NULL,'默认租户总部','system:dept:search','/system/dept',NULL,NULL,'null','0',0,'sys_dept','2026-07-10 01:46:38','2026-07-10 01:46:38'),('100000:dept:100002','100000','dept','部门管理','100002','技术部',NULL,'技术部','system:dept:search','/system/dept',NULL,NULL,'null','0',0,'sys_dept','2026-07-10 01:46:38','2026-07-10 01:46:38'),('100000:dept:100003','100000','dept','部门管理','100003','运营部',NULL,'运营部','system:dept:search','/system/dept',NULL,NULL,'null','0',0,'sys_dept','2026-07-10 01:46:38','2026-07-10 01:46:38'),('100000:log-login:327705198988496896','100000','log-login','登录日志','327705198988496896','admin','password','admin password Mozilla/5.0 (Windows NT 10.0; Win64; x64) AppleWebKit/537.36 (KHTML, like Gecko) Chrome/149.0.0.0 Safari/537.36','system:log:search','/system/log',NULL,NULL,'null','1',0,'sys_login_log','2026-07-10 01:46:44','2026-07-10 01:46:44'),('100000:log-login:327708703757307904','100000','log-login','登录日志','327708703757307904','admin','password','admin password Mozilla/5.0 (Windows NT 10.0; Win64; x64) AppleWebKit/537.36 (KHTML, like Gecko) Chrome/149.0.0.0 Safari/537.36','system:log:search','/system/log',NULL,NULL,'null','1',0,'sys_login_log','2026-07-10 01:46:44','2026-07-10 01:46:44'),('100000:log-login:327709970890100736','100000','log-login','登录日志','327709970890100736','admin','password','admin password Mozilla/5.0 (Windows NT 10.0; Win64; x64) AppleWebKit/537.36 (KHTML, like Gecko) Chrome/149.0.0.0 Safari/537.36','system:log:search','/system/log',NULL,NULL,'null','1',0,'sys_login_log','2026-07-10 01:46:44','2026-07-10 01:46:44'),('100000:log-login:327713809424846848','100000','log-login','登录日志','327713809424846848','admin','password','admin password Mozilla/5.0 (Windows NT 10.0; Win64; x64) AppleWebKit/537.36 (KHTML, like Gecko) Chrome/149.0.0.0 Safari/537.36','system:log:search','/system/log',NULL,NULL,'null','1',0,'sys_login_log','2026-07-10 01:46:45','2026-07-10 01:46:45'),('100000:role:100001','100000','role','角色管理','100001','租户管理员','tenant_admin','租户管理员 tenant_admin 默认租户管理员角色','system:role:search','/system/role',NULL,NULL,'null','0',0,'sys_role','2026-07-10 01:46:53','2026-07-10 01:46:53'),('100000:role:100002','100000','role','角色管理','100002','普通用户','user','普通用户 user 默认租户普通用户角色','system:role:search','/system/role',NULL,NULL,'null','0',0,'sys_role','2026-07-10 01:46:53','2026-07-10 01:46:53'),('100000:user:100001','100000','user','用户管理','100001','admin','租户管理员','admin 租户管理员 租户管理员','system:user:search','/system/user',NULL,'100001','null','0',0,'sys_user','2026-07-10 01:46:54','2026-07-10 01:46:54'),('100000:user:100002','100000','user','用户管理','100002','user','普通用户','user 普通用户','system:user:search','/system/user',NULL,'null','null','0',0,'sys_user','2026-07-10 01:46:54','2026-07-10 01:46:54'),('100000:user:323367925727760384','100000','user','用户管理','323367925727760384','user2','用户2','user2 用户2','system:user:search','/system/user',NULL,'null','null','0',0,'sys_user','2026-07-10 01:46:54','2026-07-10 01:46:54'),('327707622562205696:dept:327707622562205697','327707622562205696','dept','部门管理','327707622562205697','测试租户总部',NULL,'测试租户总部','system:dept:search','/system/dept',NULL,NULL,'null','0',0,'sys_dept','2026-07-10 01:46:38','2026-07-10 01:46:38'),('327707622562205696:log-login:327707697908682752','327707622562205696','log-login','登录日志','327707697908682752','admin','password','admin password Mozilla/5.0 (Windows NT 10.0; Win64; x64) AppleWebKit/537.36 (KHTML, like Gecko) Chrome/149.0.0.0 Safari/537.36','system:log:search','/system/log',NULL,NULL,'null','1',0,'sys_login_log','2026-07-10 01:46:44','2026-07-10 01:46:44'),('327707622562205696:log-login:327709861699784704','327707622562205696','log-login','登录日志','327709861699784704','admin','password','admin password Mozilla/5.0 (Windows NT 10.0; Win64; x64) AppleWebKit/537.36 (KHTML, like Gecko) Chrome/149.0.0.0 Safari/537.36','system:log:search','/system/log',NULL,NULL,'null','1',0,'sys_login_log','2026-07-10 01:46:44','2026-07-10 01:46:44'),('327707622562205696:log-login:327710898573676544','327707622562205696','log-login','登录日志','327710898573676544','admin','password','admin password Mozilla/5.0 (Windows NT 10.0; Win64; x64) AppleWebKit/537.36 (KHTML, like Gecko) Chrome/149.0.0.0 Safari/537.36','system:log:search','/system/log',NULL,NULL,'null','1',0,'sys_login_log','2026-07-10 01:46:44','2026-07-10 01:46:44'),('327707622562205696:log-login:327714079500275712','327707622562205696','log-login','登录日志','327714079500275712','admin','password','admin password 119.123.70.130 Mozilla/5.0 (Windows NT 10.0; Win64; x64) AppleWebKit/537.36 (KHTML, like Gecko) Chrome/149.0.0.0 Safari/537.36','system:log:search','/system/log',NULL,NULL,'null','1',0,'sys_login_log','2026-07-10 01:46:45','2026-07-10 01:46:45'),('327707622562205696:log-login:327720156421820416','327707622562205696','log-login','登录日志','327720156421820416','admin','password','admin password Mozilla/5.0 (Windows NT 10.0; Win64; x64) AppleWebKit/537.36 (KHTML, like Gecko) Chrome/149.0.0.0 Safari/537.36','system:log:search','/system/log',NULL,NULL,'null','1',0,'sys_login_log','2026-07-10 01:46:45','2026-07-10 01:46:45'),('327707622562205696:role:327707622562205698','327707622562205696','role','角色管理','327707622562205698','租户管理员','tenant_admin','租户管理员 tenant_admin 租户默认管理员角色','system:role:search','/system/role',NULL,NULL,'null','0',0,'sys_role','2026-07-10 01:46:54','2026-07-10 01:46:54'),('327707622562205696:role:327714018372489216','327707622562205696','role','角色管理','327714018372489216','销售用','sales','销售用 sales','system:role:search','/system/role',NULL,NULL,'null','0',0,'sys_role','2026-07-10 01:46:54','2026-07-10 01:46:54'),('327707622562205696:user:327707622562205699','327707622562205696','user','用户管理','327707622562205699','admin','租户管理员','admin 租户管理员 租户管理员','system:user:search','/system/user',NULL,'327707622562205697','null','0',0,'sys_user','2026-07-10 01:46:55','2026-07-10 01:46:55'),('327722727416926208:config:327722729845428224','327722727416926208','config','系统参数','327722729845428224','默认密码','sys.user.defaultPassword','默认密码 sys.user.defaultPassword 123456 新建租户默认管理员初始密码','system:config:search','/system/config',NULL,NULL,'null','0',0,'sys_config','2026-07-10 01:46:37','2026-07-10 01:46:37'),('327722727416926208:config:327722730185166848','327722727416926208','config','系统参数','327722730185166848','系统名称','sys.app.name','系统名称 sys.app.name 气象经济博览会 新建租户默认系统名称','system:config:search','/system/config',NULL,NULL,'null','0',0,'sys_config','2026-07-10 01:46:37','2026-07-10 01:46:37'),('327722727416926208:config:327722730357133312','327722727416926208','config','系统参数','327722730357133312','演示模式','sys.demo.enabled','演示模式 sys.demo.enabled 0 新建租户默认是否启用演示模式','system:config:search','/system/config',NULL,NULL,'null','0',0,'sys_config','2026-07-10 01:46:37','2026-07-10 01:46:37'),('327722727416926208:config:327722730524905472','327722727416926208','config','系统参数','327722730524905472','上传大小限制','sys.upload.maxSize','上传大小限制 sys.upload.maxSize 20 新建租户默认上传限制，单位 MB','system:config:search','/system/config',NULL,NULL,'null','0',0,'sys_config','2026-07-10 01:46:37','2026-07-10 01:46:37'),('327722727416926208:config:327722730696871936','327722727416926208','config','系统参数','327722730696871936','系统版本','sys.version','系统版本 sys.version 1.0.0 新建租户默认系统版本','system:config:search','/system/config',NULL,NULL,'null','0',0,'sys_config','2026-07-10 01:46:37','2026-07-10 01:46:37'),('327722727416926208:config:327722730864644096','327722727416926208','config','系统参数','327722730864644096','系统 Logo','sys.app.logo','系统 Logo sys.app.logo  新建租户默认系统 Logo','system:config:search','/system/config',NULL,NULL,'null','0',0,'sys_config','2026-07-10 01:46:37','2026-07-10 01:46:37'),('327722727416926208:config:327722731040804864','327722727416926208','config','系统参数','327722731040804864','默认头像','sys.user.defaultAvatar','默认头像 sys.user.defaultAvatar  新建租户默认用户头像','system:config:search','/system/config',NULL,NULL,'null','0',0,'sys_config','2026-07-10 01:46:37','2026-07-10 01:46:37'),('327722727416926208:config:327722731208577024','327722727416926208','config','系统参数','327722731208577024','默认主题','theme.default','默认主题 theme.default {\"navTheme\":\"light\",\"colorPrimary\":\"#1677ff\",\"layout\":\"mix\",\"contentWidth\":\"Fluid\"} 新建租户默认主题配置','system:config:search','/system/config',NULL,NULL,'null','0',0,'sys_config','2026-07-10 01:46:37','2026-07-10 01:46:37'),('327722727416926208:dept:327722727416926209','327722727416926208','dept','部门管理','327722727416926209','暴龙神有限公司总部',NULL,'暴龙神有限公司总部','system:dept:search','/system/dept',NULL,NULL,'null','0',0,'sys_dept','2026-07-10 01:46:38','2026-07-10 01:46:38'),('327722727416926208:log-login:327722804629868544','327722727416926208','log-login','登录日志','327722804629868544','admin','password','admin password Mozilla/5.0 (Windows NT 10.0; Win64; x64) AppleWebKit/537.36 (KHTML, like Gecko) Chrome/149.0.0.0 Safari/537.36 用户名或密码错误','system:log:search','/system/log',NULL,NULL,'null','0',0,'sys_login_log','2026-07-10 01:46:45','2026-07-10 01:46:45'),('327722727416926208:log-login:327722858014969856','327722727416926208','log-login','登录日志','327722858014969856','admin','password','admin password Mozilla/5.0 (Windows NT 10.0; Win64; x64) AppleWebKit/537.36 (KHTML, like Gecko) Chrome/149.0.0.0 Safari/537.36 用户名或密码错误','system:log:search','/system/log',NULL,NULL,'null','0',0,'sys_login_log','2026-07-10 01:46:45','2026-07-10 01:46:45'),('327722727416926208:log-login:327722903976153088','327722727416926208','log-login','登录日志','327722903976153088','admin','password','admin password Mozilla/5.0 (Windows NT 10.0; Win64; x64) AppleWebKit/537.36 (KHTML, like Gecko) Chrome/149.0.0.0 Safari/537.36 用户名或密码错误','system:log:search','/system/log',NULL,NULL,'null','0',0,'sys_login_log','2026-07-10 01:46:45','2026-07-10 01:46:45'),('327722727416926208:log-login:327723676474675200','327722727416926208','log-login','登录日志','327723676474675200','admin','password','admin password Mozilla/5.0 (Windows NT 10.0; Win64; x64) AppleWebKit/537.36 (KHTML, like Gecko) Chrome/149.0.0.0 Safari/537.36 用户名或密码错误','system:log:search','/system/log',NULL,NULL,'null','0',0,'sys_login_log','2026-07-10 01:46:45','2026-07-10 01:46:45'),('327722727416926208:log-login:327723732372164608','327722727416926208','log-login','登录日志','327723732372164608','admin','password','admin password Mozilla/5.0 (Windows NT 10.0; Win64; x64) AppleWebKit/537.36 (KHTML, like Gecko) Chrome/149.0.0.0 Safari/537.36','system:log:search','/system/log',NULL,NULL,'null','1',0,'sys_login_log','2026-07-10 01:46:45','2026-07-10 01:46:45'),('327722727416926208:role:327722727416926210','327722727416926208','role','角色管理','327722727416926210','租户管理员','tenant_admin','租户管理员 tenant_admin 租户默认管理员角色','system:role:search','/system/role',NULL,NULL,'null','0',0,'sys_role','2026-07-10 01:46:54','2026-07-10 01:46:54'),('327722727416926208:user:327722727416926211','327722727416926208','user','用户管理','327722727416926211','admin','租户管理员','admin 租户管理员 租户管理员','system:user:search','/system/user',NULL,'327722727416926209','null','0',0,'sys_user','2026-07-10 01:46:55','2026-07-10 01:46:55'),('328373289850376192:config:328373292199186432','328373289850376192','config','系统参数','328373292199186432','默认密码','sys.user.defaultPassword','默认密码 sys.user.defaultPassword 123456 新建租户默认管理员初始密码','system:config:search','/system/config',NULL,NULL,'null','0',0,'sys_config','2026-07-10 01:46:37','2026-07-10 01:46:37'),('328373289850376192:config:328373292530536448','328373289850376192','config','系统参数','328373292530536448','系统名称','sys.app.name','系统名称 sys.app.name 生产管理系统 新建租户默认系统名称','system:config:search','/system/config',NULL,NULL,'null','0',0,'sys_config','2026-07-10 01:46:37','2026-07-10 01:46:37'),('328373289850376192:config:328373292694114304','328373289850376192','config','系统参数','328373292694114304','演示模式','sys.demo.enabled','演示模式 sys.demo.enabled 0 新建租户默认是否启用演示模式','system:config:search','/system/config',NULL,NULL,'null','0',0,'sys_config','2026-07-10 01:46:37','2026-07-10 01:46:37'),('328373289850376192:config:328373292861886464','328373289850376192','config','系统参数','328373292861886464','上传大小限制','sys.upload.maxSize','上传大小限制 sys.upload.maxSize 20 新建租户默认上传限制，单位 MB','system:config:search','/system/config',NULL,NULL,'null','0',0,'sys_config','2026-07-10 01:46:37','2026-07-10 01:46:37'),('328373289850376192:config:328373293029658624','328373289850376192','config','系统参数','328373293029658624','系统版本','sys.version','系统版本 sys.version 1.0.0 新建租户默认系统版本','system:config:search','/system/config',NULL,NULL,'null','0',0,'sys_config','2026-07-10 01:46:37','2026-07-10 01:46:37'),('328373289850376192:config:328373293193236480','328373289850376192','config','系统参数','328373293193236480','系统 Logo','sys.app.logo','系统 Logo sys.app.logo  新建租户默认系统 Logo','system:config:search','/system/config',NULL,NULL,'null','0',0,'sys_config','2026-07-10 01:46:38','2026-07-10 01:46:38'),('328373289850376192:config:328373293361008640','328373289850376192','config','系统参数','328373293361008640','默认头像','sys.user.defaultAvatar','默认头像 sys.user.defaultAvatar  新建租户默认用户头像','system:config:search','/system/config',NULL,NULL,'null','0',0,'sys_config','2026-07-10 01:46:38','2026-07-10 01:46:38'),('328373289850376192:config:328373293524586496','328373289850376192','config','系统参数','328373293524586496','默认主题','theme.default','默认主题 theme.default {\"navTheme\":\"light\",\"colorPrimary\":\"#1677ff\",\"layout\":\"mix\",\"contentWidth\":\"Fluid\"} 新建租户默认主题配置','system:config:search','/system/config',NULL,NULL,'null','0',0,'sys_config','2026-07-10 01:46:38','2026-07-10 01:46:38'),('328373289850376192:dept:328373289850376193','328373289850376192','dept','部门管理','328373289850376193','生成管理系统总部',NULL,'生成管理系统总部','system:dept:search','/system/dept',NULL,NULL,'null','0',0,'sys_dept','2026-07-10 01:46:38','2026-07-10 01:46:38'),('328373289850376192:log-login:328373494893121536','328373289850376192','log-login','登录日志','328373494893121536','admin','password','admin password Mozilla/5.0 (Windows NT 10.0; Win64; x64) AppleWebKit/537.36 (KHTML, like Gecko) Chrome/149.0.0.0 Safari/537.36','system:log:search','/system/log',NULL,NULL,'null','1',0,'sys_login_log','2026-07-10 01:46:48','2026-07-10 01:46:48'),('328373289850376192:log-login:328374672792096768','328373289850376192','log-login','登录日志','328374672792096768','admin','password','admin password Mozilla/5.0 (Windows NT 10.0; Win64; x64) AppleWebKit/537.36 (KHTML, like Gecko) Chrome/149.0.0.0 Safari/537.36','system:log:search','/system/log',NULL,NULL,'null','1',0,'sys_login_log','2026-07-10 01:46:48','2026-07-10 01:46:48'),('328373289850376192:log-login:328374867617517568','328373289850376192','log-login','登录日志','328374867617517568','admin','password','admin password Mozilla/5.0 (Windows NT 10.0; Win64; x64) AppleWebKit/537.36 (KHTML, like Gecko) Chrome/149.0.0.0 Safari/537.36','system:log:search','/system/log',NULL,NULL,'null','1',0,'sys_login_log','2026-07-10 01:46:48','2026-07-10 01:46:48'),('328373289850376192:log-login:328375338444918784','328373289850376192','log-login','登录日志','328375338444918784','admin','password','admin password Mozilla/5.0 (Macintosh; Intel Mac OS X 10_15_7) AppleWebKit/537.36 (KHTML, like Gecko) Chrome/149.0.0.0 Safari/537.36','system:log:search','/system/log',NULL,NULL,'null','1',0,'sys_login_log','2026-07-10 01:46:48','2026-07-10 01:46:48'),('328373289850376192:log-login:328375691580149760','328373289850376192','log-login','登录日志','328375691580149760','admin','password','admin password Mozilla/5.0 (Macintosh; Intel Mac OS X 10_15_7) AppleWebKit/537.36 (KHTML, like Gecko) Chrome/149.0.0.0 Safari/537.36','system:log:search','/system/log',NULL,NULL,'null','1',0,'sys_login_log','2026-07-10 01:46:48','2026-07-10 01:46:48'),('328373289850376192:role:328373289850376194','328373289850376192','role','角色管理','328373289850376194','租户管理员','tenant_admin','租户管理员 tenant_admin 租户默认管理员角色','system:role:search','/system/role',NULL,NULL,'null','0',0,'sys_role','2026-07-10 01:46:54','2026-07-10 01:46:54'),('328373289850376192:user:328373289850376195','328373289850376192','user','用户管理','328373289850376195','admin','租户管理员','admin 租户管理员 租户管理员','system:user:search','/system/user',NULL,'328373289850376193','null','0',0,'sys_user','2026-07-10 01:46:55','2026-07-10 01:46:55');
/*!40000 ALTER TABLE `sys_search_index` ENABLE KEYS */;
UNLOCK TABLES;

--
-- Table structure for table `sys_security_log`
--

DROP TABLE IF EXISTS `sys_security_log`;
/*!40101 SET @saved_cs_client     = @@character_set_client */;
/*!50503 SET character_set_client = utf8mb4 */;
CREATE TABLE `sys_security_log` (
  `log_id` varchar(32) NOT NULL COMMENT '日志ID（雪花ID）',
  `tenant_id` varchar(32) NOT NULL DEFAULT '000000' COMMENT '租户ID',
  `user_id` varchar(32) DEFAULT NULL COMMENT '用户ID（匿名事件可为空）',
  `username` varchar(50) DEFAULT NULL COMMENT '用户名',
  `event_type` varchar(64) NOT NULL COMMENT '事件类型：LOGIN_FAILED/TOKEN_EXPIRED/PERMISSION_DENIED/NONCE_REPLAY/SIGNATURE_INVALID/FREQUENCY_LIMIT/BATCH_EXPORT/ROLE_CHANGE/API_KEY_CREATED/CROSS_TENANT',
  `risk_level` varchar(16) NOT NULL DEFAULT 'LOW' COMMENT '风险等级：LOW/MEDIUM/HIGH/CRITICAL',
  `title` varchar(255) NOT NULL COMMENT '事件摘要',
  `detail` text COMMENT '事件详情（JSON，不含敏感信息）',
  `route` varchar(255) DEFAULT NULL COMMENT '请求路由',
  `method` varchar(10) DEFAULT NULL COMMENT 'HTTP 方法',
  `client_ip` varchar(45) DEFAULT NULL COMMENT '客户端 IP',
  `user_agent` varchar(500) DEFAULT NULL COMMENT 'User-Agent',
  `request_id` varchar(64) DEFAULT NULL COMMENT '请求追踪 ID',
  `source` varchar(32) NOT NULL DEFAULT 'system' COMMENT '来源模块：auth/permission/replay/system',
  `create_time` datetime NOT NULL DEFAULT CURRENT_TIMESTAMP COMMENT '创建时间',
  PRIMARY KEY (`log_id`),
  KEY `idx_sec_tenant_time` (`tenant_id`,`create_time`),
  KEY `idx_sec_user_time` (`user_id`,`create_time`),
  KEY `idx_sec_event_type` (`event_type`,`create_time`),
  KEY `idx_sec_risk_level` (`risk_level`,`create_time`),
  KEY `idx_sec_ip` (`client_ip`,`create_time`)
) ENGINE=InnoDB DEFAULT CHARSET=utf8mb4 COLLATE=utf8mb4_0900_ai_ci COMMENT='安全审计日志表';
/*!40101 SET character_set_client = @saved_cs_client */;

--
-- Dumping data for table `sys_security_log`
--

LOCK TABLES `sys_security_log` WRITE;
/*!40000 ALTER TABLE `sys_security_log` DISABLE KEYS */;
INSERT INTO `sys_security_log` VALUES ('333806348477272064','000000','000001','superadmin','TOKEN_EXPIRED','LOW','Token 过期：superadmin','{\"userId\":\"000001\",\"tenantId\":\"000000\"}','/api/system/dict/data/type','GET','127.0.0.1','Mozilla/5.0 (Windows NT 10.0; Win64; x64) AppleWebKit/537.36 (KHTML, like Gecko) Chrome/149.0.0.0 Safari/537.36',NULL,'auth','2026-07-10 03:07:17'),('333806348502437888','000000','000001','superadmin','TOKEN_EXPIRED','LOW','Token 过期：superadmin','{\"userId\":\"000001\",\"tenantId\":\"000000\"}','/api/system/dict/data/type','GET','127.0.0.1','Mozilla/5.0 (Windows NT 10.0; Win64; x64) AppleWebKit/537.36 (KHTML, like Gecko) Chrome/149.0.0.0 Safari/537.36',NULL,'auth','2026-07-10 03:07:17'),('333806349345492992','000000','000001','superadmin','TOKEN_EXPIRED','LOW','Token 过期：superadmin','{\"userId\":\"000001\",\"tenantId\":\"000000\"}','/api/system/log/operation','GET','127.0.0.1','Mozilla/5.0 (Windows NT 10.0; Win64; x64) AppleWebKit/537.36 (KHTML, like Gecko) Chrome/149.0.0.0 Safari/537.36',NULL,'auth','2026-07-10 03:07:17'),('333806350104662016','000000','000001','superadmin','TOKEN_EXPIRED','LOW','Token 过期：superadmin','{\"userId\":\"000001\",\"tenantId\":\"000000\"}','/api/system/dict/data/type','GET','127.0.0.1','Mozilla/5.0 (Windows NT 10.0; Win64; x64) AppleWebKit/537.36 (KHTML, like Gecko) Chrome/149.0.0.0 Safari/537.36',NULL,'auth','2026-07-10 03:07:17'),('333806350108856320','000000','000001','superadmin','TOKEN_EXPIRED','LOW','Token 过期：superadmin','{\"userId\":\"000001\",\"tenantId\":\"000000\"}','/api/system/dict/data/type','GET','127.0.0.1','Mozilla/5.0 (Windows NT 10.0; Win64; x64) AppleWebKit/537.36 (KHTML, like Gecko) Chrome/149.0.0.0 Safari/537.36',NULL,'auth','2026-07-10 03:07:17'),('333806926628524032','000000',NULL,NULL,'TIMESTAMP_EXPIRED','HIGH','缺少 X-Signature 请求头','{\"errorCode\":40105,\"path\":\"/api/system/role/000001/menus\",\"method\":\"PUT\"}','/api/system/role/000001/menus','PUT','127.0.0.1','Mozilla/5.0 (Windows NT 10.0; Win64; x64) AppleWebKit/537.36 (KHTML, like Gecko) Chrome/149.0.0.0 Safari/537.36',NULL,'replay','2026-07-10 03:09:34'),('333806928021032960','000000',NULL,NULL,'TIMESTAMP_EXPIRED','HIGH','缺少 X-Signature 请求头','{\"errorCode\":40105,\"path\":\"/api/system/role/000001/menus\",\"method\":\"PUT\"}','/api/system/role/000001/menus','PUT','127.0.0.1','Mozilla/5.0 (Windows NT 10.0; Win64; x64) AppleWebKit/537.36 (KHTML, like Gecko) Chrome/149.0.0.0 Safari/537.36',NULL,'replay','2026-07-10 03:09:35'),('333806935226847232','000000',NULL,NULL,'TIMESTAMP_EXPIRED','HIGH','缺少 X-Signature 请求头','{\"errorCode\":40105,\"path\":\"/api/system/role/000001/menus\",\"method\":\"PUT\"}','/api/system/role/000001/menus','PUT','127.0.0.1','Mozilla/5.0 (Windows NT 10.0; Win64; x64) AppleWebKit/537.36 (KHTML, like Gecko) Chrome/149.0.0.0 Safari/537.36',NULL,'replay','2026-07-10 03:09:36'),('333806936615161856','000000',NULL,NULL,'TIMESTAMP_EXPIRED','HIGH','缺少 X-Signature 请求头','{\"errorCode\":40105,\"path\":\"/api/system/role/000001/menus\",\"method\":\"PUT\"}','/api/system/role/000001/menus','PUT','127.0.0.1','Mozilla/5.0 (Windows NT 10.0; Win64; x64) AppleWebKit/537.36 (KHTML, like Gecko) Chrome/149.0.0.0 Safari/537.36',NULL,'replay','2026-07-10 03:09:37'),('333806938028642304','000000',NULL,NULL,'TIMESTAMP_EXPIRED','HIGH','缺少 X-Signature 请求头','{\"errorCode\":40105,\"path\":\"/api/system/role/000001/menus\",\"method\":\"PUT\"}','/api/system/role/000001/menus','PUT','127.0.0.1','Mozilla/5.0 (Windows NT 10.0; Win64; x64) AppleWebKit/537.36 (KHTML, like Gecko) Chrome/149.0.0.0 Safari/537.36',NULL,'replay','2026-07-10 03:09:37'),('333806938800394240','000000',NULL,NULL,'TIMESTAMP_EXPIRED','HIGH','缺少 X-Signature 请求头','{\"errorCode\":40105,\"path\":\"/api/system/role/000001/menus\",\"method\":\"PUT\"}','/api/system/role/000001/menus','PUT','127.0.0.1','Mozilla/5.0 (Windows NT 10.0; Win64; x64) AppleWebKit/537.36 (KHTML, like Gecko) Chrome/149.0.0.0 Safari/537.36',NULL,'replay','2026-07-10 03:09:37'),('333806939412762624','000000',NULL,NULL,'TIMESTAMP_EXPIRED','HIGH','缺少 X-Signature 请求头','{\"errorCode\":40105,\"path\":\"/api/system/role/000001/menus\",\"method\":\"PUT\"}','/api/system/role/000001/menus','PUT','127.0.0.1','Mozilla/5.0 (Windows NT 10.0; Win64; x64) AppleWebKit/537.36 (KHTML, like Gecko) Chrome/149.0.0.0 Safari/537.36',NULL,'replay','2026-07-10 03:09:37'),('333806939412762625','000000',NULL,NULL,'TIMESTAMP_EXPIRED','HIGH','缺少 X-Signature 请求头','{\"errorCode\":40105,\"path\":\"/api/system/role/000001/menus\",\"method\":\"PUT\"}','/api/system/role/000001/menus','PUT','127.0.0.1','Mozilla/5.0 (Windows NT 10.0; Win64; x64) AppleWebKit/537.36 (KHTML, like Gecko) Chrome/149.0.0.0 Safari/537.36',NULL,'replay','2026-07-10 03:09:37'),('333806961290252288','000000',NULL,NULL,'TIMESTAMP_EXPIRED','HIGH','缺少 X-Signature 请求头','{\"errorCode\":40105,\"path\":\"/api/system/role/000001/menus\",\"method\":\"PUT\"}','/api/system/role/000001/menus','PUT','127.0.0.1','Mozilla/5.0 (Windows NT 10.0; Win64; x64) AppleWebKit/537.36 (KHTML, like Gecko) Chrome/149.0.0.0 Safari/537.36',NULL,'replay','2026-07-10 03:09:42'),('333806962615652352','000000',NULL,NULL,'TIMESTAMP_EXPIRED','HIGH','缺少 X-Signature 请求头','{\"errorCode\":40105,\"path\":\"/api/system/role/000001/menus\",\"method\":\"PUT\"}','/api/system/role/000001/menus','PUT','127.0.0.1','Mozilla/5.0 (Windows NT 10.0; Win64; x64) AppleWebKit/537.36 (KHTML, like Gecko) Chrome/149.0.0.0 Safari/537.36',NULL,'replay','2026-07-10 03:09:43'),('333848763569410048','000000','000001','superadmin','TOKEN_EXPIRED','LOW','Token 过期：superadmin','{\"userId\":\"000001\",\"tenantId\":\"000000\"}','/api/system/log/operation','GET','127.0.0.1','Mozilla/5.0 (Windows NT 10.0; Win64; x64) AppleWebKit/537.36 (KHTML, like Gecko) Chrome/149.0.0.0 Safari/537.36','005da4d2203f4ce3','auth','2026-07-10 05:55:48'),('333867277533450240','000000','000001','superadmin','TOKEN_EXPIRED','LOW','Token 过期：superadmin','{\"userId\":\"000001\",\"tenantId\":\"000000\"}','/api/system/role/list','GET','127.0.0.1','Mozilla/5.0 (Windows NT 10.0; Win64; x64) AppleWebKit/537.36 (KHTML, like Gecko) Chrome/149.0.0.0 Safari/537.36','680e3293829e4474','auth','2026-07-10 07:09:22'),('333871063828140032','000000','000001','superadmin','TOKEN_EXPIRED','LOW','Token 过期：superadmin','{\"userId\":\"000001\",\"tenantId\":\"000000\"}','/api/system/global-search/search','GET','127.0.0.1','Mozilla/5.0 (Windows NT 10.0; Win64; x64) AppleWebKit/537.36 (KHTML, like Gecko) Chrome/149.0.0.0 Safari/537.36','437580564bc449f9','auth','2026-07-10 15:24:24'),('333871065564581888','000000','000001','superadmin','TOKEN_EXPIRED','LOW','Token 过期：superadmin','{\"userId\":\"000001\",\"tenantId\":\"000000\"}','/api/system/global-search/search','GET','127.0.0.1','Mozilla/5.0 (Windows NT 10.0; Win64; x64) AppleWebKit/537.36 (KHTML, like Gecko) Chrome/149.0.0.0 Safari/537.36','54918b35b43a40c8','auth','2026-07-10 15:24:25'),('333872413399977984','000000',NULL,NULL,'TOKEN_INVALID','MEDIUM','Token 校验失败：unknown','{\"error\":\"JsonWebTokenError: jwt malformed\"}','/api/system/config/list','GET','127.0.0.1','node','a0f9d6d750c54362','auth','2026-07-10 15:29:46'),('333872431339016192','000000',NULL,NULL,'TOKEN_INVALID','MEDIUM','Token 校验失败：unknown','{\"error\":\"JsonWebTokenError: jwt malformed\"}','/api/system/config/list','GET','127.0.0.1','node','e94b6b9ccc4c4d98','auth','2026-07-10 15:29:50'),('333872485588144128','000000',NULL,NULL,'TOKEN_INVALID','MEDIUM','Token 校验失败：unknown','{\"error\":\"JsonWebTokenError: jwt malformed\"}','/api/system/config/list','GET','127.0.0.1','node','c2d22526a386482d','auth','2026-07-10 15:30:03'),('333873014867365888','000000',NULL,NULL,'TOKEN_INVALID','MEDIUM','Token 校验失败：unknown','{\"error\":\"JsonWebTokenError: jwt malformed\"}','/api/system/config/list','GET','127.0.0.1','node','8856da5d4bea49d1','auth','2026-07-10 15:32:10'),('333873060971155456','000000',NULL,NULL,'TOKEN_INVALID','MEDIUM','Token 校验失败：unknown','{\"error\":\"JsonWebTokenError: jwt malformed\"}','/api/system/config/list','GET','127.0.0.1','node','1a47ac88133645bf','auth','2026-07-10 15:32:21'),('333873106395467776','000000',NULL,NULL,'TOKEN_INVALID','MEDIUM','Token 校验失败：unknown','{\"error\":\"JsonWebTokenError: jwt malformed\"}','/api/system/config/list','GET','127.0.0.1','node','effe2d93f1db4376','auth','2026-07-10 15:32:31'),('333873198540132352','000000',NULL,NULL,'TOKEN_INVALID','MEDIUM','Token 校验失败：unknown','{\"error\":\"JsonWebTokenError: jwt malformed\"}','/api/system/config/list','GET','127.0.0.1','node','8e25142c12df4b0c','auth','2026-07-10 15:32:53'),('333873671728926720','000000',NULL,NULL,'TOKEN_INVALID','MEDIUM','Token 校验失败：unknown','{\"error\":\"JsonWebTokenError: jwt malformed\"}','/api/system/config/list','GET','127.0.0.1','node','8b7bf0f3b53c4131','auth','2026-07-10 15:34:46'),('333877955673591808','000000','000001','superadmin','TOKEN_EXPIRED','LOW','Token 过期：superadmin','{\"userId\":\"000001\",\"tenantId\":\"000000\"}','/api/system/dict/data/type','GET','127.0.0.1','Mozilla/5.0 (Windows NT 10.0; Win64; x64) AppleWebKit/537.36 (KHTML, like Gecko) Chrome/149.0.0.0 Safari/537.36','89a7256d697e40c9','auth','2026-07-10 15:51:52'),('333877955698757632','000000','000001','superadmin','TOKEN_EXPIRED','LOW','Token 过期：superadmin','{\"userId\":\"000001\",\"tenantId\":\"000000\"}','/api/system/dict/data/type','GET','127.0.0.1','Mozilla/5.0 (Windows NT 10.0; Win64; x64) AppleWebKit/537.36 (KHTML, like Gecko) Chrome/149.0.0.0 Safari/537.36','6750046e548c416c','auth','2026-07-10 15:51:52'),('333877970903109632','000000','000001','superadmin','TOKEN_EXPIRED','LOW','Token 过期：superadmin','{\"userId\":\"000001\",\"tenantId\":\"000000\"}','/api/system/log/operation','GET','127.0.0.1','Mozilla/5.0 (Windows NT 10.0; Win64; x64) AppleWebKit/537.36 (KHTML, like Gecko) Chrome/149.0.0.0 Safari/537.36','574228836a7c49bd','auth','2026-07-10 15:51:52'),('333877972740214784','000000','000001','superadmin','TOKEN_EXPIRED','LOW','Token 过期：superadmin','{\"userId\":\"000001\",\"tenantId\":\"000000\"}','/api/system/dict/data/type','GET','127.0.0.1','Mozilla/5.0 (Windows NT 10.0; Win64; x64) AppleWebKit/537.36 (KHTML, like Gecko) Chrome/149.0.0.0 Safari/537.36','60188e08438b45bf','auth','2026-07-10 15:51:52'),('333877972744409088','000000','000001','superadmin','TOKEN_EXPIRED','LOW','Token 过期：superadmin','{\"userId\":\"000001\",\"tenantId\":\"000000\"}','/api/system/dict/data/type','GET','127.0.0.1','Mozilla/5.0 (Windows NT 10.0; Win64; x64) AppleWebKit/537.36 (KHTML, like Gecko) Chrome/149.0.0.0 Safari/537.36','565296bfe2e740fa','auth','2026-07-10 15:51:52'),('333882211684192256','000000','000001','superadmin','TOKEN_EXPIRED','LOW','Token 过期：superadmin','{\"userId\":\"000001\",\"tenantId\":\"000000\"}','/api/system/theme/current','GET','127.0.0.1','Mozilla/5.0 (Windows NT 10.0; Win64; x64) AppleWebKit/537.36 (KHTML, like Gecko) Chrome/149.0.0.0 Safari/537.36','cd583a242d814d7b','auth','2026-07-10 16:08:42'),('333882211696775168','000000','000001','superadmin','TOKEN_EXPIRED','LOW','Token 过期：superadmin','{\"userId\":\"000001\",\"tenantId\":\"000000\"}','/api/system/config/current','GET','127.0.0.1','Mozilla/5.0 (Windows NT 10.0; Win64; x64) AppleWebKit/537.36 (KHTML, like Gecko) Chrome/149.0.0.0 Safari/537.36','2f6a0b2f0ddc4c68','auth','2026-07-10 16:08:42'),('333882213907173376','000000','000001','superadmin','TOKEN_EXPIRED','LOW','Token 过期：superadmin','{\"userId\":\"000001\",\"tenantId\":\"000000\"}','/api/auth/profile','GET','127.0.0.1','Mozilla/5.0 (Windows NT 10.0; Win64; x64) AppleWebKit/537.36 (KHTML, like Gecko) Chrome/149.0.0.0 Safari/537.36','86de7a089a77432f','auth','2026-07-10 16:08:43'),('333889765990600704','000000','000001','superadmin','TOKEN_EXPIRED','LOW','Token 过期：superadmin','{\"userId\":\"000001\",\"tenantId\":\"000000\"}','/api/system/dict/data/type','GET','127.0.0.1','Mozilla/5.0 (Windows NT 10.0; Win64; x64) AppleWebKit/537.36 (KHTML, like Gecko) Chrome/149.0.0.0 Safari/537.36','d81a705982cf4e3e','auth','2026-07-10 16:38:44'),('333889766007377920','000000','000001','superadmin','TOKEN_EXPIRED','LOW','Token 过期：superadmin','{\"userId\":\"000001\",\"tenantId\":\"000000\"}','/api/system/log/login','GET','127.0.0.1','Mozilla/5.0 (Windows NT 10.0; Win64; x64) AppleWebKit/537.36 (KHTML, like Gecko) Chrome/149.0.0.0 Safari/537.36','17d8d26849f54bca','auth','2026-07-10 16:38:44'),('333889766447779840','000000','000001','superadmin','TOKEN_EXPIRED','LOW','Token 过期：superadmin','{\"userId\":\"000001\",\"tenantId\":\"000000\"}','/api/system/dict/data/type','GET','127.0.0.1','Mozilla/5.0 (Windows NT 10.0; Win64; x64) AppleWebKit/537.36 (KHTML, like Gecko) Chrome/149.0.0.0 Safari/537.36','054f05b6d3634b51','auth','2026-07-10 16:38:44');
/*!40000 ALTER TABLE `sys_security_log` ENABLE KEYS */;
UNLOCK TABLES;

--
-- Table structure for table `sys_storage_config`
--

DROP TABLE IF EXISTS `sys_storage_config`;
/*!40101 SET @saved_cs_client     = @@character_set_client */;
/*!50503 SET character_set_client = utf8mb4 */;
CREATE TABLE `sys_storage_config` (
  `storage_id` varchar(32) CHARACTER SET utf8mb4 COLLATE utf8mb4_unicode_ci NOT NULL COMMENT '存储配置ID',
  `tenant_id` varchar(32) CHARACTER SET utf8mb4 COLLATE utf8mb4_unicode_ci NOT NULL DEFAULT '000000' COMMENT '租户ID，000000表示平台默认配置',
  `storage_name` varchar(100) CHARACTER SET utf8mb4 COLLATE utf8mb4_unicode_ci NOT NULL COMMENT '存储名称',
  `storage_type` varchar(30) CHARACTER SET utf8mb4 COLLATE utf8mb4_unicode_ci NOT NULL COMMENT '存储类型：minio/aliyun_oss/tencent_cos/qiniu_kodo/huawei_obs/aws_s3/local',
  `endpoint` varchar(255) CHARACTER SET utf8mb4 COLLATE utf8mb4_unicode_ci DEFAULT NULL COMMENT '访问端点，不带协议，例如 s3.minion.xlcig.cn / oss-cn-hangzhou.aliyuncs.com',
  `region` varchar(100) CHARACTER SET utf8mb4 COLLATE utf8mb4_unicode_ci DEFAULT NULL COMMENT '地域，例如 oss-cn-hangzhou / ap-shanghai',
  `port` int DEFAULT NULL COMMENT '端口，MinIO常用443/9000',
  `use_ssl` tinyint NOT NULL DEFAULT '1' COMMENT '是否使用HTTPS',
  `access_key` varchar(255) CHARACTER SET utf8mb4 COLLATE utf8mb4_unicode_ci DEFAULT NULL COMMENT 'AccessKey，可加密',
  `secret_key` text CHARACTER SET utf8mb4 COLLATE utf8mb4_unicode_ci COMMENT 'SecretKey，必须加密',
  `public_bucket` varchar(100) CHARACTER SET utf8mb4 COLLATE utf8mb4_unicode_ci DEFAULT NULL COMMENT '公共桶',
  `private_bucket` varchar(100) CHARACTER SET utf8mb4 COLLATE utf8mb4_unicode_ci DEFAULT NULL COMMENT '私有桶',
  `public_base_url` varchar(500) CHARACTER SET utf8mb4 COLLATE utf8mb4_unicode_ci DEFAULT NULL COMMENT '公共访问基础URL',
  `private_base_url` varchar(500) CHARACTER SET utf8mb4 COLLATE utf8mb4_unicode_ci DEFAULT NULL COMMENT '私有访问基础URL，一般可为空',
  `path_style` tinyint NOT NULL DEFAULT '0' COMMENT '是否Path Style访问，MinIO通常为1，云厂商通常为0',
  `config_json` json DEFAULT NULL COMMENT '厂商差异配置JSON',
  `policy_json` json DEFAULT NULL COMMENT '上传限制/访问策略JSON',
  `is_default` tinyint NOT NULL DEFAULT '0' COMMENT '是否默认配置',
  `status` tinyint NOT NULL DEFAULT '1' COMMENT '状态：1启用，0停用',
  `remark` varchar(500) CHARACTER SET utf8mb4 COLLATE utf8mb4_unicode_ci DEFAULT NULL,
  `create_by` varchar(32) CHARACTER SET utf8mb4 COLLATE utf8mb4_unicode_ci DEFAULT NULL,
  `create_time` datetime DEFAULT CURRENT_TIMESTAMP,
  `update_by` varchar(32) CHARACTER SET utf8mb4 COLLATE utf8mb4_unicode_ci DEFAULT NULL,
  `update_time` datetime DEFAULT CURRENT_TIMESTAMP ON UPDATE CURRENT_TIMESTAMP,
  `deleted` tinyint NOT NULL DEFAULT '0',
  PRIMARY KEY (`storage_id`),
  KEY `idx_tenant_id` (`tenant_id`),
  KEY `idx_storage_type` (`storage_type`),
  KEY `idx_status` (`status`),
  KEY `idx_default` (`is_default`)
) ENGINE=InnoDB DEFAULT CHARSET=utf8mb4 COLLATE=utf8mb4_unicode_ci COMMENT='对象存储配置表';
/*!40101 SET character_set_client = @saved_cs_client */;

--
-- Dumping data for table `sys_storage_config`
--

LOCK TABLES `sys_storage_config` WRITE;
/*!40000 ALTER TABLE `sys_storage_config` DISABLE KEYS */;
INSERT INTO `sys_storage_config` VALUES ('000001','000000','MinIO分布式存储','minio','127.0.0.1',NULL,9000,0,'admin','StrongPass123!','public-assets','private-assets','http://127.0.0.1:9000/public-assets',NULL,1,'{\"nodes\": [{\"name\": \"minio\", \"apiPort\": 9000, \"consolePort\": 9001}], \"apiUrl\": \"http://127.0.0.1:9000\", \"consoleUrl\": \"http://127.0.0.1:9001\", \"clusterMode\": false, \"forcePathStyle\": true}','{\"maxSizeMB\": 100, \"allowedExt\": [\"jpg\", \"jpeg\", \"png\", \"gif\", \"webp\", \"pdf\", \"doc\", \"docx\", \"xls\", \"xlsx\", \"ppt\", \"pptx\", \"zip\"], \"blockedExt\": [\"exe\", \"bat\", \"cmd\", \"sh\", \"js\", \"msi\"], \"privateExpireSeconds\": 300}',1,0,'MinIO Docker 四节点分布式集群；控制台域名 minion.xlcig.cn；S3 API 域名 s3.minion.xlcig.cn',NULL,'2026-06-15 08:21:40',NULL,'2026-07-06 01:44:03',0);
/*!40000 ALTER TABLE `sys_storage_config` ENABLE KEYS */;
UNLOCK TABLES;

--
-- Table structure for table `sys_tenant`
--

DROP TABLE IF EXISTS `sys_tenant`;
/*!40101 SET @saved_cs_client     = @@character_set_client */;
/*!50503 SET character_set_client = utf8mb4 */;
CREATE TABLE `sys_tenant` (
  `tenant_id` varchar(32) NOT NULL COMMENT '租户ID，000000为平台租户，其他租户使用雪花ID字符串',
  `tenant_name` varchar(100) NOT NULL COMMENT '租户名称',
  `package_id` varchar(32) DEFAULT NULL COMMENT '绑定套餐ID',
  `expire_time` datetime DEFAULT NULL COMMENT '套餐到期时间，000000平台租户可为空表示永久有效',
  `domain_name` varchar(100) DEFAULT NULL COMMENT '绑定域名，如：admin.xxx.com',
  `contact_user` varchar(50) DEFAULT NULL COMMENT '联系人',
  `contact_phone` varchar(30) DEFAULT NULL COMMENT '联系电话',
  `status` char(1) NOT NULL DEFAULT '0' COMMENT '0正常 1停用',
  `remark` varchar(500) DEFAULT NULL COMMENT '备注',
  `create_time` datetime NOT NULL DEFAULT CURRENT_TIMESTAMP COMMENT '创建时间',
  `update_time` datetime DEFAULT CURRENT_TIMESTAMP ON UPDATE CURRENT_TIMESTAMP COMMENT '更新时间',
  PRIMARY KEY (`tenant_id`),
  UNIQUE KEY `uk_tenant_domain` (`domain_name`),
  KEY `idx_tenant_package` (`package_id`)
) ENGINE=InnoDB DEFAULT CHARSET=utf8mb4 COLLATE=utf8mb4_0900_ai_ci COMMENT='租户表';
/*!40101 SET character_set_client = @saved_cs_client */;

--
-- Dumping data for table `sys_tenant`
--

LOCK TABLES `sys_tenant` WRITE;
/*!40000 ALTER TABLE `sys_tenant` DISABLE KEYS */;
INSERT INTO `sys_tenant` VALUES ('000000','平台租户','P001',NULL,'10.12.1.216','系统管理员','00000000000','0','平台默认租户，永久有效','2026-06-11 00:58:56','2026-06-24 07:38:14'),('100000','默认租户','P100','2027-06-24 00:58:56','test.xxx.com','租户管理员','13800000000','0','开箱即用默认租户，标准版套餐','2026-06-11 00:58:56','2026-06-11 02:25:58'),('327707622562205696','测试租户','327706048414748672',NULL,NULL,NULL,NULL,'0',NULL,'2026-06-23 07:13:06','2026-06-23 07:13:06'),('327722727416926208','暴龙神有限公司','P100','2027-06-01 00:00:00','bls.xlcig.cn','暴龙神','18866665555','0',NULL,'2026-06-23 08:13:07','2026-06-23 08:13:07'),('328373289850376192','生产管理系统','328373332758106112',NULL,'tdp.jiuxiang.tech',NULL,NULL,'0',NULL,'2026-06-25 03:18:14','2026-06-25 03:45:02');
/*!40000 ALTER TABLE `sys_tenant` ENABLE KEYS */;
UNLOCK TABLES;

--
-- Table structure for table `sys_theme_config`
--

DROP TABLE IF EXISTS `sys_theme_config`;
/*!40101 SET @saved_cs_client     = @@character_set_client */;
/*!50503 SET character_set_client = utf8mb4 */;
CREATE TABLE `sys_theme_config` (
  `theme_id` varchar(32) NOT NULL COMMENT '主题配置ID',
  `tenant_id` varchar(32) NOT NULL DEFAULT '000000' COMMENT '租户ID',
  `nav_theme` varchar(20) NOT NULL DEFAULT 'light' COMMENT '导航主题',
  `color_primary` varchar(20) NOT NULL DEFAULT '#1677ff' COMMENT '主色',
  `layout` varchar(20) NOT NULL DEFAULT 'mix' COMMENT '布局',
  `content_width` varchar(20) NOT NULL DEFAULT 'Fluid' COMMENT '内容宽度',
  `fixed_header` tinyint NOT NULL DEFAULT '0' COMMENT '固定头部',
  `fix_siderbar` tinyint NOT NULL DEFAULT '1' COMMENT '固定侧栏',
  `color_weak` tinyint NOT NULL DEFAULT '0' COMMENT '色弱模式',
  `title` varchar(100) NOT NULL DEFAULT 'KOX Admin' COMMENT '标题',
  `logo` varchar(500) DEFAULT NULL COMMENT 'Logo',
  `iconfont_url` varchar(500) DEFAULT NULL COMMENT 'iconfont地址',
  `token_json` text COMMENT '主题Token(JSON字符串)',
  `status` char(1) NOT NULL DEFAULT '0' COMMENT '0正常 1停用',
  `remark` varchar(500) DEFAULT NULL COMMENT '备注',
  `deleted` tinyint NOT NULL DEFAULT '0' COMMENT '逻辑删除',
  `create_time` datetime NOT NULL DEFAULT CURRENT_TIMESTAMP,
  `update_time` datetime DEFAULT CURRENT_TIMESTAMP ON UPDATE CURRENT_TIMESTAMP,
  PRIMARY KEY (`theme_id`),
  UNIQUE KEY `uk_theme_tenant` (`tenant_id`)
) ENGINE=InnoDB DEFAULT CHARSET=utf8mb4 COLLATE=utf8mb4_0900_ai_ci COMMENT='系统主题配置表';
/*!40101 SET character_set_client = @saved_cs_client */;

--
-- Dumping data for table `sys_theme_config`
--

LOCK TABLES `sys_theme_config` WRITE;
/*!40000 ALTER TABLE `sys_theme_config` DISABLE KEYS */;
INSERT INTO `sys_theme_config` VALUES ('000501','000000','light','#722ED1','mix','Fluid',0,1,0,'KOX Management System','https://xux.xlcig.cn/logo.png',NULL,'{}','0',NULL,0,'2026-06-11 00:58:56','2026-07-09 07:44:46'),('100501','100000','light','#1677ff','mix','Fluid',0,1,0,'默认租户工作台',NULL,'','{}','0',NULL,0,'2026-06-11 00:58:56','2026-06-12 07:23:45'),('327707622562205700','327707622562205696','light','#1677ff','mix','Fluid',0,1,0,'测试租户',NULL,'','{}','0',NULL,0,'2026-06-23 07:13:06','2026-06-23 07:30:46'),('327722727416926212','327722727416926208','light','#FA541C','mix','Fluid',0,1,0,'暴龙神有限公司',NULL,'','{}','0',NULL,0,'2026-06-23 08:13:08','2026-06-23 08:18:26'),('328373289850376196','328373289850376192','light','#1677ff','mix','Fluid',0,1,0,'生成管理系统',NULL,'','{}','0',NULL,0,'2026-06-25 03:18:15','2026-06-25 03:19:06');
/*!40000 ALTER TABLE `sys_theme_config` ENABLE KEYS */;
UNLOCK TABLES;

--
-- Table structure for table `sys_upload_audit`
--

DROP TABLE IF EXISTS `sys_upload_audit`;
/*!40101 SET @saved_cs_client     = @@character_set_client */;
/*!50503 SET character_set_client = utf8mb4 */;
CREATE TABLE `sys_upload_audit` (
  `audit_id` varchar(32) NOT NULL COMMENT '审计ID',
  `tenant_id` varchar(32) NOT NULL DEFAULT '000000' COMMENT '租户ID',
  `user_id` varchar(32) DEFAULT NULL COMMENT '用户ID',
  `username` varchar(50) DEFAULT NULL COMMENT '用户名',
  `module_name` varchar(100) DEFAULT NULL COMMENT '模块名称',
  `access_type` char(10) NOT NULL COMMENT '访问类型：public/private',
  `storage_id` varchar(32) DEFAULT NULL COMMENT '存储配置ID',
  `storage_type` varchar(30) DEFAULT NULL COMMENT '存储类型：minio/aliyun_oss/aws_s3/local等',
  `bucket_name` varchar(100) DEFAULT NULL COMMENT '存储桶名称',
  `object_name` varchar(500) DEFAULT NULL COMMENT '对象名',
  `original_name` varchar(255) NOT NULL COMMENT '原始文件名',
  `safe_name` varchar(255) NOT NULL COMMENT '清洗后文件名',
  `file_ext` varchar(20) DEFAULT NULL COMMENT '文件后缀',
  `mime_type` varchar(100) DEFAULT NULL COMMENT 'MIME类型',
  `file_size` bigint NOT NULL COMMENT '文件大小(字节)',
  `max_upload_bytes` bigint DEFAULT NULL COMMENT '上传限制(字节)',
  `upload_status` char(1) NOT NULL DEFAULT '1' COMMENT '上传状态：1成功 0失败',
  `fail_reason` varchar(1000) DEFAULT NULL COMMENT '失败原因',
  `client_ip` varchar(45) DEFAULT NULL COMMENT '客户端IP',
  `user_agent` varchar(500) DEFAULT NULL COMMENT 'User-Agent',
  `request_id` varchar(64) DEFAULT NULL COMMENT '请求追踪ID',
  `file_id` varchar(32) DEFAULT NULL COMMENT '文件ID',
  `file_url` varchar(1000) DEFAULT NULL COMMENT '文件URL',
  `create_time` datetime NOT NULL DEFAULT CURRENT_TIMESTAMP COMMENT '创建时间',
  PRIMARY KEY (`audit_id`),
  KEY `idx_upload_audit_tenant_time` (`tenant_id`,`create_time`),
  KEY `idx_upload_audit_user_time` (`user_id`,`create_time`),
  KEY `idx_upload_audit_status` (`upload_status`),
  KEY `idx_upload_audit_storage` (`storage_id`),
  KEY `idx_upload_audit_request_id` (`request_id`),
  KEY `idx_upload_audit_file_id` (`file_id`)
) ENGINE=InnoDB DEFAULT CHARSET=utf8mb4 COLLATE=utf8mb4_0900_ai_ci COMMENT='文件上传审计表';
/*!40101 SET character_set_client = @saved_cs_client */;

--
-- Dumping data for table `sys_upload_audit`
--

LOCK TABLES `sys_upload_audit` WRITE;
/*!40000 ALTER TABLE `sys_upload_audit` DISABLE KEYS */;
INSERT INTO `sys_upload_audit` VALUES ('325441925152903168','000000',NULL,NULL,'头像','private','000001','minio','private-assets','头像/1781658600976_jaihao@2x.png','jaihao@2x.png','jaihao@2x.png','.png','image/png',190,20971520,'1',NULL,NULL,NULL,NULL,'325441924779610112',NULL,'2026-06-17 01:10:01'),('325442039732899840','000000',NULL,NULL,'头像','public','000001','minio','public-assets','头像/1781658628415_sanjiao@2x.png','sanjiao@2x.png','sanjiao@2x.png','.png','image/png',454,20971520,'1',NULL,NULL,NULL,NULL,'325442039544156160','https://s3.minion.xlcig.cn/public-assets/头像/1781658628415_sanjiao@2x.png','2026-06-17 01:10:29'),('325452100395995136','000000',NULL,NULL,'头像','public','000001','minio','public-assets','头像/1781661026961_jian@2x.png','jian@2x.png','jian@2x.png','.png','image/png',702,20971520,'1',NULL,NULL,NULL,NULL,'325452100014313472','https://s3.minion.xlcig.cn/public-assets/头像/1781661026961_jian@2x.png','2026-06-17 01:50:27'),('325456137048690688','000000',NULL,NULL,'avatar','public','000001','minio','public-assets','avatar/1781661989382_images.jpg','images.jpg','images.jpg','.jpg','image/jpeg',5354,20971520,'1',NULL,NULL,NULL,NULL,'325456136671203328','https://s3.minion.xlcig.cn/public-assets/avatar/1781661989382_images.jpg','2026-06-17 02:06:30'),('325456180069666816','000000',NULL,NULL,'avatar','public','000001','minio','public-assets','avatar/1781661999673_images.jpg','images.jpg','images.jpg','.jpg','image/jpeg',5354,20971520,'1',NULL,NULL,NULL,NULL,'325456179692179456','https://s3.minion.xlcig.cn/public-assets/avatar/1781661999673_images.jpg','2026-06-17 02:06:40'),('327364300819795968','000000',NULL,NULL,'Logo','public','000001','minio','public-assets','Logo/1782116930943_icon-512x512.png','icon-512x512.png','icon-512x512.png','.png','image/png',140523,20971520,'1',NULL,NULL,NULL,NULL,'327364300417142784','https://s3.minion.xlcig.cn/public-assets/Logo/1782116930943_icon-512x512.png','2026-06-22 08:28:51'),('327364429966610432','000000',NULL,NULL,'Logo','public','000001','minio','public-assets','Logo/1782116961918_icon-128x128.png','icon-128x128.png','icon-128x128.png','.png','image/png',17728,20971520,'1',NULL,NULL,NULL,NULL,'327364429765283840','https://s3.minion.xlcig.cn/public-assets/Logo/1782116961918_icon-128x128.png','2026-06-22 08:29:22'),('327364614406934528','000000',NULL,NULL,'avatar','public','000001','minio','public-assets','avatar/1782117005845_icon-192x192.png','icon-192x192.png','icon-192x192.png','.png','image/png',31774,20971520,'1',NULL,NULL,NULL,NULL,'327364614016864256','https://s3.minion.xlcig.cn/public-assets/avatar/1782117005845_icon-192x192.png','2026-06-22 08:30:06'),('327365894755979264','000000',NULL,NULL,'test','private','000001','minio','private-assets','test/1782117310918_13号馆图纸-2026.5.22给[1].png','13号馆图纸-2026.5.22给[1].png','13号馆图纸-2026.5.22给[1].png','.png','image/png',396484,20971520,'1',NULL,NULL,NULL,NULL,'327365894550458368',NULL,'2026-06-22 08:35:11'),('327367429971906560','000000',NULL,NULL,'test','private','000001','minio','private-assets','test/1782117676996_icon-512x512.png','icon-512x512.png','icon-512x512.png','.png','image/png',140523,20971520,'1',NULL,NULL,NULL,NULL,'327367429577641984',NULL,'2026-06-22 08:41:17'),('327367574968995840','000000',NULL,NULL,'test','public','000001','minio','public-assets','test/1782117711674_icon-512x512.png','icon-512x512.png','icon-512x512.png','.png','image/png',140523,20971520,'1',NULL,NULL,NULL,NULL,'327367574755086336','https://s3.minion.xlcig.cn/public-assets/test/1782117711674_icon-512x512.png','2026-06-22 08:41:52'),('328371822397624320','000000',NULL,NULL,'download-center','public','000001','minio','public-assets','download-center/1782357142210_OneDrive_入门.pdf','OneDrive 入门.pdf','OneDrive_入门.pdf','.pdf','application/pdf',1247350,20971520,'1',NULL,NULL,NULL,NULL,'328371822036914176','https://s3.minion.xlcig.cn/public-assets/download-center/1782357142210_OneDrive_入门.pdf','2026-06-25 03:12:24'),('328371907730739200','000000',NULL,NULL,'download-center','public','000001','minio','public-assets','download-center/1782357162853_Document.docx','Document.docx','Document.docx','.docx','application/vnd.openxmlformats-officedocument.wordprocessingml.document',881540,20971520,'1',NULL,NULL,NULL,NULL,'328371907353251840','https://s3.minion.xlcig.cn/public-assets/download-center/1782357162853_Document.docx','2026-06-25 03:12:45'),('328372133539483648','000000',NULL,NULL,'download-center','public','000001','minio','public-assets','download-center/1782357217177_system-user-template.xlsx','system-user-template.xlsx','system-user-template.xlsx','.xlsx','application/vnd.openxmlformats-officedocument.spreadsheetml.sheet',6637,20971520,'1',NULL,NULL,NULL,NULL,'328372133178773504','https://s3.minion.xlcig.cn/public-assets/download-center/1782357217177_system-user-template.xlsx','2026-06-25 03:13:39');
/*!40000 ALTER TABLE `sys_upload_audit` ENABLE KEYS */;
UNLOCK TABLES;

--
-- Table structure for table `sys_user`
--

DROP TABLE IF EXISTS `sys_user`;
/*!40101 SET @saved_cs_client     = @@character_set_client */;
/*!50503 SET character_set_client = utf8mb4 */;
CREATE TABLE `sys_user` (
  `user_id` varchar(32) NOT NULL COMMENT '用户ID',
  `tenant_id` varchar(32) NOT NULL COMMENT '租户ID',
  `username` varchar(50) NOT NULL COMMENT '登录账号',
  `password` varchar(100) CHARACTER SET utf8mb4 COLLATE utf8mb4_0900_ai_ci NOT NULL COMMENT 'MD5密码',
  `nickname` varchar(50) NOT NULL COMMENT '用户昵称',
  `real_name` varchar(50) DEFAULT NULL COMMENT '真实姓名',
  `avatar` varchar(500) DEFAULT NULL COMMENT '头像地址',
  `gender` char(1) NOT NULL DEFAULT '2' COMMENT '性别：0男 1女 2未知',
  `email` varchar(100) DEFAULT NULL COMMENT '邮箱',
  `phone` varchar(30) DEFAULT NULL COMMENT '手机号',
  `dept_id` varchar(32) DEFAULT NULL COMMENT '部门ID',
  `is_admin` char(1) NOT NULL DEFAULT '0' COMMENT '是否管理员：0否 1是',
  `status` char(1) NOT NULL DEFAULT '0' COMMENT '状态：0正常 1停用',
  `last_login_ip` varchar(45) DEFAULT NULL COMMENT '最后登录IP',
  `last_login_time` datetime DEFAULT NULL COMMENT '最后登录时间',
  `password_update_time` datetime DEFAULT NULL COMMENT '密码更新时间',
  `remark` varchar(500) DEFAULT NULL COMMENT '备注',
  `deleted` tinyint NOT NULL DEFAULT '0' COMMENT '逻辑删除：0未删除 1已删除',
  `create_by` varchar(32) DEFAULT NULL COMMENT '创建人ID',
  `update_by` varchar(32) DEFAULT NULL COMMENT '更新人ID',
  `create_time` datetime NOT NULL DEFAULT CURRENT_TIMESTAMP COMMENT '创建时间',
  `update_time` datetime DEFAULT CURRENT_TIMESTAMP ON UPDATE CURRENT_TIMESTAMP COMMENT '更新时间',
  PRIMARY KEY (`user_id`),
  UNIQUE KEY `uk_user_tenant_username` (`tenant_id`,`username`),
  KEY `idx_user_tenant` (`tenant_id`),
  KEY `idx_user_phone` (`phone`),
  KEY `idx_user_email` (`email`),
  KEY `idx_user_dept` (`dept_id`)
) ENGINE=InnoDB DEFAULT CHARSET=utf8mb4 COLLATE=utf8mb4_0900_ai_ci COMMENT='系统用户表';
/*!40101 SET character_set_client = @saved_cs_client */;

--
-- Dumping data for table `sys_user`
--

LOCK TABLES `sys_user` WRITE;
/*!40000 ALTER TABLE `sys_user` DISABLE KEYS */;
INSERT INTO `sys_user` VALUES ('000001','000000','superadmin','e10adc3949ba59abbe56e057f20f883e','超级管理员','暴龙神','https://s3.minion.xlcig.cn/public-assets/avatar/1782117005845_icon-192x192.png','0','18569795073@163.com','15866669999','000001','1','0',NULL,NULL,NULL,NULL,0,NULL,NULL,'2026-06-11 00:58:56','2026-06-22 08:30:06'),('100001','100000','admin','e10adc3949ba59abbe56e057f20f883e','租户管理员','租户管理员',NULL,'2',NULL,NULL,'100001','1','0',NULL,NULL,NULL,'默认租户管理员',0,NULL,NULL,'2026-06-11 00:58:56','2026-06-11 03:12:44'),('100002','100000','user','e10adc3949ba59abbe56e057f20f883e','普通用户',NULL,NULL,'2',NULL,NULL,NULL,'0','0',NULL,NULL,NULL,'默认租户普通用户',0,NULL,NULL,'2026-06-11 00:58:56','2026-06-11 07:47:37'),('323300735171301376','000000','usera','e10adc3949ba59abbe56e057f20f883e','用户A',NULL,NULL,'2',NULL,NULL,'323381860459745280','0','0',NULL,NULL,NULL,NULL,0,NULL,NULL,'2026-06-11 03:21:41','2026-06-12 08:19:50'),('323367925727760384','100000','user2','e10adc3949ba59abbe56e057f20f883e','用户2',NULL,NULL,'2',NULL,NULL,NULL,'1','0',NULL,NULL,NULL,NULL,0,NULL,NULL,'2026-06-11 07:48:41','2026-06-11 07:48:41'),('323736538880020480','000000','testUser2','e10adc3949ba59abbe56e057f20f883e','c测试用户',NULL,NULL,'2',NULL,NULL,'323719748447768576','1','0',NULL,NULL,NULL,'test',0,NULL,NULL,'2026-06-12 08:13:26','2026-06-12 08:16:31'),('327268172644356096','000000','globalSearch','e10adc3949ba59abbe56e057f20f883e','测试全局搜索','暴龙神',NULL,'0','18569795075@163.com','18569795075','325536911462633472','0','0',NULL,NULL,NULL,NULL,0,NULL,NULL,'2026-06-22 02:06:54','2026-06-22 02:06:54'),('327707622562205699','327707622562205696','admin','e10adc3949ba59abbe56e057f20f883e','租户管理员','租户管理员',NULL,'2',NULL,NULL,'327707622562205697','1','0',NULL,NULL,NULL,'租户默认管理员',0,NULL,NULL,'2026-06-23 07:13:06','2026-06-23 07:13:06'),('327712656561672192','000000','abc123','e10adc3949ba59abbe56e057f20f883e','ccc',NULL,NULL,'2',NULL,NULL,NULL,'0','0',NULL,NULL,NULL,NULL,0,NULL,NULL,'2026-06-23 07:33:06','2026-06-23 07:33:06'),('327713420797415424','000000','admin123','21232f297a57a5a743894a0e4a801fc3','ddd',NULL,NULL,'2',NULL,NULL,'325536879892107264','0','0',NULL,NULL,NULL,NULL,0,NULL,NULL,'2026-06-23 07:36:08','2026-06-23 07:36:08'),('327722727416926211','327722727416926208','admin','21218cca77804d2ba1922c33e0151105','租户管理员','租户管理员',NULL,'2',NULL,NULL,'327722727416926209','1','0',NULL,NULL,NULL,'租户默认管理员',0,NULL,NULL,'2026-06-23 08:13:07','2026-06-23 08:13:07'),('328367322727321600','000000','test123','e10adc3949ba59abbe56e057f20f883e','气象测试账号',NULL,NULL,'2',NULL,NULL,NULL,'0','0',NULL,NULL,NULL,NULL,0,NULL,NULL,'2026-06-25 02:54:32','2026-06-25 02:54:32'),('328373289850376195','328373289850376192','admin','e10adc3949ba59abbe56e057f20f883e','租户管理员','租户管理员',NULL,'2',NULL,NULL,'328373289850376193','1','0',NULL,NULL,NULL,'租户默认管理员',0,NULL,NULL,'2026-06-25 03:18:15','2026-06-25 03:18:15');
/*!40000 ALTER TABLE `sys_user` ENABLE KEYS */;
UNLOCK TABLES;

--
-- Table structure for table `sys_user_role`
--

DROP TABLE IF EXISTS `sys_user_role`;
/*!40101 SET @saved_cs_client     = @@character_set_client */;
/*!50503 SET character_set_client = utf8mb4 */;
CREATE TABLE `sys_user_role` (
  `user_id` varchar(32) NOT NULL COMMENT '用户ID',
  `role_id` varchar(32) NOT NULL COMMENT '角色ID',
  PRIMARY KEY (`user_id`,`role_id`)
) ENGINE=InnoDB DEFAULT CHARSET=utf8mb4 COLLATE=utf8mb4_0900_ai_ci COMMENT='用户角色关联表';
/*!40101 SET character_set_client = @saved_cs_client */;

--
-- Dumping data for table `sys_user_role`
--

LOCK TABLES `sys_user_role` WRITE;
/*!40000 ALTER TABLE `sys_user_role` DISABLE KEYS */;
INSERT INTO `sys_user_role` VALUES ('000001','000001'),('000001','323304627162451968'),('000001','323642966914764800'),('100001','100001'),('323300735171301376','323642966914764800'),('327268172644356096','323642966914764800'),('327707622562205699','327707622562205698'),('327712656561672192','323300594838278144'),('327713420797415424','323300594838278144'),('327713420797415424','323304627162451968'),('327713420797415424','323642966914764800'),('327722727416926211','327722727416926210'),('328367322727321600','328366891737419776'),('328373289850376195','328373289850376194');
/*!40000 ALTER TABLE `sys_user_role` ENABLE KEYS */;
UNLOCK TABLES;

--
-- Table structure for table `sys_webhook`
--

DROP TABLE IF EXISTS `sys_webhook`;
/*!40101 SET @saved_cs_client     = @@character_set_client */;
/*!50503 SET character_set_client = utf8mb4 */;
CREATE TABLE `sys_webhook` (
  `webhook_id` varchar(32) NOT NULL,
  `tenant_id` varchar(32) NOT NULL,
  `name` varchar(100) NOT NULL COMMENT 'Webhook 名称',
  `url` varchar(500) NOT NULL COMMENT '回调 URL',
  `events` json DEFAULT NULL COMMENT '订阅事件列表',
  `secret` varchar(64) NOT NULL COMMENT 'HMAC 签名密钥',
  `status` char(1) DEFAULT '0' COMMENT '0正常 1停用',
  `created_at` datetime NOT NULL DEFAULT CURRENT_TIMESTAMP,
  `updated_at` datetime DEFAULT CURRENT_TIMESTAMP ON UPDATE CURRENT_TIMESTAMP,
  PRIMARY KEY (`webhook_id`),
  KEY `idx_tenant` (`tenant_id`)
) ENGINE=InnoDB DEFAULT CHARSET=utf8mb4 COLLATE=utf8mb4_0900_ai_ci COMMENT='Webhook 订阅表';
/*!40101 SET character_set_client = @saved_cs_client */;

--
-- Dumping data for table `sys_webhook`
--

LOCK TABLES `sys_webhook` WRITE;
/*!40000 ALTER TABLE `sys_webhook` DISABLE KEYS */;
/*!40000 ALTER TABLE `sys_webhook` ENABLE KEYS */;
UNLOCK TABLES;

--
-- Dumping events for database 'kox'
--

--
-- Dumping routines for database 'kox'
--
/*!40103 SET TIME_ZONE=@OLD_TIME_ZONE */;

/*!40101 SET SQL_MODE=@OLD_SQL_MODE */;
/*!40014 SET FOREIGN_KEY_CHECKS=@OLD_FOREIGN_KEY_CHECKS */;
/*!40014 SET UNIQUE_CHECKS=@OLD_UNIQUE_CHECKS */;
/*!40101 SET CHARACTER_SET_CLIENT=@OLD_CHARACTER_SET_CLIENT */;
/*!40101 SET CHARACTER_SET_RESULTS=@OLD_CHARACTER_SET_RESULTS */;
/*!40101 SET COLLATION_CONNECTION=@OLD_COLLATION_CONNECTION */;
/*!40111 SET SQL_NOTES=@OLD_SQL_NOTES */;

-- Dump completed on 2026-07-10  8:42:32
